DATE,SPY
2000-01-03,91.13274383544922
2000-01-04,87.5688705444336
2000-01-05,87.72559356689453
2000-01-06,86.31566619873047
2000-01-07,91.32856750488281
2000-01-10,91.64187622070312
2000-01-11,90.54527282714844
2000-01-12,89.64448547363281
2000-01-13,90.8586196899414
2000-01-14,92.09223175048828
2000-01-18,91.36772918701172
2000-01-19,92.11184692382812
2000-01-20,90.70194244384766
2000-01-21,90.50608825683594
2000-01-24,87.94096374511719
2000-01-25,88.93962097167969
2000-01-26,88.23466491699219
2000-01-27,87.88219451904297
2000-01-28,85.14078521728516
2000-01-31,87.451416015625
2000-02-01,88.31301879882812
2000-02-02,88.391357421875
2000-02-03,89.72286224365234
2000-02-04,89.35079193115234
2000-02-07,89.21372985839844
2000-02-08,90.42781066894531
2000-02-09,88.5284194946289
2000-02-10,88.70463562011719
2000-02-11,86.9030990600586
2000-02-14,87.41224670410156
2000-02-15,88.401123046875
2000-02-16,87.09896087646484
2000-02-17,86.6485595703125
2000-02-18,84.78828430175781
2000-02-22,84.57291412353516
2000-02-23,85.57157897949219
2000-02-24,83.84839630126953
2000-02-25,83.54486846923828
2000-02-28,85.29745483398438
2000-02-29,86.119873046875
2000-03-01,86.74651336669922
2000-03-02,86.80522155761719
2000-03-03,88.43046569824219
2000-03-06,87.5688705444336
2000-03-07,85.87509155273438
2000-03-08,85.76741027832031
2000-03-09,88.27387237548828
2000-03-10,87.80386352539062
2000-03-13,86.84436798095703
2000-03-14,85.6107177734375
2000-03-15,87.60804748535156
2000-03-16,91.70063018798828
2000-03-17,92.30668640136719
2000-03-20,91.8355484008789
2000-03-21,93.72013092041016
2000-03-22,94.28944396972656
2000-03-23,95.89921569824219
2000-03-24,96.4684829711914
2000-03-27,95.44770050048828
2000-03-28,94.89799499511719
2000-03-29,94.9961929321289
2000-03-30,93.40605163574219
2000-03-31,94.46610260009766
2000-04-03,95.01583862304688
2000-04-04,94.30909729003906
2000-04-05,93.72013092041016
2000-04-06,94.53483581542969
2000-04-07,95.13357543945312
2000-04-10,94.76057434082031
2000-04-11,94.48577117919922
2000-04-12,91.89442443847656
2000-04-13,90.61836242675781
2000-04-14,85.43569946289062
2000-04-17,88.41966247558594
2000-04-18,90.75578308105469
2000-04-19,89.91160583496094
2000-04-20,90.34355163574219
2000-04-24,89.36199951171875
2000-04-25,93.07228088378906
2000-04-26,92.02198028564453
2000-04-27,91.71772766113281
2000-04-28,91.14842224121094
2000-05-01,92.38526153564453
2000-05-02,90.53984069824219
2000-05-03,88.41966247558594
2000-05-04,89.08710479736328
2000-05-05,90.16686248779297
2000-05-08,89.4896011352539
2000-05-09,88.77301788330078
2000-05-10,86.77059173583984
2000-05-11,88.75344848632812
2000-05-12,89.71533203125
2000-05-15,91.2662353515625
2000-05-16,92.14964294433594
2000-05-17,91.18769073486328
2000-05-18,90.0687026977539
2000-05-19,88.65522003173828
2000-05-22,87.9877700805664
2000-05-23,86.69212341308594
2000-05-24,88.10553741455078
2000-05-25,86.59394836425781
2000-05-26,86.69212341308594
2000-05-30,89.51899719238281
2000-05-31,89.71533203125
2000-06-01,91.28587341308594
2000-06-02,92.87596893310547
2000-06-05,92.4244384765625
2000-06-06,92.01220703125
2000-06-07,92.65023040771484
2000-06-08,92.28700256347656
2000-06-09,92.09072875976562
2000-06-12,91.01101684570312
2000-06-13,92.71893310546875
2000-06-14,92.87596893310547
2000-06-15,93.07228088378906
2000-06-16,92.30754852294922
2000-06-19,93.4881820678711
2000-06-20,93.15365600585938
2000-06-21,93.11434173583984
2000-06-22,91.69754028320312
2000-06-23,90.91043853759766
2000-06-26,92.0812759399414
2000-06-27,91.40238189697266
2000-06-28,91.65815734863281
2000-06-29,90.79234313964844
2000-06-30,91.48111724853516
2000-07-03,92.74049377441406
2000-07-05,91.06784057617188
2000-07-06,91.77627563476562
2000-07-07,93.25212097167969
2000-07-10,93.09463500976562
2000-07-11,93.29141998291016
2000-07-12,93.9014663696289
2000-07-13,94.31463623046875
2000-07-14,95.23954010009766
2000-07-17,95.0821304321289
2000-07-18,94.30477905273438
2000-07-19,93.54724884033203
2000-07-20,94.84597778320312
2000-07-21,92.99629211425781
2000-07-24,92.46498107910156
2000-07-25,92.76018524169922
2000-07-26,91.8549575805664
2000-07-27,91.54010772705078
2000-07-28,89.47396087646484
2000-07-31,90.04467010498047
2000-08-01,90.59562683105469
2000-08-02,91.04817962646484
2000-08-03,91.67789459228516
2000-08-04,92.1697769165039
2000-08-07,93.27175903320312
2000-08-08,93.6259536743164
2000-08-09,92.83883666992188
2000-08-10,92.3862533569336
2000-08-11,92.81915283203125
2000-08-14,93.99979400634766
2000-08-15,93.92112731933594
2000-08-16,93.58658599853516
2000-08-17,94.57048034667969
2000-08-18,94.255615234375
2000-08-21,94.7672119140625
2000-08-22,94.60978698730469
2000-08-23,94.9836654663086
2000-08-24,95.27887725830078
2000-08-25,95.23954010009766
2000-08-28,95.56422424316406
2000-08-29,95.5838623046875
2000-08-30,94.66886901855469
2000-08-31,95.92826080322266
2000-09-01,96.02661895751953
2000-09-05,95.25918579101562
2000-09-06,94.1769027709961
2000-09-07,94.9836654663086
2000-09-08,94.3343734741211
2000-09-11,94.1965560913086
2000-09-12,93.50788116455078
2000-09-13,93.75385284423828
2000-09-14,94.2260971069336
2000-09-15,92.16464233398438
2000-09-18,91.31635284423828
2000-09-19,92.1449203491211
2000-09-20,91.46430969238281
2000-09-21,90.07355499267578
2000-09-22,91.7109375
2000-09-25,91.05989074707031
2000-09-26,89.8960189819336
2000-09-27,90.36949157714844
2000-09-28,91.53340148925781
2000-09-29,90.66539001464844
2000-10-02,90.80347442626953
2000-10-03,89.95520782470703
2000-10-04,90.70486450195312
2000-10-05,91.02045440673828
2000-10-06,89.04780578613281
2000-10-09,88.37706756591797
2000-10-10,86.91727447509766
2000-10-11,86.1873779296875
2000-10-12,84.03713989257812
2000-10-13,86.83834838867188
2000-10-16,87.2328872680664
2000-10-17,85.06291961669922
2000-10-18,84.74729919433594
2000-10-19,87.94308471679688
2000-10-20,88.31788635253906
2000-10-23,88.71244049072266
2000-10-24,88.12060546875
2000-10-25,86.04928588867188
2000-10-26,86.28596496582031
2000-10-27,87.92332458496094
2000-10-30,88.71244049072266
2000-10-31,90.2412338256836
2000-11-01,89.93546295166016
2000-11-02,90.08344268798828
2000-11-03,90.13277435302734
2000-11-06,90.76402282714844
2000-11-07,90.74432373046875
2000-11-08,88.73213958740234
2000-11-09,88.39677429199219
2000-11-10,86.24655151367188
2000-11-13,85.57584381103516
2000-11-14,87.82467651367188
2000-11-15,88.10086822509766
2000-11-16,86.719970703125
2000-11-17,86.25639343261719
2000-11-20,85.02346801757812
2000-11-21,85.45743560791016
2000-11-22,83.41568756103516
2000-11-24,85.1220703125
2000-11-27,85.87174224853516
2000-11-28,84.39220428466797
2000-11-29,84.2343978881836
2000-11-30,83.5044937133789
2000-12-01,83.46504974365234
2000-12-04,84.17517852783203
2000-12-05,86.93698120117188
2000-12-06,85.54618072509766
2000-12-07,84.37248229980469
2000-12-08,84.56974792480469
2000-12-11,87.50906372070312
2000-12-12,87.13426208496094
2000-12-13,85.9407958984375
2000-12-14,84.8459243774414
2000-12-15,82.92951202392578
2000-12-18,84.03764343261719
2000-12-19,82.3260269165039
2000-12-20,79.9416275024414
2000-12-21,80.49564361572266
2000-12-22,82.90975189208984
2000-12-26,83.8001937866211
2000-12-27,84.41358184814453
2000-12-28,84.6708755493164
2000-12-29,83.06800842285156
2001-01-02,81.564208984375
2001-01-03,85.48213195800781
2001-01-04,84.5620346069336
2001-01-05,81.80160522460938
2001-01-08,82.43485260009766
2001-01-09,82.21719360351562
2001-01-10,83.66168212890625
2001-01-11,83.74079895019531
2001-01-12,83.58251953125
2001-01-16,84.11680603027344
2001-01-17,84.50265502929688
2001-01-18,85.3436050415039
2001-01-19,84.85881805419922
2001-01-22,85.42272186279297
2001-01-23,86.09552001953125
2001-01-24,86.3527603149414
2001-01-25,86.1351318359375
2001-01-26,86.03617858886719
2001-01-29,86.49525451660156
2001-01-30,87.25509643554688
2001-01-31,86.76123046875
2001-02-01,87.33740997314453
2001-02-02,85.35550689697266
2001-02-05,85.98233032226562
2001-02-06,85.72909545898438
2001-02-07,85.28580474853516
2001-02-08,84.29169464111328
2001-02-09,83.48123168945312
2001-02-12,84.4373779296875
2001-02-13,83.74714660644531
2001-02-14,83.62052917480469
2001-02-15,84.43101501464844
2001-02-16,82.56940460205078
2001-02-20,81.29666900634766
2001-02-21,79.54269409179688
2001-02-22,79.66305541992188
2001-02-23,79.12477111816406
2001-02-26,80.8091049194336
2001-02-27,80.0619125366211
2001-02-28,78.48527526855469
2001-03-01,78.89681243896484
2001-03-02,78.26996612548828
2001-03-05,78.98546600341797
2001-03-06,79.8339614868164
2001-03-07,80.40386199951172
2001-03-08,80.4925537109375
2001-03-09,78.11164855957031
2001-03-12,74.76834106445312
2001-03-13,75.99677276611328
2001-03-14,74.49610137939453
2001-03-15,74.51508331298828
2001-03-16,73.02051544189453
2001-03-19,74.50618743896484
2001-03-20,72.50625610351562
2001-03-21,71.2745361328125
2001-03-22,70.55073547363281
2001-03-23,72.68401336669922
2001-03-26,73.61097717285156
2001-03-27,75.11567687988281
2001-03-28,73.03956604003906
2001-03-29,73.31890869140625
2001-03-30,74.08715057373047
2001-04-02,72.50625610351562
2001-04-03,70.08726501464844
2001-04-04,70.37931823730469
2001-04-05,73.04592895507812
2001-04-06,71.93482208251953
2001-04-09,72.73480224609375
2001-04-10,74.0617904663086
2001-04-11,74.11258697509766
2001-04-12,75.45855712890625
2001-04-16,74.66495513916016
2001-04-17,75.71886444091797
2001-04-18,78.72834014892578
2001-04-19,79.77595520019531
2001-04-20,79.04574584960938
2001-04-23,77.61087799072266
2001-04-24,77.19186401367188
2001-04-25,78.20132446289062
2001-04-26,78.5505599975586
2001-04-27,79.85845184326172
2001-04-30,80.41716003417969
2001-05-01,80.66482543945312
2001-05-02,80.51873779296875
2001-05-03,79.4965591430664
2001-05-04,80.84890747070312
2001-05-07,80.15049743652344
2001-05-08,80.11239624023438
2001-05-09,79.77595520019531
2001-05-10,80.01083374023438
2001-05-11,79.45845794677734
2001-05-14,79.61720275878906
2001-05-15,79.98542022705078
2001-05-16,81.87110137939453
2001-05-17,81.99808502197266
2001-05-18,82.3726806640625
2001-05-21,83.58531951904297
2001-05-22,83.47742462158203
2001-05-23,82.06156921386719
2001-05-24,82.30282592773438
2001-05-25,81.33143615722656
2001-05-29,80.68383026123047
2001-05-30,79.55371856689453
2001-05-31,79.96640014648438
2001-06-01,80.46160125732422
2001-06-04,80.84890747070312
2001-06-05,81.77587127685547
2001-06-06,81.09652709960938
2001-06-07,81.38859558105469
2001-06-08,80.63307189941406
2001-06-11,80.0616226196289
2001-06-12,79.92193603515625
2001-06-13,79.23623657226562
2001-06-14,77.45851135253906
2001-06-15,77.5832748413086
2001-06-18,77.20762634277344
2001-06-19,77.54508209228516
2001-06-20,77.9526138305664
2001-06-21,78.8376235961914
2001-06-22,78.21998596191406
2001-06-25,77.50056457519531
2001-06-26,77.3922348022461
2001-06-27,77.34771728515625
2001-06-28,77.77428436279297
2001-06-29,78.06085205078125
2001-07-02,79.03502655029297
2001-07-03,79.01592254638672
2001-07-05,77.47503662109375
2001-07-06,75.80050659179688
2001-07-09,76.21438598632812
2001-07-10,75.2974853515625
2001-07-11,75.37390899658203
2001-07-12,77.16305541992188
2001-07-13,77.83161926269531
2001-07-16,76.85745239257812
2001-07-17,77.57691192626953
2001-07-18,77.04844665527344
2001-07-19,77.7234115600586
2001-07-20,77.25857543945312
2001-07-23,75.73684692382812
2001-07-24,75.0046157836914
2001-07-25,75.83234405517578
2001-07-26,76.62823486328125
2001-07-27,76.921142578125
2001-07-30,76.94661712646484
2001-07-31,77.26495361328125
2001-08-01,77.74884796142578
2001-08-02,78.06721496582031
2001-08-03,77.6406478881836
2001-08-06,76.59640502929688
2001-08-07,76.89564514160156
2001-08-08,75.4693603515625
2001-08-09,75.69225311279297
2001-08-10,75.95330810546875
2001-08-13,75.972412109375
2001-08-14,75.94058227539062
2001-08-15,75.28478240966797
2001-08-16,75.54585266113281
2001-08-17,74.33606719970703
2001-08-20,75.023681640625
2001-08-21,73.74394226074219
2001-08-22,74.50801849365234
2001-08-23,74.24058532714844
2001-08-24,75.78140258789062
2001-08-27,75.32933044433594
2001-08-28,74.22786712646484
2001-08-29,73.56566619873047
2001-08-30,72.15213775634766
2001-08-31,72.68063354492188
2001-09-04,72.21583557128906
2001-09-05,72.39408874511719
2001-09-06,70.528564453125
2001-09-07,69.22325897216797
2001-09-10,70.07013702392578
2001-09-17,66.40898132324219
2001-09-18,66.24983978271484
2001-09-19,64.91275024414062
2001-09-20,62.849822998046875
2001-09-21,62.17169952392578
2001-09-24,64.35742950439453
2001-09-25,65.02848815917969
2001-09-26,64.79839324951172
2001-09-27,65.3608169555664
2001-09-28,66.74769592285156
2001-10-01,66.63903045654297
2001-10-02,67.47626495361328
2001-10-03,68.60747528076172
2001-10-04,68.6650161743164
2001-10-05,68.53079223632812
2001-10-08,68.08338928222656
2001-10-09,67.71910858154297
2001-10-10,69.2273941040039
2001-10-11,70.3010482788086
2001-10-12,69.98151397705078
2001-10-15,69.85372924804688
2001-10-16,70.2947006225586
2001-10-17,68.79917907714844
2001-10-18,68.65220642089844
2001-10-19,68.60747528076172
2001-10-22,69.96235656738281
2001-10-23,69.60446166992188
2001-10-24,69.41912078857422
2001-10-25,70.66535186767578
2001-10-26,70.50557708740234
2001-10-29,68.67134094238281
2001-10-30,67.846923828125
2001-10-31,67.61685943603516
2001-11-01,69.34880065917969
2001-11-02,69.8217544555664
2001-11-05,70.73565673828125
2001-11-06,71.83489227294922
2001-11-07,71.73905181884766
2001-11-08,71.96271514892578
2001-11-09,72.03939819335938
2001-11-12,71.59846496582031
2001-11-13,73.20896911621094
2001-11-14,73.27928924560547
2001-11-15,73.41349029541016
2001-11-16,73.0875473022461
2001-11-19,73.98868560791016
2001-11-20,73.36874389648438
2001-11-21,72.88304138183594
2001-11-23,73.9311752319336
2001-11-26,74.09092712402344
2001-11-27,73.77137756347656
2001-11-28,72.43563842773438
2001-11-29,73.41349029541016
2001-11-30,72.88945770263672
2001-12-03,72.4548568725586
2001-12-04,73.681884765625
2001-12-05,75.03047180175781
2001-12-06,74.99210357666016
2001-12-07,74.49356842041016
2001-12-10,73.10030364990234
2001-12-11,72.95333862304688
2001-12-12,73.03643035888672
2001-12-13,71.61762237548828
2001-12-14,72.30146026611328
2001-12-17,73.04923248291016
2001-12-18,73.48381042480469
2001-12-19,74.0014877319336
2001-12-20,73.27289581298828
2001-12-21,73.71730041503906
2001-12-24,73.57621002197266
2001-12-26,73.98023986816406
2001-12-27,74.42918395996094
2001-12-28,74.39066314697266
2001-12-31,73.30049896240234
2002-01-02,74.08927154541016
2002-01-03,74.92935943603516
2002-01-04,75.42960357666016
2002-01-07,74.89732360839844
2002-01-08,74.72415161132812
2002-01-09,74.11494445800781
2002-01-10,74.44198608398438
2002-01-11,73.71088409423828
2002-01-14,73.2491455078125
2002-01-15,73.8455810546875
2002-01-16,72.3513412475586
2002-01-17,72.89646911621094
2002-01-18,72.56298828125
2002-01-22,72.06279754638672
2002-01-23,72.61424255371094
2002-01-24,72.83873748779297
2002-01-25,72.81948852539062
2002-01-28,73.0182876586914
2002-01-29,70.72245025634766
2002-01-30,71.74211120605469
2002-01-31,72.58222198486328
2002-02-01,72.24234008789062
2002-02-04,70.44668579101562
2002-02-05,70.01058959960938
2002-02-06,69.70917510986328
2002-02-07,69.27310180664062
2002-02-08,70.6006088256836
2002-02-11,71.46636199951172
2002-02-12,71.24190521240234
2002-02-13,71.99861145019531
2002-02-14,71.86396789550781
2002-02-15,71.11363220214844
2002-02-19,69.7476806640625
2002-02-20,70.9212417602539
2002-02-21,69.45269775390625
2002-02-22,70.31201934814453
2002-02-25,71.47273254394531
2002-02-26,71.32524108886719
2002-02-27,71.60100555419922
2002-02-28,71.2803726196289
2002-03-01,72.94132232666016
2002-03-04,74.23037719726562
2002-03-05,73.99308013916016
2002-03-06,74.87162017822266
2002-03-07,74.71131134033203
2002-03-08,75.02555847167969
2002-03-11,75.1858901977539
2002-03-12,75.14102172851562
2002-03-13,74.41632080078125
2002-03-14,74.31371307373047
2002-03-15,75.02183532714844
2002-03-18,75.03466033935547
2002-03-19,75.53630065917969
2002-03-20,74.11499786376953
2002-03-21,74.14713287353516
2002-03-22,73.98637390136719
2002-03-25,73.06669616699219
2002-03-26,73.49114227294922
2002-03-27,73.68406677246094
2002-03-28,73.65193176269531
2002-04-01,73.68406677246094
2002-04-02,73.27894592285156
2002-04-03,72.76438903808594
2002-04-04,72.462158203125
2002-04-05,72.4749755859375
2002-04-08,72.62931823730469
2002-04-09,72.12127685546875
2002-04-10,72.93806457519531
2002-04-11,71.12442779541016
2002-04-12,71.65821838378906
2002-04-15,71.1115493774414
2002-04-16,72.80297088623047
2002-04-17,72.64862823486328
2002-04-18,72.33348083496094
2002-04-19,72.59717559814453
2002-04-22,71.38810729980469
2002-04-23,71.07938385009766
2002-04-24,70.36551666259766
2002-04-25,70.40409851074219
2002-04-26,69.06639862060547
2002-04-29,68.72552490234375
2002-04-30,69.3686294555664
2002-05-01,70.21759796142578
2002-05-02,69.94750213623047
2002-05-03,69.18859100341797
2002-05-06,67.8315200805664
2002-05-07,67.5936050415039
2002-05-08,70.10824584960938
2002-05-09,69.29792785644531
2002-05-10,67.99235534667969
2002-05-13,69.37507629394531
2002-05-14,70.88644409179688
2002-05-15,70.60991668701172
2002-05-16,70.97648620605469
2002-05-17,71.3237533569336
2002-05-20,70.55201721191406
2002-05-21,69.90888214111328
2002-05-22,70.06321716308594
2002-05-23,70.80927276611328
2002-05-24,69.90247344970703
2002-05-28,69.5229721069336
2002-05-29,69.00849151611328
2002-05-30,68.81555938720703
2002-05-31,68.95702362060547
2002-06-03,67.12411499023438
2002-06-04,67.29132843017578
2002-06-05,67.92158508300781
2002-06-06,66.53885650634766
2002-06-07,66.46167755126953
2002-06-10,66.71891784667969
2002-06-11,65.57411193847656
2002-06-12,65.97286987304688
2002-06-13,65.31047821044922
2002-06-14,65.21398162841797
2002-06-17,66.96333312988281
2002-06-18,67.50997924804688
2002-06-19,65.93428039550781
2002-06-20,65.09178161621094
2002-06-21,64.07402801513672
2002-06-24,64.40960693359375
2002-06-25,62.963958740234375
2002-06-26,63.067237854003906
2002-06-27,64.17081451416016
2002-06-28,63.867488861083984
2002-07-01,62.62187957763672
2002-07-02,61.292396545410156
2002-07-03,61.64091491699219
2002-07-05,64.09336853027344
2002-07-08,63.293060302734375
2002-07-09,61.699012756347656
2002-07-10,59.453033447265625
2002-07-11,59.937095642089844
2002-07-12,59.27881622314453
2002-07-15,59.59501266479492
2002-07-16,58.446250915527344
2002-07-17,58.56242752075195
2002-07-18,56.66497802734375
2002-07-19,54.67073440551758
2002-07-22,53.050804138183594
2002-07-23,51.59867477416992
2002-07-24,54.67720031738281
2002-07-25,54.21250915527344
2002-07-26,55.24510192871094
2002-07-29,57.936370849609375
2002-07-30,58.69151306152344
2002-07-31,58.83351516723633
2002-08-01,57.29743957519531
2002-08-02,56.01313781738281
2002-08-05,54.06406784057617
2002-08-06,55.88406753540039
2002-08-07,56.858577728271484
2002-08-08,58.697933197021484
2002-08-09,58.91740036010742
2002-08-12,58.484962463378906
2002-08-13,57.420082092285156
2002-08-14,59.517578125
2002-08-15,60.34370422363281
2002-08-16,60.16297149658203
2002-08-19,61.56989288330078
2002-08-20,60.918087005615234
2002-08-21,61.7957878112793
2002-08-22,62.396018981933594
2002-08-23,61.05360794067383
2002-08-26,61.47956085205078
2002-08-27,60.7696418762207
2002-08-28,59.44014358520508
2002-08-29,59.4659423828125
2002-08-30,59.233604431152344
2002-09-03,56.974761962890625
2002-09-04,57.78794860839844
2002-09-05,57.29743957519531
2002-09-06,58.08479690551758
2002-09-09,58.510780334472656
2002-09-10,59.18194580078125
2002-09-11,58.81407165527344
2002-09-12,57.729862213134766
2002-09-13,57.87184143066406
2002-09-16,58.01383590698242
2002-09-17,56.68437194824219
2002-09-18,56.11635971069336
2002-09-19,54.664249420166016
2002-09-20,54.68241882324219
2002-09-23,54.23512268066406
2002-09-24,53.35991287231445
2002-09-25,54.68241882324219
2002-09-26,55.577056884765625
2002-09-27,53.645172119140625
2002-09-30,53.02284240722656
2002-10-01,55.57057571411133
2002-10-02,53.90448760986328
2002-10-03,53.35991287231445
2002-10-04,52.381019592285156
2002-10-07,51.29841232299805
2002-10-08,52.10225296020508
2002-10-09,50.630680084228516
2002-10-10,52.270835876464844
2002-10-11,54.559242248535156
2002-10-14,54.86396789550781
2002-10-15,57.50242614746094
2002-10-16,56.108646392822266
2002-10-17,57.22370147705078
2002-10-18,57.46353530883789
2002-10-21,58.455413818359375
2002-10-22,58.03400802612305
2002-10-23,58.47488021850586
2002-10-24,57.282012939453125
2002-10-25,58.47488021850586
2002-10-28,58.092369079589844
2002-10-29,57.418155670166016
2002-10-30,57.97572708129883
2002-10-31,57.38577651977539
2002-11-01,58.520263671875
2002-11-04,59.07777404785156
2002-11-05,59.54454040527344
2002-11-06,60.31596755981445
2002-11-07,58.837894439697266
2002-11-08,58.118309020996094
2002-11-11,57.217201232910156
2002-11-12,57.67100143432617
2002-11-13,57.729373931884766
2002-11-14,58.818450927734375
2002-11-15,59.25278854370117
2002-11-18,58.65640640258789
2002-11-19,58.57858657836914
2002-11-20,59.88163757324219
2002-11-21,60.99669647216797
2002-11-22,60.56235122680664
2002-11-25,60.60122299194336
2002-11-26,59.44729232788086
2002-11-27,61.11988067626953
2002-11-29,60.925376892089844
2002-12-02,61.02259063720703
2002-12-03,60.205753326416016
2002-12-04,59.93351364135742
2002-12-05,59.27227020263672
2002-12-06,59.66123962402344
2002-12-09,58.021080017089844
2002-12-10,58.79899215698242
2002-12-11,58.85089111328125
2002-12-12,58.84437561035156
2002-12-13,57.91731262207031
2002-12-16,59.41486740112305
2002-12-17,58.896263122558594
2002-12-18,58.21555709838867
2002-12-19,57.8006477355957
2002-12-20,58.62541580200195
2002-12-23,58.64496612548828
2002-12-24,58.20846939086914
2002-12-26,58.23453140258789
2002-12-27,56.925086975097656
2002-12-30,57.40066909790039
2002-12-31,57.47880172729492
2003-01-02,59.329002380371094
2003-01-03,59.511390686035156
2003-01-06,60.56026077270508
2003-01-07,60.41045379638672
2003-01-08,59.5374641418457
2003-01-09,60.462547302246094
2003-01-10,60.62539291381836
2003-01-13,60.605873107910156
2003-01-14,60.80132293701172
2003-01-15,60.195465087890625
2003-01-16,59.947879791259766
2003-01-17,59.061866760253906
2003-01-21,58.14331817626953
2003-01-22,57.43975830078125
2003-01-23,57.791526794433594
2003-01-24,56.27362060546875
2003-01-27,55.504878997802734
2003-01-28,55.91532516479492
2003-01-29,56.338775634765625
2003-01-30,55.00326156616211
2003-01-31,56.06514358520508
2003-02-03,56.17588424682617
2003-02-04,55.62215042114258
2003-02-05,55.2768440246582
2003-02-06,55.016319274902344
2003-02-07,54.34527587890625
2003-02-10,54.72963333129883
2003-02-11,54.3517951965332
2003-02-12,53.485328674316406
2003-02-13,53.648193359375
2003-02-14,54.820838928222656
2003-02-18,55.785003662109375
2003-02-19,55.49187088012695
2003-02-20,54.93809127807617
2003-02-21,55.49187088012695
2003-02-24,54.59283447265625
2003-02-25,55.029300689697266
2003-02-26,54.22801208496094
2003-02-27,54.944610595703125
2003-02-28,55.3094482421875
2003-03-03,54.781776428222656
2003-03-04,53.908809661865234
2003-03-05,54.364810943603516
2003-03-06,53.908809661865234
2003-03-07,54.28013610839844
2003-03-10,52.97718811035156
2003-03-11,52.456058502197266
2003-03-12,52.807796478271484
2003-03-13,54.63190460205078
2003-03-14,54.80780792236328
2003-03-17,56.534217834472656
2003-03-18,56.86643981933594
2003-03-19,57.30292892456055
2003-03-20,57.42671585083008
2003-03-21,58.65248107910156
2003-03-24,56.703277587890625
2003-03-25,57.24620819091797
2003-03-26,56.95836639404297
2003-03-27,57.00416564941406
2003-03-28,56.716365814208984
2003-03-31,55.42779541015625
2003-04-01,56.27811813354492
2003-04-02,57.63862609863281
2003-04-03,57.36391830444336
2003-04-04,57.70405197143555
2003-04-07,57.59286880493164
2003-04-08,57.6844367980957
2003-04-09,56.925662994384766
2003-04-10,57.2396125793457
2003-04-11,57.00416564941406
2003-04-14,58.181541442871094
2003-04-15,58.72445297241211
2003-04-16,57.72364807128906
2003-04-17,58.58051681518555
2003-04-21,58.63941192626953
2003-04-22,59.744808197021484
2003-04-23,60.294288635253906
2003-04-24,59.75788116455078
2003-04-25,59.01880645751953
2003-04-28,60.0391845703125
2003-04-29,60.24848175048828
2003-04-30,60.117637634277344
2003-05-01,60.11113739013672
2003-05-02,60.967960357666016
2003-05-05,60.8502197265625
2003-05-06,61.42584991455078
2003-05-07,61.08572006225586
2003-05-08,60.47087860107422
2003-05-09,61.30810546875
2003-05-12,62.06031036376953
2003-05-13,61.949119567871094
2003-05-14,61.81828308105469
2003-05-15,62.210723876953125
2003-05-16,62.05374526977539
2003-05-19,60.601688385009766
2003-05-20,60.477420806884766
2003-05-21,60.601688385009766
2003-05-22,61.203453063964844
2003-05-23,61.327701568603516
2003-05-27,62.40040969848633
2003-05-28,62.57703399658203
2003-05-29,62.41350555419922
2003-05-30,63.41426467895508
2003-06-02,63.675899505615234
2003-06-03,63.93754196166992
2003-06-04,64.85981750488281
2003-06-05,65.18034362792969
2003-06-06,64.92523193359375
2003-06-09,64.26459503173828
2003-06-10,64.91869354248047
2003-06-11,65.60549926757812
2003-06-12,65.80824279785156
2003-06-13,65.12144470214844
2003-06-16,66.49504852294922
2003-06-17,66.49504852294922
2003-06-18,66.43618774414062
2003-06-19,65.42231750488281
2003-06-20,65.2779312133789
2003-06-23,64.60832977294922
2003-06-24,64.6739501953125
2003-06-25,64.02405548095703
2003-06-26,64.85778045654297
2003-06-27,64.10942840576172
2003-06-30,64.08971405029297
2003-07-01,64.68052673339844
2003-07-02,65.49456787109375
2003-07-03,64.81841278076172
2003-07-07,66.10506439208984
2003-07-08,66.40045166015625
2003-07-09,66.02629852294922
2003-07-10,65.18598175048828
2003-07-11,65.80307006835938
2003-07-14,66.12474060058594
2003-07-15,65.98031616210938
2003-07-16,65.59303283691406
2003-07-17,64.6608657836914
2003-07-18,65.3238754272461
2003-07-21,64.51644897460938
2003-07-22,65.10066223144531
2003-07-23,65.14663696289062
2003-07-24,64.65425872802734
2003-07-25,65.79651641845703
2003-07-28,65.55364227294922
2003-07-29,65.25164031982422
2003-07-30,65.09412384033203
2003-07-31,65.24507141113281
2003-08-01,64.66741943359375
2003-08-04,64.66741943359375
2003-08-05,63.29542922973633
2003-08-06,63.66305160522461
2003-08-07,64.33262634277344
2003-08-08,64.51644897460938
2003-08-11,64.7593002319336
2003-08-12,65.35014343261719
2003-08-13,65.01535034179688
2003-08-14,65.19259643554688
2003-08-15,65.39607238769531
2003-08-18,65.96063232421875
2003-08-19,66.2101058959961
2003-08-20,65.9409408569336
2003-08-21,66.15100860595703
2003-08-22,65.49456787109375
2003-08-25,65.59959411621094
2003-08-26,65.7177505493164
2003-08-27,65.73746490478516
2003-08-28,66.14442443847656
2003-08-29,66.5908432006836
2003-09-02,67.4836196899414
2003-09-03,67.85122680664062
2003-09-04,67.88404846191406
2003-09-05,67.50330352783203
2003-09-08,68.06129455566406
2003-09-09,67.61493682861328
2003-09-10,66.93218231201172
2003-09-11,67.12913513183594
2003-09-12,67.25386047363281
2003-09-15,67.01754760742188
2003-09-16,67.99568176269531
2003-09-17,67.86434173583984
2003-09-18,68.66523742675781
2003-09-19,68.31597137451172
2003-09-22,67.57791137695312
2003-09-23,67.83491516113281
2003-09-24,66.62899780273438
2003-09-25,66.08203887939453
2003-09-26,65.86459350585938
2003-09-29,66.51038360595703
2003-09-30,65.86459350585938
2003-10-01,67.26821899414062
2003-10-02,67.51203918457031
2003-10-03,68.13145446777344
2003-10-06,68.44120025634766
2003-10-07,68.70478057861328
2003-10-08,68.53341674804688
2003-10-09,68.71794128417969
2003-10-10,68.90902709960938
2003-10-13,69.12654113769531
2003-10-14,69.37030792236328
2003-10-15,69.18584442138672
2003-10-16,69.46263122558594
2003-10-17,68.70478057861328
2003-10-20,69.2187728881836
2003-10-21,69.10015869140625
2003-10-22,68.23033142089844
2003-10-23,68.10509490966797
2003-10-24,68.25669860839844
2003-10-27,68.28962707519531
2003-10-28,69.2187728881836
2003-10-29,69.31101989746094
2003-10-30,69.45601654052734
2003-10-31,69.3901138305664
2003-11-03,69.84478759765625
2003-11-04,69.69322967529297
2003-11-05,69.7459487915039
2003-11-06,70.1150131225586
2003-11-07,69.59439086914062
2003-11-10,69.31101989746094
2003-11-11,69.291259765625
2003-11-12,70.06885528564453
2003-11-13,70.08859252929688
2003-11-14,69.49552917480469
2003-11-17,69.14630889892578
2003-11-18,68.42798614501953
2003-11-19,69.0079345703125
2003-11-20,68.388427734375
2003-11-21,68.67182922363281
2003-11-24,69.5811996459961
2003-11-25,69.84478759765625
2003-11-26,70.09520721435547
2003-11-28,70.14795684814453
2003-12-01,70.90572357177734
2003-12-02,70.7278060913086
2003-12-03,70.61580657958984
2003-12-04,70.90572357177734
2003-12-05,70.41154479980469
2003-12-08,70.8860092163086
2003-12-09,70.33901977539062
2003-12-10,70.33247375488281
2003-12-11,71.12321472167969
2003-12-12,71.26160430908203
2003-12-15,70.90572357177734
2003-12-16,71.2748031616211
2003-12-17,71.49882507324219
2003-12-18,72.30279541015625
2003-12-19,72.10148620605469
2003-12-22,72.60467529296875
2003-12-23,72.65103912353516
2003-12-24,72.57820129394531
2003-12-26,72.63116455078125
2003-12-29,73.59781646728516
2003-12-30,73.61103820800781
2003-12-31,73.67725372314453
2004-01-02,73.64417266845703
2004-01-05,74.44529724121094
2004-01-06,74.51814270019531
2004-01-07,74.76969146728516
2004-01-08,75.06768035888672
2004-01-09,74.4122085571289
2004-01-12,74.96173095703125
2004-01-13,74.52477264404297
2004-01-14,75.14710998535156
2004-01-15,75.33248901367188
2004-01-16,75.63042449951172
2004-01-20,75.61054992675781
2004-01-21,76.20645141601562
2004-01-22,76.00782012939453
2004-01-23,75.76285552978516
2004-01-26,76.71627044677734
2004-01-27,75.92840576171875
2004-01-28,75.06104278564453
2004-01-29,75.13385009765625
2004-01-30,75.13385009765625
2004-02-02,75.45828247070312
2004-02-03,75.33248901367188
2004-02-04,74.71676635742188
2004-02-05,74.93521881103516
2004-02-06,75.77609252929688
2004-02-09,75.79592895507812
2004-02-10,76.04093170166016
2004-02-11,76.84868621826172
2004-02-12,76.57058715820312
2004-02-13,76.226318359375
2004-02-17,76.91487884521484
2004-02-18,76.57720184326172
2004-02-19,76.29251098632812
2004-02-20,76.0607681274414
2004-02-23,75.8687515258789
2004-02-24,75.73638916015625
2004-02-25,76.05414581298828
2004-02-26,76.1004867553711
2004-02-27,76.15348815917969
2004-03-01,76.90825653076172
2004-03-02,76.4580307006836
2004-03-03,76.59708404541016
2004-03-04,76.7956771850586
2004-03-05,77.05396270751953
2004-03-08,76.11373901367188
2004-03-09,75.8091812133789
2004-03-10,74.53799438476562
2004-03-11,73.57130432128906
2004-03-12,74.53799438476562
2004-03-15,73.62430572509766
2004-03-16,74.0149154663086
2004-03-17,74.84256744384766
2004-03-18,74.86239624023438
2004-03-19,73.78938293457031
2004-03-22,72.85256958007812
2004-03-23,72.72635650634766
2004-03-24,72.7861328125
2004-03-25,73.74952697753906
2004-03-26,73.76946258544922
2004-03-29,74.8059310913086
2004-03-30,75.05843353271484
2004-03-31,75.14478302001953
2004-04-01,75.5965576171875
2004-04-02,76.16796875
2004-04-05,76.58656311035156
2004-04-06,76.34074401855469
2004-04-07,76.16134643554688
2004-04-08,75.98856353759766
2004-04-12,76.28755950927734
2004-04-13,75.21788787841797
2004-04-14,75.33744049072266
2004-04-15,75.0517578125
2004-04-16,75.62979888916016
2004-04-19,75.62979888916016
2004-04-20,74.36077880859375
2004-04-21,74.85906982421875
2004-04-22,75.90888977050781
2004-04-23,75.98194122314453
2004-04-26,75.87562561035156
2004-04-27,75.94208526611328
2004-04-28,74.95877838134766
2004-04-29,74.30098724365234
2004-04-30,73.72296905517578
2004-05-03,74.51360321044922
2004-05-04,74.45380401611328
2004-05-05,74.93216705322266
2004-05-06,74.28768920898438
2004-05-07,73.05852508544922
2004-05-10,72.3077621459961
2004-05-11,72.91903686523438
2004-05-12,73.38407135009766
2004-05-13,73.07847595214844
2004-05-14,73.1116714477539
2004-05-17,72.48717498779297
2004-05-18,72.85256958007812
2004-05-19,72.60009765625
2004-05-20,72.83267974853516
2004-05-21,72.9588623046875
2004-05-24,73.26447296142578
2004-05-25,74.31427764892578
2004-05-26,74.57334899902344
2004-05-27,74.99195861816406
2004-05-28,74.98529052734375
2004-06-01,74.88568115234375
2004-06-02,75.16471862792969
2004-06-03,74.47372436523438
2004-06-04,75.06504821777344
2004-06-07,76.20784759521484
2004-06-08,76.31415557861328
2004-06-09,75.60321807861328
2004-06-10,75.97530364990234
2004-06-14,75.22451782226562
2004-06-15,75.75601196289062
2004-06-16,75.74276733398438
2004-06-17,75.62979888916016
2004-06-18,75.77250671386719
2004-06-21,75.48575592041016
2004-06-22,75.8658676147461
2004-06-23,76.51935577392578
2004-06-24,76.2793197631836
2004-06-25,75.91254425048828
2004-06-28,75.65247344970703
2004-06-29,75.96588897705078
2004-06-30,76.3726577758789
2004-07-01,75.31239318847656
2004-07-02,75.27238464355469
2004-07-06,74.6122055053711
2004-07-07,74.83226776123047
2004-07-08,74.3121566772461
2004-07-09,74.50552368164062
2004-07-12,74.5388412475586
2004-07-13,74.59219360351562
2004-07-14,74.36548614501953
2004-07-15,73.88538360595703
2004-07-16,73.82537078857422
2004-07-19,73.5119400024414
2004-07-20,74.445556640625
2004-07-21,73.07183837890625
2004-07-22,73.27186584472656
2004-07-23,72.65840911865234
2004-07-26,72.5183334350586
2004-07-27,73.19853973388672
2004-07-28,73.41859436035156
2004-07-29,73.73197937011719
2004-07-30,73.91204833984375
2004-08-02,74.06542205810547
2004-08-03,73.49190521240234
2004-08-04,73.48526000976562
2004-08-05,72.28494262695312
2004-08-06,71.25137329101562
2004-08-09,71.35140228271484
2004-08-10,72.27162170410156
2004-08-11,72.12491607666016
2004-08-12,71.33807373046875
2004-08-13,71.47807312011719
2004-08-16,72.21826171875
2004-08-17,72.62504577636719
2004-08-18,73.37191772460938
2004-08-19,73.15853118896484
2004-08-20,73.67195129394531
2004-08-23,73.48526000976562
2004-08-24,73.5853042602539
2004-08-25,74.08541107177734
2004-08-26,74.08541107177734
2004-08-27,74.31877899169922
2004-08-30,73.705322265625
2004-08-31,74.09210205078125
2004-09-01,74.23213195800781
2004-09-02,75.07234191894531
2004-09-03,74.76558685302734
2004-09-07,75.25902557373047
2004-09-08,75.07234191894531
2004-09-09,75.00563049316406
2004-09-10,75.39238739013672
2004-09-13,75.63915252685547
2004-09-14,75.7925033569336
2004-09-15,75.21903991699219
2004-09-16,75.44573974609375
2004-09-17,75.7664794921875
2004-09-20,75.31119537353516
2004-09-21,75.6392593383789
2004-09-22,74.69513702392578
2004-09-23,74.2933578491211
2004-09-24,74.63488006591797
2004-09-27,74.159423828125
2004-09-28,74.51429748535156
2004-09-29,74.8893051147461
2004-09-30,74.8357162475586
2004-10-01,76.10132598876953
2004-10-04,76.22853088378906
2004-10-05,76.26872253417969
2004-10-06,76.79097747802734
2004-10-07,75.96739959716797
2004-10-08,75.33797454833984
2004-10-11,75.64599609375
2004-10-12,75.35131072998047
2004-10-13,74.68843078613281
2004-10-14,74.08576202392578
2004-10-15,74.5009536743164
2004-10-18,74.78216552734375
2004-10-19,74.1527328491211
2004-10-20,74.00540924072266
2004-10-21,74.48755645751953
2004-10-22,73.65055084228516
2004-10-25,73.5634994506836
2004-10-26,74.68843078613281
2004-10-27,75.58570098876953
2004-10-28,75.81336975097656
2004-10-29,75.79998016357422
2004-11-01,76.007568359375
2004-11-02,76.03433227539062
2004-11-03,76.99189758300781
2004-11-04,78.04320526123047
2004-11-05,78.53199005126953
2004-11-08,78.41815185546875
2004-11-09,78.26416778564453
2004-11-10,78.32442474365234
2004-11-11,78.9203872680664
2004-11-12,79.5430908203125
2004-11-15,79.73856353759766
2004-11-16,79.16769409179688
2004-11-17,79.6377944946289
2004-11-18,79.74526977539062
2004-11-19,78.8587646484375
2004-11-22,79.23484802246094
2004-11-23,79.35574340820312
2004-11-24,79.5438003540039
2004-11-26,79.48330688476562
2004-11-29,79.12066650390625
2004-11-30,79.17440032958984
2004-12-01,80.07430267333984
2004-12-02,80.14151000976562
2004-12-03,80.08771514892578
2004-12-06,80.0609130859375
2004-12-07,79.31543731689453
2004-12-08,79.77883911132812
2004-12-09,80.0609130859375
2004-12-10,80.14151000976562
2004-12-13,80.83995056152344
2004-12-14,81.12203216552734
2004-12-15,81.1824722290039
2004-12-16,81.13548278808594
2004-12-17,80.59428405761719
2004-12-20,80.61453247070312
2004-12-21,81.2353515625
2004-12-22,81.4310302734375
2004-12-23,81.49173736572266
2004-12-27,81.32307434082031
2004-12-28,81.76837158203125
2004-12-29,81.88984680175781
2004-12-30,81.73463439941406
2004-12-31,81.5592269897461
2005-01-03,81.17462921142578
2005-01-04,80.18267822265625
2005-01-05,79.62937927246094
2005-01-06,80.03421783447266
2005-01-07,79.91957092285156
2005-01-10,80.29740905761719
2005-01-11,79.74410247802734
2005-01-12,80.00724029541016
2005-01-13,79.3662109375
2005-01-14,79.78457641601562
2005-01-18,80.61453247070312
2005-01-19,79.77106475830078
2005-01-20,79.28524017333984
2005-01-21,78.7994155883789
2005-01-24,78.64421844482422
2005-01-25,78.86689758300781
2005-01-26,79.10305786132812
2005-01-27,79.2380142211914
2005-01-28,79.2380142211914
2005-01-31,79.7305908203125
2005-02-01,80.23670959472656
2005-02-02,80.47957611083984
2005-02-03,80.2704086303711
2005-02-04,81.12738037109375
2005-02-07,81.01940155029297
2005-02-08,81.1138687133789
2005-02-09,80.50658416748047
2005-02-10,80.7967300415039
2005-02-11,81.49173736572266
2005-02-14,81.4310302734375
2005-02-15,81.73463439941406
2005-02-16,81.78864288330078
2005-02-17,81.12738037109375
2005-02-18,81.2353515625
2005-02-22,80.0274887084961
2005-02-23,80.60101318359375
2005-02-24,81.13409423828125
2005-02-25,81.93710327148438
2005-02-28,81.39724731445312
2005-03-01,81.80215454101562
2005-03-02,81.76167297363281
2005-03-03,81.79535675048828
2005-03-04,82.81431579589844
2005-03-07,82.8547592163086
2005-03-08,82.54438018798828
2005-03-09,81.62672424316406
2005-03-10,81.8088607788086
2005-03-11,81.2353515625
2005-03-14,81.74137878417969
2005-03-15,81.06660461425781
2005-03-16,80.37838745117188
2005-03-17,80.54033660888672
2005-03-18,80.30120086669922
2005-03-21,80.00312805175781
2005-03-22,79.19022369384766
2005-03-23,79.25794219970703
2005-03-24,79.35279846191406
2005-03-28,79.46792602539062
2005-03-29,78.93955993652344
2005-03-30,80.05731964111328
2005-03-31,79.9083023071289
2005-04-01,79.54923248291016
2005-04-04,79.68472290039062
2005-04-05,80.06409454345703
2005-04-06,80.34185028076172
2005-04-07,80.77539825439453
2005-04-08,79.93537139892578
2005-04-11,79.99636840820312
2005-04-12,80.40959167480469
2005-04-13,79.461181640625
2005-04-14,78.42472076416016
2005-04-15,77.32732391357422
2005-04-18,77.56441497802734
2005-04-19,78.18087005615234
2005-04-20,77.09021759033203
2005-04-21,78.58731079101562
2005-04-22,78.28926086425781
2005-04-25,78.80410766601562
2005-04-26,78.03858947753906
2005-04-27,78.34346771240234
2005-04-28,77.36116790771484
2005-04-29,78.41118621826172
2005-05-02,78.85151672363281
2005-05-03,78.98699951171875
2005-05-04,79.59669494628906
2005-05-05,79.56957244873047
2005-05-06,79.31890869140625
2005-05-09,79.8134536743164
2005-05-10,78.98699951171875
2005-05-11,79.4205551147461
2005-05-12,78.54666900634766
2005-05-13,78.39085388183594
2005-05-16,79.12247467041016
2005-05-17,79.65084075927734
2005-05-18,80.47053527832031
2005-05-19,80.80924987792969
2005-05-20,80.69410705566406
2005-05-23,81.14118194580078
2005-05-24,80.95149230957031
2005-05-25,80.89057159423828
2005-05-26,81.32408905029297
2005-05-27,81.4596176147461
2005-05-31,80.9379653930664
2005-06-01,81.6289291381836
2005-06-02,81.80508422851562
2005-06-03,81.39183044433594
2005-06-06,81.31731414794922
2005-06-07,81.3782958984375
2005-06-08,81.2292709350586
2005-06-09,81.6153793334961
2005-06-10,81.42572021484375
2005-06-13,81.68314361572266
2005-06-14,81.8728256225586
2005-06-15,82.02859497070312
2005-06-16,82.2386245727539
2005-06-17,82.54331970214844
2005-06-20,82.57054138183594
2005-06-21,82.61815643310547
2005-06-22,82.6861343383789
2005-06-23,81.5230941772461
2005-06-24,80.92453002929688
2005-06-27,81.04017639160156
2005-06-28,81.72032928466797
2005-06-29,81.502685546875
2005-06-30,81.06056213378906
2005-07-01,81.29861450195312
2005-07-05,81.9515609741211
2005-07-06,81.26463317871094
2005-07-07,81.58430480957031
2005-07-08,82.51612091064453
2005-07-11,82.93781280517578
2005-07-12,83.15544128417969
2005-07-13,83.27110290527344
2005-07-14,83.5975341796875
2005-07-15,83.54994201660156
2005-07-18,83.21662139892578
2005-07-19,83.67236328125
2005-07-20,83.9580307006836
2005-07-21,83.46832275390625
2005-07-22,84.02605438232422
2005-07-25,83.7879638671875
2005-07-26,83.89002990722656
2005-07-27,84.19609069824219
2005-07-28,84.72660827636719
2005-07-29,84.16210174560547
2005-08-01,84.10083770751953
2005-08-02,84.60417175292969
2005-08-03,84.82865142822266
2005-08-04,84.14849090576172
2005-08-05,83.57716369628906
2005-08-08,83.4206771850586
2005-08-09,83.92402648925781
2005-08-10,83.88321685791016
2005-08-11,84.21649169921875
2005-08-12,83.69956970214844
2005-08-15,84.21649169921875
2005-08-16,83.12142944335938
2005-08-17,83.11465454101562
2005-08-18,83.10784912109375
2005-08-19,83.29827117919922
2005-08-22,83.29827117919922
2005-08-23,83.14186096191406
2005-08-24,82.40050506591797
2005-08-25,82.69976043701172
2005-08-26,82.13525390625
2005-08-29,82.76775360107422
2005-08-30,82.33244323730469
2005-08-31,83.37308502197266
2005-09-01,83.31187438964844
2005-09-02,83.1622543334961
2005-09-06,84.13485717773438
2005-09-07,84.27770233154297
2005-09-08,83.99883270263672
2005-09-09,84.74702453613281
2005-09-12,84.57697296142578
2005-09-13,84.10765075683594
2005-09-14,83.80157470703125
2005-09-15,83.76079559326172
2005-09-16,84.35639953613281
2005-09-19,84.07635498046875
2005-09-20,83.36600494384766
2005-09-21,82.58731079101562
2005-09-22,82.88102722167969
2005-09-23,82.94932556152344
2005-09-26,83.04493713378906
2005-09-27,83.02447509765625
2005-09-28,83.10643005371094
2005-09-29,83.78264617919922
2005-09-30,84.04217529296875
2005-10-03,83.74163818359375
2005-10-04,82.79906463623047
2005-10-05,81.71302032470703
2005-10-06,81.4193115234375
2005-10-07,81.6993637084961
2005-10-10,81.00946807861328
2005-10-11,80.89334106445312
2005-10-12,80.25810241699219
2005-10-13,80.21031951904297
2005-10-14,81.05731201171875
2005-10-17,81.35784912109375
2005-10-18,80.4767074584961
2005-10-19,81.8154525756836
2005-10-20,80.37422180175781
2005-10-21,80.68843078613281
2005-10-24,81.93843078613281
2005-10-25,81.77449035644531
2005-10-26,81.53546905517578
2005-10-27,80.66796875
2005-10-28,81.82913208007812
2005-10-31,82.05457305908203
2005-11-01,82.30043029785156
2005-11-02,83.16109466552734
2005-11-03,83.51627349853516
2005-11-04,83.40696716308594
2005-11-07,83.48894500732422
2005-11-08,83.48894500732422
2005-11-09,83.59821319580078
2005-11-10,84.2470932006836
2005-11-11,84.53402709960938
2005-11-14,84.48621368408203
2005-11-15,84.17886352539062
2005-11-16,84.34955596923828
2005-11-17,85.13504791259766
2005-11-18,85.46978759765625
2005-11-21,85.90007019042969
2005-11-22,86.26895904541016
2005-11-23,86.7675552368164
2005-11-25,86.83585357666016
2005-11-28,86.22112274169922
2005-11-29,86.12553405761719
2005-11-30,85.66101837158203
2005-12-01,86.53533935546875
2005-12-02,86.64461517333984
2005-12-05,86.46019744873047
2005-12-06,86.62413024902344
2005-12-07,86.11866760253906
2005-12-08,86.06404876708984
2005-12-09,86.28944396972656
2005-12-12,86.37138366699219
2005-12-13,86.9588394165039
2005-12-14,87.30030822753906
2005-12-15,87.04761505126953
2005-12-16,86.7674331665039
2005-12-19,86.32113647460938
2005-12-20,86.40351867675781
2005-12-21,86.54086303710938
2005-12-22,86.99406433105469
2005-12-23,87.0420913696289
2005-12-27,86.1563491821289
2005-12-28,86.34858703613281
2005-12-29,85.96407318115234
2005-12-30,85.49712371826172
2006-01-03,87.00090026855469
2006-01-04,87.41293334960938
2006-01-05,87.4678726196289
2006-01-06,88.19575500488281
2006-01-09,88.42232513427734
2006-01-10,88.51158142089844
2006-01-11,88.79310607910156
2006-01-12,88.44290161132812
2006-01-13,88.36051940917969
2006-01-17,88.12019348144531
2006-01-18,87.77000427246094
2006-01-19,88.10643768310547
2006-01-20,86.49968719482422
2006-01-23,86.80865478515625
2006-01-24,86.89794158935547
2006-01-25,86.97347259521484
2006-01-26,87.45410919189453
2006-01-27,88.26441192626953
2006-01-30,88.19575500488281
2006-01-31,87.55023956298828
2006-02-01,88.161376953125
2006-02-02,87.13825225830078
2006-02-03,86.70565795898438
2006-02-06,86.93226623535156
2006-02-07,86.16313934326172
2006-02-08,86.94599914550781
2006-02-09,86.80181121826172
2006-02-10,86.95972442626953
2006-02-13,86.80181121826172
2006-02-14,87.72191619873047
2006-02-15,88.0309066772461
2006-02-16,88.69013977050781
2006-02-17,88.44981384277344
2006-02-21,88.23006439208984
2006-02-22,88.7656478881836
2006-02-23,88.63518524169922
2006-02-24,88.8617935180664
2006-02-27,88.89614868164062
2006-02-28,88.05152130126953
2006-03-01,88.83430480957031
2006-03-02,88.82746124267578
2006-03-03,88.41545867919922
2006-03-06,88.01033782958984
2006-03-07,87.87297821044922
2006-03-08,88.05838775634766
2006-03-09,87.4678726196289
2006-03-10,88.2987060546875
2006-03-13,88.46353149414062
2006-03-14,89.3905258178711
2006-03-15,89.78877258300781
2006-03-16,89.97415924072266
2006-03-17,90.04932403564453
2006-03-20,89.90454864501953
2006-03-21,89.3392333984375
2006-03-22,89.88390350341797
2006-03-23,89.69774627685547
2006-03-24,89.76668548583984
2006-03-27,89.63572692871094
2006-03-28,89.08419036865234
2006-03-29,89.6426010131836
2006-03-30,89.48403930664062
2006-03-31,89.50471496582031
2006-04-03,89.43576049804688
2006-04-04,90.00797271728516
2006-04-05,90.31822967529297
2006-04-06,90.22166442871094
2006-04-07,89.3048095703125
2006-04-10,89.44265747070312
2006-04-11,88.68433380126953
2006-04-12,88.84978485107422
2006-04-13,88.73258972167969
2006-04-17,88.6981201171875
2006-04-18,90.10447692871094
2006-04-19,90.2768325805664
2006-04-20,90.40091705322266
2006-04-21,90.41472625732422
2006-04-24,90.249267578125
2006-04-25,89.87699890136719
2006-04-26,89.89766693115234
2006-04-27,90.33198547363281
2006-04-28,90.63530731201172
2006-05-01,89.89766693115234
2006-05-02,90.57331085205078
2006-05-03,90.2354736328125
2006-05-04,90.5594711303711
2006-05-05,91.35919952392578
2006-05-08,91.24891662597656
2006-05-09,91.42814636230469
2006-05-10,91.3798828125
2006-05-11,90.2768325805664
2006-05-12,89.09798431396484
2006-05-15,89.27719116210938
2006-05-16,89.1462173461914
2006-05-17,87.45030975341797
2006-05-18,87.00908660888672
2006-05-19,87.62266540527344
2006-05-22,86.95392608642578
2006-05-23,86.2921142578125
2006-05-24,86.98147583007812
2006-05-25,88.05697631835938
2006-05-26,88.50508880615234
2006-05-30,86.93326568603516
2006-05-31,87.90531158447266
2006-06-01,88.74635314941406
2006-06-02,88.9325180053711
2006-06-05,87.63643646240234
2006-06-06,87.4227294921875
2006-06-07,86.7677993774414
2006-06-08,86.69197845458984
2006-06-09,86.41619873046875
2006-06-12,85.47863006591797
2006-06-13,84.48590087890625
2006-06-14,85.14082336425781
2006-06-15,86.94703674316406
2006-06-16,86.3134536743164
2006-06-19,85.63484954833984
2006-06-20,85.9256820678711
2006-06-21,86.5627212524414
2006-06-22,86.18187713623047
2006-06-23,86.16804504394531
2006-06-26,86.54887390136719
2006-06-27,85.80104064941406
2006-06-28,86.38268280029297
2006-06-29,88.12767791748047
2006-06-30,88.13462829589844
2006-07-03,88.49467468261719
2006-07-05,87.98917388916016
2006-07-06,88.24536895751953
2006-07-07,87.67063903808594
2006-07-10,87.83684539794922
2006-07-11,88.22462463378906
2006-07-12,87.28286743164062
2006-07-13,85.86335754394531
2006-07-14,85.53096008300781
2006-07-17,85.40636444091797
2006-07-18,85.84258270263672
2006-07-19,87.03360748291016
2006-07-20,86.4380874633789
2006-07-21,85.8287353515625
2006-07-24,87.39366149902344
2006-07-25,87.70526885986328
2006-07-26,87.82300567626953
2006-07-27,87.73989868164062
2006-07-28,88.61934661865234
2006-07-31,88.52928161621094
2006-08-01,88.09305572509766
2006-08-02,88.68850708007812
2006-08-03,88.9239730834961
2006-08-04,88.77162170410156
2006-08-07,88.56389617919922
2006-08-08,88.22462463378906
2006-08-09,87.92687225341797
2006-08-10,88.19693756103516
2006-08-11,87.94761657714844
2006-08-14,88.01688385009766
2006-08-15,89.06939697265625
2006-08-16,89.81033325195312
2006-08-17,90.03881072998047
2006-08-18,90.49581146240234
2006-08-21,90.1080551147461
2006-08-22,90.10112762451172
2006-08-23,89.85185241699219
2006-08-24,89.77569580078125
2006-08-25,89.88648223876953
2006-08-28,90.31576538085938
2006-08-29,90.419677734375
2006-08-30,90.47508239746094
2006-08-31,90.46121215820312
2006-09-01,91.00129699707031
2006-09-05,91.1744384765625
2006-09-06,90.37118530273438
2006-09-07,89.9557113647461
2006-09-08,90.21194458007812
2006-09-11,90.30193328857422
2006-09-12,91.18827056884766
2006-09-13,91.5552749633789
2006-09-14,91.56220245361328
2006-09-15,91.77711486816406
2006-09-18,91.90230560302734
2006-09-19,91.67280578613281
2006-09-20,92.15965270996094
2006-09-21,91.71450805664062
2006-09-22,91.43631744384766
2006-09-25,92.13875579833984
2006-09-26,92.90383911132812
2006-09-27,93.01510620117188
2006-09-28,92.98027801513672
2006-09-29,92.90383911132812
2006-10-02,92.55606079101562
2006-10-03,92.75077056884766
2006-10-04,93.83575439453125
2006-10-05,94.01659393310547
2006-10-06,93.89834594726562
2006-10-09,93.95396423339844
2006-10-10,94.07917022705078
2006-10-11,93.96790313720703
2006-10-12,94.78165435791016
2006-10-13,95.0250473022461
2006-10-16,95.17110443115234
2006-10-17,94.87205505371094
2006-10-18,94.99723815917969
2006-10-19,95.1502456665039
2006-10-20,95.17110443115234
2006-10-23,95.60923767089844
2006-10-24,95.8944091796875
2006-10-25,96.22126770019531
2006-10-26,96.52037048339844
2006-10-27,95.91527557373047
2006-10-30,95.84577178955078
2006-10-31,95.83179473876953
2006-11-01,95.18502807617188
2006-11-02,95.1293716430664
2006-11-03,94.96244049072266
2006-11-06,96.03349304199219
2006-11-07,96.4021224975586
2006-11-08,96.6107406616211
2006-11-09,96.10304260253906
2006-11-10,96.14481353759766
2006-11-13,96.38127136230469
2006-11-14,97.10458374023438
2006-11-15,97.38276672363281
2006-11-16,97.63312530517578
2006-11-17,97.66095733642578
2006-11-20,97.71659851074219
2006-11-21,97.81394958496094
2006-11-22,98.00871276855469
2006-11-24,97.6122817993164
2006-11-27,96.26994323730469
2006-11-28,96.68729400634766
2006-11-29,97.69573211669922
2006-11-30,97.7374496459961
2006-12-01,97.52186584472656
2006-12-04,98.26603698730469
2006-12-05,98.69029998779297
2006-12-06,98.60685729980469
2006-12-07,98.17567443847656
2006-12-08,98.3564682006836
2006-12-11,98.64158630371094
2006-12-12,98.56509399414062
2006-12-13,98.66948699951172
2006-12-14,99.53877258300781
2006-12-15,99.54785919189453
2006-12-18,99.2751235961914
2006-12-19,99.46395874023438
2006-12-20,99.40801239013672
2006-12-21,99.04432678222656
2006-12-22,98.4358901977539
2006-12-26,99.01638793945312
2006-12-27,99.66674041748047
2006-12-28,99.45695495605469
2006-12-29,99.04432678222656
2007-01-03,98.86946105957031
2007-01-04,99.07927703857422
2007-01-05,98.28901672363281
2007-01-08,98.74363708496094
2007-01-09,98.65969848632812
2007-01-10,98.98836517333984
2007-01-11,99.42200469970703
2007-01-12,100.17730712890625
2007-01-16,99.98147583007812
2007-01-17,100.0234603881836
2007-01-18,99.68773651123047
2007-01-19,99.88357543945312
2007-01-22,99.57588195800781
2007-01-23,99.86959075927734
2007-01-24,100.67388916015625
2007-01-25,99.49195861816406
2007-01-26,99.40100860595703
2007-01-29,99.3450698852539
2007-01-30,99.86260986328125
2007-01-31,100.53398895263672
2007-02-01,101.13542175292969
2007-02-02,101.27536010742188
2007-02-05,101.30329132080078
2007-02-06,101.3312759399414
2007-02-07,101.5550537109375
2007-02-08,101.4221420288086
2007-02-09,100.6668472290039
2007-02-12,100.32420349121094
2007-02-13,101.17044067382812
2007-02-14,101.83480834960938
2007-02-15,101.96769714355469
2007-02-16,101.91875457763672
2007-02-20,102.13553619384766
2007-02-21,102.09358215332031
2007-02-22,102.01664733886719
2007-02-23,101.61800384521484
2007-02-26,101.527099609375
2007-02-27,97.56166076660156
2007-02-28,98.5617904663086
2007-03-01,98.26805114746094
2007-03-02,96.98121643066406
2007-03-05,96.05804443359375
2007-03-06,97.70153045654297
2007-03-07,97.60363006591797
2007-03-08,98.42887878417969
2007-03-09,98.45682525634766
2007-03-12,98.60372161865234
2007-03-13,96.6874771118164
2007-03-14,97.40784454345703
2007-03-15,97.54070281982422
2007-03-16,97.2675552368164
2007-03-19,98.44011688232422
2007-03-20,98.9808120727539
2007-03-21,100.60978698730469
2007-03-22,100.53251647949219
2007-03-23,100.67998504638672
2007-03-26,100.54657745361328
2007-03-27,100.30784606933594
2007-03-28,99.57760620117188
2007-03-29,99.68295288085938
2007-03-30,99.70396423339844
2007-04-02,99.81635284423828
2007-04-03,100.89059448242188
2007-04-04,101.0029525756836
2007-04-05,101.27680969238281
2007-04-09,101.41725158691406
2007-04-10,101.53657531738281
2007-04-11,101.122314453125
2007-04-12,101.57170104980469
2007-04-13,102.03512573242188
2007-04-16,103.00403594970703
2007-04-17,103.27788543701172
2007-04-18,103.4042739868164
2007-04-19,103.37621307373047
2007-04-20,104.35213470458984
2007-04-23,103.95899200439453
2007-04-24,104.00106811523438
2007-04-25,104.95603942871094
2007-04-26,105.07535552978516
2007-04-27,104.99107360839844
2007-04-30,104.12042999267578
2007-05-01,104.38729858398438
2007-05-02,104.99813079833984
2007-05-03,105.56684112548828
2007-05-04,105.96708679199219
2007-05-07,105.9881591796875
2007-05-08,105.84774017333984
2007-05-09,106.13562774658203
2007-05-10,105.0262451171875
2007-05-11,105.92495727539062
2007-05-14,105.69322204589844
2007-05-15,105.72132873535156
2007-05-16,106.44457244873047
2007-05-17,106.23397064208984
2007-05-18,107.16075134277344
2007-05-21,107.10458374023438
2007-05-22,107.0202865600586
2007-05-23,107.03434753417969
2007-05-24,106.06537628173828
2007-05-25,106.50775146484375
2007-05-29,106.8938980102539
2007-05-30,107.7645263671875
2007-05-31,107.65223693847656
2007-06-01,108.18584442138672
2007-06-04,108.19992065429688
2007-06-05,107.7715835571289
2007-06-06,106.61307525634766
2007-06-07,104.68920135498047
2007-06-08,106.05130767822266
2007-06-11,106.23397064208984
2007-06-12,105.07535552978516
2007-06-13,106.64817810058594
2007-06-14,107.32923126220703
2007-06-15,107.9399185180664
2007-06-18,107.81298065185547
2007-06-19,108.0809326171875
2007-06-20,106.57892608642578
2007-06-21,107.17127990722656
2007-06-22,106.16292572021484
2007-06-25,105.65523529052734
2007-06-26,104.56919860839844
2007-06-27,106.05707550048828
2007-06-28,106.04302215576172
2007-06-29,106.0782699584961
2007-07-02,107.03729248046875
2007-07-03,107.4251937866211
2007-07-05,107.31230926513672
2007-07-06,107.87646484375
2007-07-09,107.96109008789062
2007-07-10,106.42378997802734
2007-07-11,107.1783447265625
2007-07-12,108.87075805664062
2007-07-13,109.19508361816406
2007-07-16,109.18103790283203
2007-07-17,109.12459564208984
2007-07-18,108.92716979980469
2007-07-19,109.35028076171875
2007-07-20,108.24313354492188
2007-07-23,108.5745849609375
2007-07-24,106.69178009033203
2007-07-25,106.91038513183594
2007-07-26,104.37882995605469
2007-07-27,102.32678985595703
2007-07-30,103.92755889892578
2007-07-31,102.75696563720703
2007-08-01,103.25762939453125
2007-08-02,104.08261108398438
2007-08-03,101.40303802490234
2007-08-06,103.10247802734375
2007-08-07,104.20252227783203
2007-08-08,105.65523529052734
2007-08-09,102.52423095703125
2007-08-10,102.04475402832031
2007-08-13,102.41142272949219
2007-08-14,100.845947265625
2007-08-15,99.4567642211914
2007-08-16,100.2042465209961
2007-08-17,102.04475402832031
2007-08-20,101.995361328125
2007-08-21,102.1998519897461
2007-08-22,103.4126968383789
2007-08-23,103.3210678100586
2007-08-24,104.59745025634766
2007-08-27,103.62429809570312
2007-08-28,101.34656524658203
2007-08-29,103.33518981933594
2007-08-30,103.06016540527344
2007-08-31,104.07559204101562
2007-09-04,105.12629699707031
2007-09-05,104.21665954589844
2007-09-06,104.45639038085938
2007-09-07,103.00377655029297
2007-09-10,102.80626678466797
2007-09-11,104.00506591796875
2007-09-12,104.27302551269531
2007-09-13,105.0064697265625
2007-09-14,104.99938201904297
2007-09-17,104.43519592285156
2007-09-18,107.5097427368164
2007-09-19,108.14439392089844
2007-09-20,107.38285064697266
2007-09-21,107.67263793945312
2007-09-24,107.4742660522461
2007-09-25,107.26170349121094
2007-09-26,107.82848358154297
2007-09-27,108.46614837646484
2007-09-28,108.10482788085938
2007-10-01,109.32343292236328
2007-10-02,109.17466735839844
2007-10-03,108.95507049560547
2007-10-04,109.12506103515625
2007-10-05,110.42169189453125
2007-10-08,109.83360290527344
2007-10-09,110.86798858642578
2007-10-10,110.68379211425781
2007-10-11,110.15237426757812
2007-10-12,110.76177215576172
2007-10-15,109.82642364501953
2007-10-16,108.95507049560547
2007-10-17,109.28804779052734
2007-10-18,108.89122772216797
2007-10-19,106.04305267333984
2007-10-22,106.65941619873047
2007-10-23,107.52384185791016
2007-10-24,107.3254623413086
2007-10-25,107.58050537109375
2007-10-26,108.8416519165039
2007-10-29,109.20296478271484
2007-10-30,108.44491577148438
2007-10-31,109.57146453857422
2007-11-01,107.0065689086914
2007-11-02,107.12706756591797
2007-11-05,106.31229400634766
2007-11-06,107.74346923828125
2007-11-07,104.79607391357422
2007-11-08,104.26467895507812
2007-11-09,102.83348846435547
2007-11-12,101.81318664550781
2007-11-13,104.9165267944336
2007-11-14,104.6259994506836
2007-11-15,103.11688232421875
2007-11-16,103.29398345947266
2007-11-19,101.85572814941406
2007-11-20,102.47923278808594
2007-11-21,100.38201904296875
2007-11-23,102.11790466308594
2007-11-26,99.8648452758789
2007-11-27,101.01258087158203
2007-11-28,104.24342346191406
2007-11-29,104.27879333496094
2007-11-30,105.32743072509766
2007-12-03,104.63312530517578
2007-12-04,103.69786834716797
2007-12-05,105.4337158203125
2007-12-06,106.94287109375
2007-12-07,106.9216079711914
2007-12-10,107.75057220458984
2007-12-11,104.79607391357422
2007-12-12,105.8304672241211
2007-12-13,105.6108627319336
2007-12-14,104.27178955078125
2007-12-17,102.78388214111328
2007-12-18,103.35781860351562
2007-12-19,103.35781860351562
2007-12-20,104.00960540771484
2007-12-21,105.50897216796875
2007-12-24,106.29242706298828
2007-12-26,106.52037048339844
2007-12-27,105.18128204345703
2007-12-28,104.9177474975586
2007-12-31,104.14141082763672
2008-01-02,103.22965240478516
2008-01-03,103.17982482910156
2008-01-04,100.65126037597656
2008-01-07,100.5657958984375
2008-01-08,98.9417953491211
2008-01-09,99.98170471191406
2008-01-10,100.63699340820312
2008-01-11,99.82504272460938
2008-01-14,100.62989807128906
2008-01-15,98.41473388671875
2008-01-16,97.56710815429688
2008-01-17,95.03852081298828
2008-01-18,94.06273651123047
2008-01-22,93.10828399658203
2008-01-23,95.3448257446289
2008-01-24,96.1496810913086
2008-01-25,94.76074981689453
2008-01-28,96.32776641845703
2008-01-29,96.80498504638672
2008-01-30,96.09271240234375
2008-01-31,97.8448486328125
2008-02-01,99.41901397705078
2008-02-04,98.16546630859375
2008-02-05,95.53711700439453
2008-02-06,94.76789093017578
2008-02-07,95.3946762084961
2008-02-08,94.78211212158203
2008-02-11,95.26647186279297
2008-02-12,96.1496810913086
2008-02-13,97.13265228271484
2008-02-14,96.27786254882812
2008-02-15,96.25655364990234
2008-02-19,96.52717590332031
2008-02-20,96.81210327148438
2008-02-21,96.0072021484375
2008-02-22,96.59839630126953
2008-02-25,97.8164291381836
2008-02-26,98.55005645751953
2008-02-27,98.45030975341797
2008-02-28,97.48877716064453
2008-02-29,95.31634521484375
2008-03-03,95.08841705322266
2008-03-04,94.72512817382812
2008-03-05,95.32342529296875
2008-03-06,93.35047912597656
2008-03-07,92.38886260986328
2008-03-10,91.17090606689453
2008-03-11,94.4473648071289
2008-03-12,93.56415557861328
2008-03-13,93.77069091796875
2008-03-14,92.31766510009766
2008-03-17,91.3846206665039
2008-03-18,95.18099975585938
2008-03-19,92.8233642578125
2008-03-20,94.54273986816406
2008-03-24,96.43241882324219
2008-03-25,96.52548217773438
2008-03-26,95.34442138671875
2008-03-27,95.04376220703125
2008-03-28,94.13473510742188
2008-03-31,94.46399688720703
2008-04-01,97.78527069091797
2008-04-02,97.84972381591797
2008-04-03,98.09308624267578
2008-04-04,97.98574829101562
2008-04-07,98.03579711914062
2008-04-08,97.93561553955078
2008-04-09,97.22697448730469
2008-04-10,97.36296844482422
2008-04-11,95.47323608398438
2008-04-14,95.15113830566406
2008-04-15,95.37305450439453
2008-04-16,97.95708465576172
2008-04-17,98.10029602050781
2008-04-18,99.12382507324219
2008-04-21,99.17395782470703
2008-04-22,98.73725128173828
2008-04-23,98.5798110961914
2008-04-24,99.00931549072266
2008-04-25,99.92554473876953
2008-04-28,99.9469985961914
2008-04-29,99.55332946777344
2008-04-30,98.96631622314453
2008-05-01,101.01354217529297
2008-05-02,101.29273223876953
2008-05-05,100.80596923828125
2008-05-06,101.67923736572266
2008-05-07,99.86822509765625
2008-05-08,99.61061096191406
2008-05-09,99.4244384765625
2008-05-12,100.54110717773438
2008-05-13,100.55540466308594
2008-05-14,100.76301574707031
2008-05-15,102.02281951904297
2008-05-16,102.11588287353516
2008-05-19,102.39505767822266
2008-05-20,101.5647201538086
2008-05-21,99.8467788696289
2008-05-22,99.861083984375
2008-05-23,98.52257537841797
2008-05-27,99.252685546875
2008-05-28,99.71076202392578
2008-05-29,100.21186828613281
2008-05-30,100.46238708496094
2008-06-02,99.4244384765625
2008-06-03,98.84468078613281
2008-06-04,98.79458618164062
2008-06-05,100.7701644897461
2008-06-06,97.55620574951172
2008-06-09,97.79241943359375
2008-06-10,97.3056869506836
2008-06-11,95.87410736083984
2008-06-12,96.2391357421875
2008-06-13,97.45603942871094
2008-06-16,97.51324462890625
2008-06-17,97.0408706665039
2008-06-18,96.09600067138672
2008-06-19,96.21770477294922
2008-06-20,94.65592956542969
2008-06-23,94.5623779296875
2008-06-24,94.37532806396484
2008-06-25,94.8213882446289
2008-06-26,92.24600219726562
2008-06-27,91.742431640625
2008-06-30,92.06616973876953
2008-07-01,92.35388946533203
2008-07-02,90.771240234375
2008-07-03,90.86479187011719
2008-07-07,89.93680572509766
2008-07-08,91.5338363647461
2008-07-09,89.7713623046875
2008-07-10,90.13822937011719
2008-07-11,89.08794403076172
2008-07-14,88.28221893310547
2008-07-15,87.03768157958984
2008-07-16,89.17423248291016
2008-07-17,90.0662841796875
2008-07-18,90.62738037109375
2008-07-21,90.67776489257812
2008-07-22,91.70643615722656
2008-07-23,92.20283508300781
2008-07-24,90.28931427001953
2008-07-25,90.2677001953125
2008-07-28,88.94404602050781
2008-07-29,90.84323120117188
2008-07-30,92.46183013916016
2008-07-31,91.23888397216797
2008-08-01,90.75687408447266
2008-08-04,89.91519927978516
2008-08-05,92.33952331542969
2008-08-06,92.74952697753906
2008-08-07,91.36836242675781
2008-08-08,93.06607818603516
2008-08-11,94.03009033203125
2008-08-12,93.05169677734375
2008-08-13,92.49057006835938
2008-08-14,93.18836212158203
2008-08-15,93.64159393310547
2008-08-18,92.361083984375
2008-08-19,91.35395812988281
2008-08-20,91.77838897705078
2008-08-21,91.93669128417969
2008-08-22,93.26751708984375
2008-08-25,91.37554168701172
2008-08-26,91.6417236328125
2008-08-27,92.53376770019531
2008-08-28,93.65595245361328
2008-08-29,92.64881896972656
2008-09-02,92.07332611083984
2008-09-03,91.99420166015625
2008-09-04,89.22460174560547
2008-09-05,89.50520324707031
2008-09-08,91.35395812988281
2008-09-09,88.64187622070312
2008-09-10,89.00161743164062
2008-09-11,90.28931427001953
2008-09-12,90.7065200805664
2008-09-15,86.39022827148438
2008-09-16,87.83621215820312
2008-09-17,83.88681030273438
2008-09-18,86.3758544921875
2008-09-19,89.80616760253906
2008-09-22,87.7730484008789
2008-09-23,85.77603912353516
2008-09-24,86.05097198486328
2008-09-25,87.39677429199219
2008-09-26,87.44020080566406
2008-09-29,80.58824157714844
2008-09-30,83.92375946044922
2008-10-01,83.97441864013672
2008-10-02,80.9283218383789
2008-10-03,79.83572387695312
2008-10-06,75.76943969726562
2008-10-07,72.37601470947266
2008-10-08,70.5527114868164
2008-10-09,65.6253890991211
2008-10-10,64.0335693359375
2008-10-13,73.33108520507812
2008-10-14,72.24581909179688
2008-10-15,65.13337707519531
2008-10-16,67.8466567993164
2008-10-17,67.44147491455078
2008-10-20,71.49327087402344
2008-10-21,69.35884857177734
2008-10-22,65.58194732666016
2008-10-23,66.3416519165039
2008-10-24,62.97721862792969
2008-10-27,60.741451263427734
2008-10-28,67.83942413330078
2008-10-29,67.347412109375
2008-10-30,69.67723083496094
2008-10-31,70.06068420410156
2008-11-03,70.26326751708984
2008-11-04,72.65098571777344
2008-11-05,69.59762573242188
2008-11-06,65.7410888671875
2008-11-07,67.9117660522461
2008-11-10,67.02178192138672
2008-11-11,64.95245361328125
2008-11-12,62.09447479248047
2008-11-13,65.96542358398438
2008-11-14,62.67333221435547
2008-11-17,61.841224670410156
2008-11-18,63.006134033203125
2008-11-19,58.96876525878906
2008-11-20,54.59133529663086
2008-11-21,57.5361442565918
2008-11-24,61.52287673950195
2008-11-25,61.97874069213867
2008-11-26,64.3736343383789
2008-11-28,65.18399047851562
2008-12-01,59.41011428833008
2008-12-02,61.69649887084961
2008-12-03,63.17975997924805
2008-12-04,61.71824264526367
2008-12-05,63.62115478515625
2008-12-08,65.84244537353516
2008-12-09,64.75711822509766
2008-12-10,65.19847869873047
2008-12-11,63.62836456298828
2008-12-12,64.38811492919922
2008-12-15,63.490943908691406
2008-12-16,66.47914123535156
2008-12-17,65.83518981933594
2008-12-18,64.60517883300781
2008-12-19,64.32727813720703
2008-12-22,63.503013610839844
2008-12-23,62.8465461730957
2008-12-24,63.211273193359375
2008-12-26,63.57595443725586
2008-12-29,63.39358901977539
2008-12-30,64.89620208740234
2008-12-31,65.8225326538086
2009-01-02,67.80660247802734
2009-01-05,67.72634887695312
2009-01-06,68.17858123779297
2009-01-07,66.13624572753906
2009-01-08,66.40607452392578
2009-01-09,64.9837417602539
2009-01-12,63.42279052734375
2009-01-13,63.53949737548828
2009-01-14,61.54087448120117
2009-01-15,61.56277084350586
2009-01-16,62.044185638427734
2009-01-20,58.76911926269531
2009-01-21,61.30748748779297
2009-01-22,60.359230041503906
2009-01-23,60.621822357177734
2009-01-26,61.03761291503906
2009-01-27,61.6575927734375
2009-01-28,63.743751525878906
2009-01-29,61.67218780517578
2009-01-30,60.417598724365234
2009-02-02,60.235225677490234
2009-02-03,61.08134460449219
2009-02-04,60.78229904174805
2009-02-05,61.686737060546875
2009-02-06,63.44468307495117
2009-02-09,63.53216552734375
2009-02-10,60.621822357177734
2009-02-11,60.979248046875
2009-02-12,61.02300262451172
2009-02-13,60.366554260253906
2009-02-17,57.78437423706055
2009-02-18,57.64581298828125
2009-02-19,57.02580642700195
2009-02-20,56.4714469909668
2009-02-23,54.45096969604492
2009-02-24,56.51521301269531
2009-02-25,56.07026290893555
2009-02-26,55.15850067138672
2009-02-27,53.92577362060547
2009-03-02,51.4968147277832
2009-03-03,51.11023712158203
2009-03-04,52.321044921875
2009-03-05,50.18388366699219
2009-03-06,50.27139663696289
2009-03-09,49.680564880371094
2009-03-10,52.64198684692383
2009-03-11,52.984832763671875
2009-03-12,55.07096481323242
2009-03-13,55.50132751464844
2009-03-16,55.33354949951172
2009-03-17,57.02580642700195
2009-03-18,58.302268981933594
2009-03-19,57.580142974853516
2009-03-20,56.35405349731445
2009-03-23,60.401893615722656
2009-03-24,59.2117805480957
2009-03-25,59.83623123168945
2009-03-26,61.05571365356445
2009-03-27,59.95376205444336
2009-03-30,57.882083892822266
2009-03-31,58.41836929321289
2009-04-01,59.549720764160156
2009-04-02,61.290802001953125
2009-04-03,61.90058517456055
2009-04-06,61.41570281982422
2009-04-07,59.9831657409668
2009-04-08,60.629638671875
2009-04-09,63.03922653198242
2009-04-13,63.05393600463867
2009-04-14,61.9666748046875
2009-04-15,62.62788009643555
2009-04-16,63.5461540222168
2009-04-17,63.97226333618164
2009-04-20,61.290802001953125
2009-04-21,62.48828125
2009-04-22,62.10624694824219
2009-04-23,62.71595764160156
2009-04-24,63.66367721557617
2009-04-27,63.061283111572266
2009-04-28,62.8629150390625
2009-04-29,64.19994354248047
2009-04-30,64.22203063964844
2009-05-01,64.56731414794922
2009-05-04,66.76387023925781
2009-05-05,66.5361099243164
2009-05-06,67.68950653076172
2009-05-07,66.7491683959961
2009-05-08,68.30661010742188
2009-05-11,67.0283432006836
2009-05-12,66.82996368408203
2009-05-13,65.14769744873047
2009-05-14,65.70597076416016
2009-05-15,65.169677734375
2009-05-18,67.02098083496094
2009-05-19,66.9401626586914
2009-05-20,66.49202728271484
2009-05-21,65.53701782226562
2009-05-22,65.39744567871094
2009-05-26,67.07242584228516
2009-05-27,65.87495422363281
2009-05-28,66.79322814941406
2009-05-29,67.97599029541016
2009-06-01,69.6216049194336
2009-06-02,69.68036651611328
2009-06-03,68.79879760742188
2009-06-04,69.44525909423828
2009-06-05,69.45999145507812
2009-06-08,69.17353820800781
2009-06-09,69.52609252929688
2009-06-10,69.34977722167969
2009-06-11,69.65831756591797
2009-06-12,69.84933471679688
2009-06-15,68.24781799316406
2009-06-16,67.32218933105469
2009-06-17,67.25605010986328
2009-06-18,67.74827575683594
2009-06-19,67.99799346923828
2009-06-22,65.95893859863281
2009-06-23,66.01065063476562
2009-06-24,66.57952117919922
2009-06-25,68.0275650024414
2009-06-26,67.85020446777344
2009-06-29,68.4855728149414
2009-06-30,67.93151092529297
2009-07-01,68.21223449707031
2009-07-02,66.35050201416016
2009-07-06,66.34308624267578
2009-07-07,65.05760955810547
2009-07-08,65.01329040527344
2009-07-09,65.13887023925781
2009-07-10,64.9837417602539
2009-07-13,66.56477355957031
2009-07-14,66.94153594970703
2009-07-15,68.89929962158203
2009-07-16,68.78851318359375
2009-07-17,69.54205322265625
2009-07-20,70.28083038330078
2009-07-21,70.6059341430664
2009-07-22,70.59112548828125
2009-07-23,72.14994812011719
2009-07-24,72.44547271728516
2009-07-27,72.65972137451172
2009-07-28,72.31988525390625
2009-07-29,72.14257049560547
2009-07-30,72.8961410522461
2009-07-31,72.99956512451172
2009-08-03,74.20381927490234
2009-08-04,74.3958969116211
2009-08-05,74.18163299560547
2009-08-06,73.79747772216797
2009-08-07,74.7652587890625
2009-08-10,74.61013793945312
2009-08-11,73.67926788330078
2009-08-12,74.46978759765625
2009-08-13,75.03863525390625
2009-08-14,74.46235656738281
2009-08-17,72.63021087646484
2009-08-18,73.2064437866211
2009-08-19,73.84918212890625
2009-08-20,74.61013793945312
2009-08-21,76.07292175292969
2009-08-24,76.06554412841797
2009-08-25,76.21330261230469
2009-08-26,76.22071075439453
2009-08-27,76.39060974121094
2009-08-28,76.37582397460938
2009-08-31,75.6961898803711
2009-09-01,74.02649688720703
2009-09-02,73.74573516845703
2009-09-03,74.3589859008789
2009-09-04,75.40064239501953
2009-09-08,76.05075073242188
2009-09-09,76.6344223022461
2009-09-10,77.41751098632812
2009-09-11,77.40274047851562
2009-09-14,77.7795181274414
2009-09-15,78.1045913696289
2009-09-16,79.2866439819336
2009-09-17,79.16845703125
2009-09-18,79.21891784667969
2009-09-21,79.01850128173828
2009-09-22,79.47872161865234
2009-09-23,78.81806182861328
2009-09-24,77.94959259033203
2009-09-25,77.53390502929688
2009-09-28,78.92200469970703
2009-09-29,78.6844711303711
2009-09-30,78.38009643554688
2009-10-01,76.4352798461914
2009-10-02,76.0789566040039
2009-10-05,77.21470642089844
2009-10-06,78.32073211669922
2009-10-07,78.5360107421875
2009-10-08,79.13728332519531
2009-10-09,79.61978149414062
2009-10-12,79.93150329589844
2009-10-13,79.76824951171875
2009-10-14,81.14149475097656
2009-10-15,81.43842315673828
2009-10-16,80.8297348022461
2009-10-19,81.49779510498047
2009-10-20,81.06727600097656
2009-10-21,80.33978271484375
2009-10-22,81.15635681152344
2009-10-23,80.22846221923828
2009-10-26,79.3599624633789
2009-10-27,78.9962387084961
2009-10-28,77.50420379638672
2009-10-29,79.16696166992188
2009-10-30,76.87322235107422
2009-11-02,77.4374008178711
2009-11-03,77.68232727050781
2009-11-04,77.88278198242188
2009-11-05,79.31543731689453
2009-11-06,79.52326202392578
2009-11-09,81.33448028564453
2009-11-10,81.34931945800781
2009-11-11,81.76502990722656
2009-11-12,80.93365478515625
2009-11-13,81.37163543701172
2009-11-16,82.5519027709961
2009-11-17,82.64840698242188
2009-11-18,82.59644317626953
2009-11-19,81.52008056640625
2009-11-20,81.23057556152344
2009-11-23,82.26239013671875
2009-11-24,82.38856506347656
2009-11-25,82.67807006835938
2009-11-27,81.33448028564453
2009-11-30,81.6091537475586
2009-12-01,82.61869049072266
2009-12-02,82.5815658569336
2009-12-03,81.93576049804688
2009-12-04,82.40342712402344
2009-12-07,82.27723693847656
2009-12-08,81.36419677734375
2009-12-09,81.66853332519531
2009-12-10,82.1287841796875
2009-12-11,82.4776382446289
2009-12-14,83.04182434082031
2009-12-15,82.65579986572266
2009-12-16,82.78197479248047
2009-12-17,81.78730010986328
2009-12-18,82.25001525878906
2009-12-21,83.08587646484375
2009-12-22,83.38438415527344
2009-12-23,83.54859924316406
2009-12-24,83.94414520263672
2009-12-28,84.12323760986328
2009-12-29,84.00381469726562
2009-12-30,83.97399139404297
2009-12-31,83.1679458618164
2010-01-04,84.57848358154297
2010-01-05,84.8023681640625
2010-01-06,84.86207580566406
2010-01-07,85.22030639648438
2010-01-08,85.50391387939453
2010-01-11,85.62330627441406
2010-01-12,84.82474517822266
2010-01-13,85.54122161865234
2010-01-14,85.77256774902344
2010-01-15,84.80982208251953
2010-01-19,85.86959075927734
2010-01-20,84.99642181396484
2010-01-21,83.36201477050781
2010-01-22,81.5036849975586
2010-01-25,81.92161560058594
2010-01-26,81.57835388183594
2010-01-27,81.9664306640625
2010-01-28,81.02606964111328
2010-01-29,80.14543151855469
2010-02-01,81.39176940917969
2010-02-02,82.37686920166016
2010-02-03,81.9664306640625
2010-02-04,79.43645477294922
2010-02-05,79.60063934326172
2010-02-08,79.02600860595703
2010-02-09,80.01856231689453
2010-02-10,79.8618392944336
2010-02-11,80.69772338867188
2010-02-12,80.63053894042969
2010-02-16,81.89925384521484
2010-02-17,82.28733825683594
2010-02-18,82.77239227294922
2010-02-19,82.94405364990234
2010-02-22,82.95902252197266
2010-02-23,81.95152282714844
2010-02-24,82.70525360107422
2010-02-25,82.59333038330078
2010-02-26,82.64557647705078
2010-03-01,83.50379180908203
2010-03-02,83.73513793945312
2010-03-03,83.80980682373047
2010-03-04,84.06351470947266
2010-03-05,85.26506042480469
2010-03-08,85.2800064086914
2010-03-09,85.42179870605469
2010-03-10,85.80238342285156
2010-03-11,86.1606216430664
2010-03-12,86.16812133789062
2010-03-15,86.19049835205078
2010-03-16,86.87713623046875
2010-03-17,87.39202880859375
2010-03-18,87.34725952148438
2010-03-19,86.9051284790039
2010-03-22,87.36974334716797
2010-03-23,87.98422241210938
2010-03-24,87.55708312988281
2010-03-25,87.41471099853516
2010-03-26,87.36224365234375
2010-03-29,87.9167709350586
2010-03-30,87.97676086425781
2010-03-31,87.6769790649414
2010-04-01,88.27650451660156
2010-04-05,88.995849609375
2010-04-06,89.20568084716797
2010-04-07,88.69612884521484
2010-04-08,89.00337219238281
2010-04-09,89.58789825439453
2010-04-12,89.73028564453125
2010-04-13,89.7977294921875
2010-04-14,90.81689453125
2010-04-15,90.89180755615234
2010-04-16,89.44551086425781
2010-04-19,89.78272247314453
2010-04-20,90.58458709716797
2010-04-21,90.41969299316406
2010-04-22,90.6894760131836
2010-04-23,91.28148651123047
2010-04-26,90.93675231933594
2010-04-27,88.78607940673828
2010-04-28,89.46051025390625
2010-04-29,90.56959533691406
2010-04-30,89.03336334228516
2010-05-03,90.1873779296875
2010-05-04,88.0666732788086
2010-05-05,87.5420913696289
2010-05-06,84.63451385498047
2010-05-07,83.37557983398438
2010-05-10,87.04751586914062
2010-05-11,86.80020904541016
2010-05-12,88.01419830322266
2010-05-13,86.92012023925781
2010-05-14,85.34642791748047
2010-05-17,85.39142608642578
2010-05-18,84.22984313964844
2010-05-19,83.75025939941406
2010-05-20,80.58788299560547
2010-05-21,81.76441955566406
2010-05-24,80.71527862548828
2010-05-25,80.79773712158203
2010-05-26,80.3106689453125
2010-05-27,83.0008544921875
2010-05-28,81.95922088623047
2010-06-01,80.58039093017578
2010-06-02,82.67864227294922
2010-06-03,82.96341705322266
2010-06-04,80.04833221435547
2010-06-07,79.05165100097656
2010-06-08,79.89845275878906
2010-06-09,79.47132873535156
2010-06-10,81.79440307617188
2010-06-11,82.1915512084961
2010-06-14,82.06416320800781
2010-06-15,83.93009948730469
2010-06-16,83.900146484375
2010-06-17,84.03502655029297
2010-06-18,84.12615203857422
2010-06-21,83.88521575927734
2010-06-22,82.4997787475586
2010-06-23,82.24378204345703
2010-06-24,80.88095092773438
2010-06-25,81.21978759765625
2010-06-28,80.96379089355469
2010-06-29,78.4639892578125
2010-06-30,77.71856689453125
2010-07-01,77.37225341796875
2010-07-02,76.95056915283203
2010-07-06,77.45506286621094
2010-07-07,79.89460754394531
2010-07-08,80.68519592285156
2010-07-09,81.28752136230469
2010-07-12,81.34025573730469
2010-07-13,82.56753540039062
2010-07-14,82.5600357055664
2010-07-15,82.58263397216797
2010-07-16,80.30870819091797
2010-07-19,80.78307342529297
2010-07-20,81.67906951904297
2010-07-21,80.61742401123047
2010-07-22,82.41694641113281
2010-07-23,83.13224029541016
2010-07-26,83.99813842773438
2010-07-27,83.99060821533203
2010-07-28,83.44847106933594
2010-07-29,83.04188537597656
2010-07-30,83.02680969238281
2010-08-02,84.90165710449219
2010-08-03,84.49507904052734
2010-08-04,85.0597915649414
2010-08-05,84.96943664550781
2010-08-06,84.62309265136719
2010-08-09,85.0748291015625
2010-08-10,84.61554718017578
2010-08-11,82.29650115966797
2010-08-12,81.7920150756836
2010-08-13,81.55106353759766
2010-08-16,81.51341247558594
2010-08-17,82.51483917236328
2010-08-18,82.66542053222656
2010-08-19,81.227294921875
2010-08-20,80.96379089355469
2010-08-23,80.65508270263672
2010-08-24,79.45790100097656
2010-08-25,79.76660919189453
2010-08-26,79.23200225830078
2010-08-27,80.45932006835938
2010-08-30,79.2922592163086
2010-08-31,79.2922592163086
2010-09-01,81.66401672363281
2010-09-02,82.42450714111328
2010-09-03,83.49365997314453
2010-09-07,82.55250549316406
2010-09-08,83.13224029541016
2010-09-09,83.51625061035156
2010-09-10,83.9378890991211
2010-09-13,84.87152862548828
2010-09-14,84.8188247680664
2010-09-15,85.1426010131836
2010-09-16,85.1200180053711
2010-09-17,85.15180206298828
2010-09-20,86.45379638671875
2010-09-21,86.27970886230469
2010-09-22,85.85578155517578
2010-09-23,85.15934753417969
2010-09-24,86.91553497314453
2010-09-27,86.49922943115234
2010-09-28,86.80199432373047
2010-09-29,86.65060424804688
2010-09-30,86.39325714111328
2010-10-01,86.75662231445312
2010-10-04,86.10559844970703
2010-10-05,87.83905792236328
2010-10-06,87.83148193359375
2010-10-07,87.72551727294922
2010-10-08,88.21753692626953
2010-10-11,88.30078887939453
2010-10-12,88.57331085205078
2010-10-13,89.26216888427734
2010-10-14,88.9139404296875
2010-10-15,89.09561920166016
2010-10-18,89.53467559814453
2010-10-19,88.36137390136719
2010-10-20,89.22429656982422
2010-10-21,89.42112731933594
2010-10-22,89.58763122558594
2010-10-25,89.85260772705078
2010-10-26,89.86775970458984
2010-10-27,89.61034393310547
2010-10-28,89.62551879882812
2010-10-29,89.69367218017578
2010-11-01,89.72390747070312
2010-11-02,90.43547058105469
2010-11-03,90.79883575439453
2010-11-04,92.54743957519531
2010-11-05,92.89561462402344
2010-11-08,92.72151947021484
2010-11-09,92.0553970336914
2010-11-10,92.4262924194336
2010-11-11,92.07809448242188
2010-11-12,90.988037109375
2010-11-15,90.8593521118164
2010-11-16,89.44381713867188
2010-11-17,89.48927307128906
2010-11-18,90.80641174316406
2010-11-19,91.05619049072266
2010-11-22,90.9804916381836
2010-11-23,89.6633529663086
2010-11-24,90.988037109375
2010-11-26,89.92829895019531
2010-11-29,90.20081329345703
2010-11-30,89.69367218017578
2010-12-01,91.6012191772461
2010-12-02,92.7745132446289
2010-12-03,93.0243148803711
2010-12-06,92.9259033203125
2010-12-07,92.97889709472656
2010-12-08,93.31954193115234
2010-12-09,93.682861328125
2010-12-10,94.22792053222656
2010-12-13,94.2884750366211
2010-12-14,94.37173461914062
2010-12-15,93.94022369384766
2010-12-16,94.48527526855469
2010-12-17,94.58649444580078
2010-12-20,94.81478881835938
2010-12-21,95.4159164428711
2010-12-22,95.71269226074219
2010-12-23,95.57573699951172
2010-12-27,95.61375427246094
2010-12-28,95.75074005126953
2010-12-29,95.81922149658203
2010-12-30,95.66704559326172
2010-12-31,95.68984985351562
2011-01-03,96.67911529541016
2011-01-04,96.62582397460938
2011-01-05,97.12806701660156
2011-01-06,96.93783569335938
2011-01-07,96.74759674072266
2011-01-10,96.62582397460938
2011-01-11,96.9682846069336
2011-01-12,97.84336853027344
2011-01-13,97.68355560302734
2011-01-14,98.39122772216797
2011-01-18,98.55863952636719
2011-01-19,97.59224700927734
2011-01-20,97.46288299560547
2011-01-21,97.68355560302734
2011-01-24,98.23905944824219
2011-01-25,98.29230499267578
2011-01-26,98.67281341552734
2011-01-27,98.91631317138672
2011-01-28,97.1889419555664
2011-01-31,97.9194564819336
2011-02-01,99.48703002929688
2011-02-02,99.29679870605469
2011-02-03,99.51749420166016
2011-02-04,99.79901123046875
2011-02-07,100.42298889160156
2011-02-08,100.87955474853516
2011-02-09,100.65129852294922
2011-02-10,100.68933868408203
2011-02-11,101.2905044555664
2011-02-14,101.53399658203125
2011-02-15,101.21438598632812
2011-02-16,101.85359954833984
2011-02-17,102.157958984375
2011-02-18,102.37103271484375
2011-02-22,100.31645965576172
2011-02-23,99.70005798339844
2011-02-24,99.6316146850586
2011-02-25,100.6969223022461
2011-02-28,101.32091522216797
2011-03-01,99.6316146850586
2011-03-02,99.84467315673828
2011-03-03,101.5644302368164
2011-03-04,100.80347442626953
2011-03-07,100.01207733154297
2011-03-08,100.88716888427734
2011-03-09,100.74260711669922
2011-03-10,98.8782730102539
2011-03-11,99.56312561035156
2011-03-14,98.96197509765625
2011-03-15,97.8281478881836
2011-03-16,96.0170669555664
2011-03-17,97.28787231445312
2011-03-18,97.64171600341797
2011-03-21,99.15496063232422
2011-03-22,98.81101989746094
2011-03-23,99.09381103515625
2011-03-24,100.04147338867188
2011-03-25,100.34718322753906
2011-03-28,100.10261535644531
2011-03-29,100.7751693725586
2011-03-30,101.4706802368164
2011-03-31,101.33307647705078
2011-04-01,101.76107025146484
2011-04-04,101.84516906738281
2011-04-05,101.82984161376953
2011-04-06,102.15084075927734
2011-04-07,101.8909912109375
2011-04-08,101.53943634033203
2011-04-11,101.23373413085938
2011-04-12,100.47711944580078
2011-04-13,100.469482421875
2011-04-14,100.54589080810547
2011-04-15,100.91273498535156
2011-04-18,99.78163146972656
2011-04-19,100.35482025146484
2011-04-20,101.72286224365234
2011-04-21,102.24256134033203
2011-04-25,102.13556671142578
2011-04-26,103.01445007324219
2011-04-27,103.68701934814453
2011-04-28,104.02330017089844
2011-04-29,104.26782989501953
2011-05-02,104.10733032226562
2011-05-03,103.7328109741211
2011-05-04,103.0450210571289
2011-05-05,102.11264038085938
2011-05-06,102.56355285644531
2011-05-09,102.9609603881836
2011-05-10,103.83985137939453
2011-05-11,102.74697875976562
2011-05-12,103.2361068725586
2011-05-13,102.44124603271484
2011-05-16,101.79167175292969
2011-05-17,101.77635955810547
2011-05-18,102.6858139038086
2011-05-19,102.93041229248047
2011-05-20,102.11264038085938
2011-05-23,100.92801666259766
2011-05-24,100.8439712524414
2011-05-25,101.18022918701172
2011-05-26,101.64643859863281
2011-05-27,102.03618621826172
2011-05-31,103.09854125976562
2011-06-01,100.78279876708984
2011-06-02,100.67583465576172
2011-06-03,99.67462921142578
2011-06-06,98.6199722290039
2011-06-07,98.5588150024414
2011-06-08,98.14613342285156
2011-06-09,98.89512634277344
2011-06-10,97.51943969726562
2011-06-13,97.59585571289062
2011-06-14,98.83395385742188
2011-06-15,97.07614135742188
2011-06-16,97.29016876220703
2011-06-17,97.58049774169922
2011-06-20,98.07970428466797
2011-06-21,99.42379760742188
2011-06-22,98.82471466064453
2011-06-23,98.54054260253906
2011-06-24,97.3961410522461
2011-06-27,98.26402282714844
2011-06-28,99.54666900634766
2011-06-29,100.39920806884766
2011-06-30,101.3592758178711
2011-07-01,102.8569564819336
2011-07-05,102.77243041992188
2011-07-06,102.8953857421875
2011-07-07,103.96294403076172
2011-07-08,103.22562408447266
2011-07-11,101.3592758178711
2011-07-12,100.92147827148438
2011-07-13,101.2593994140625
2011-07-14,100.56051635742188
2011-07-15,101.14422607421875
2011-07-18,100.3147201538086
2011-07-19,101.94300842285156
2011-07-20,101.88151550292969
2011-07-21,103.29475402832031
2011-07-22,103.36387634277344
2011-07-25,102.78785705566406
2011-07-26,102.40384674072266
2011-07-27,100.30707550048828
2011-07-28,100.01519012451172
2011-07-29,99.33164978027344
2011-08-01,98.9092025756836
2011-08-02,96.38233184814453
2011-08-03,96.90458679199219
2011-08-04,92.36543273925781
2011-08-05,92.2271728515625
2011-08-08,86.22105407714844
2011-08-09,90.23025512695312
2011-08-10,86.24410247802734
2011-08-11,90.11503601074219
2011-08-12,90.72179412841797
2011-08-15,92.6419448852539
2011-08-16,91.85081481933594
2011-08-17,91.91226959228516
2011-08-18,87.94915771484375
2011-08-19,86.51290130615234
2011-08-22,86.58203887939453
2011-08-23,89.43148040771484
2011-08-24,90.69110107421875
2011-08-25,89.30860137939453
2011-08-26,90.60662078857422
2011-08-29,93.21031188964844
2011-08-30,93.4560546875
2011-08-31,93.87080383300781
2011-09-01,92.88774871826172
2011-09-02,90.51445770263672
2011-09-06,89.85391998291016
2011-09-07,92.38848876953125
2011-09-08,91.42840576171875
2011-09-09,89.0321044921875
2011-09-12,89.60813903808594
2011-09-13,90.42996215820312
2011-09-14,91.68186950683594
2011-09-15,93.26406860351562
2011-09-16,93.81604766845703
2011-09-19,92.88188934326172
2011-09-20,92.77384185791016
2011-09-21,90.0408706665039
2011-09-22,87.13033294677734
2011-09-23,87.65532684326172
2011-09-26,89.73976135253906
2011-09-27,90.74342346191406
2011-09-28,88.89054107666016
2011-09-29,89.59313201904297
2011-09-30,87.3542251586914
2011-10-03,84.86831665039062
2011-10-04,86.7289047241211
2011-10-05,88.33466339111328
2011-10-06,89.93280029296875
2011-10-07,89.3305892944336
2011-10-10,92.31832885742188
2011-10-11,92.41095733642578
2011-10-12,93.22159576416016
2011-10-13,93.03628540039062
2011-10-14,94.62666320800781
2011-10-17,92.82015228271484
2011-10-18,94.6343765258789
2011-10-19,93.51493072509766
2011-10-20,93.92414093017578
2011-10-21,95.70750427246094
2011-10-24,96.88097381591797
2011-10-25,94.99726104736328
2011-10-26,95.96227264404297
2011-10-27,99.30512237548828
2011-10-28,99.28194427490234
2011-10-31,96.88870239257812
2011-11-01,94.18659973144531
2011-11-02,95.7229232788086
2011-11-03,97.46769714355469
2011-11-04,96.87320709228516
2011-11-07,97.4754409790039
2011-11-08,98.72612762451172
2011-11-09,95.08216094970703
2011-11-10,95.97772216796875
2011-11-11,97.78425598144531
2011-11-14,96.85782623291016
2011-11-15,97.33645629882812
2011-11-16,95.79240417480469
2011-11-17,94.27153778076172
2011-11-18,94.1711654663086
2011-11-21,92.38009643554688
2011-11-22,92.01724243164062
2011-11-23,89.9868392944336
2011-11-25,89.81698608398438
2011-11-28,92.41871643066406
2011-11-29,92.6811752319336
2011-11-30,96.49493408203125
2011-12-01,96.4795150756836
2011-12-02,96.39458465576172
2011-12-05,97.44452667236328
2011-12-06,97.4754409790039
2011-12-07,97.83826446533203
2011-12-08,95.69204711914062
2011-12-09,97.31331634521484
2011-12-12,95.89278411865234
2011-12-13,94.99726104736328
2011-12-14,93.98592376708984
2011-12-15,94.32555389404297
2011-12-16,94.46542358398438
2011-12-19,93.4554443359375
2011-12-20,96.28340911865234
2011-12-21,96.46986389160156
2011-12-22,97.32449340820312
2011-12-23,98.19463348388672
2011-12-27,98.2723388671875
2011-12-28,96.98265075683594
2011-12-29,97.98487091064453
2011-12-30,97.50318145751953
2012-01-03,99.05699920654297
2012-01-04,99.21236419677734
2012-01-05,99.47653198242188
2012-01-06,99.22015380859375
2012-01-09,99.46099090576172
2012-01-10,100.32337951660156
2012-01-11,100.37774658203125
2012-01-12,100.61861419677734
2012-01-13,100.09806823730469
2012-01-17,100.48651885986328
2012-01-18,101.5975341796875
2012-01-19,102.13362121582031
2012-01-20,102.51426696777344
2012-01-23,102.25015258789062
2012-01-24,102.13362121582031
2012-01-25,102.98820495605469
2012-01-26,102.45992279052734
2012-01-27,102.41329956054688
2012-01-30,102.06367492675781
2012-01-31,102.02481842041016
2012-02-01,102.91828918457031
2012-02-02,103.08142852783203
2012-02-03,104.52650451660156
2012-02-06,104.45659637451172
2012-02-07,104.72071838378906
2012-02-08,105.03150177001953
2012-02-09,105.16358184814453
2012-02-10,104.38665771484375
2012-02-13,105.16358184814453
2012-02-14,105.03150177001953
2012-02-15,104.54205322265625
2012-02-16,105.69963836669922
2012-02-17,105.97936248779297
2012-02-21,106.02592468261719
2012-02-22,105.68408966064453
2012-02-23,106.1502685546875
2012-02-24,106.38336181640625
2012-02-27,106.56201934814453
2012-02-28,106.872802734375
2012-02-29,106.45323944091797
2012-03-01,107.0048828125
2012-03-02,106.67858123779297
2012-03-05,106.2435073852539
2012-03-06,104.68966674804688
2012-03-07,105.41999053955078
2012-03-08,106.46875762939453
2012-03-09,106.88055419921875
2012-03-12,106.88834381103516
2012-03-13,108.81513214111328
2012-03-14,108.69857025146484
2012-03-15,109.32783508300781
2012-03-16,109.47926330566406
2012-03-19,109.90843200683594
2012-03-20,109.58851623535156
2012-03-21,109.40899658203125
2012-03-22,108.6208724975586
2012-03-23,108.97198486328125
2012-03-26,110.50146484375
2012-03-27,110.15812683105469
2012-03-28,109.61186981201172
2012-03-29,109.4245834350586
2012-03-30,109.8772201538086
2012-04-02,110.68093872070312
2012-04-03,110.22837829589844
2012-04-04,109.13591003417969
2012-04-05,109.08124542236328
2012-04-09,107.85617065429688
2012-04-10,106.04582977294922
2012-04-11,106.90419006347656
2012-04-12,108.30097961425781
2012-04-13,107.01341247558594
2012-04-16,106.9432373046875
2012-04-17,108.52729797363281
2012-04-18,108.1604995727539
2012-04-19,107.46602630615234
2012-04-20,107.64547729492188
2012-04-23,106.74031829833984
2012-04-24,107.14607238769531
2012-04-25,108.61312103271484
2012-04-26,109.37000274658203
2012-04-27,109.54946899414062
2012-04-30,109.14372253417969
2012-05-01,109.82257843017578
2012-05-02,109.49488067626953
2012-05-03,108.65986633300781
2012-05-04,106.90419006347656
2012-05-07,106.98221588134766
2012-05-08,106.55303955078125
2012-05-09,105.92092895507812
2012-05-10,106.13945007324219
2012-05-11,105.81949615478516
2012-05-14,104.64904022216797
2012-05-15,104.0481948852539
2012-05-16,103.65022277832031
2012-05-17,102.11300659179688
2012-05-18,101.23902893066406
2012-05-21,102.97917175292969
2012-05-22,103.15863037109375
2012-05-23,103.21324920654297
2012-05-24,103.4161605834961
2012-05-25,103.08061981201172
2012-05-29,104.32910919189453
2012-05-30,102.81525421142578
2012-05-31,102.5889892578125
2012-06-01,100.00613403320312
2012-06-04,99.9593276977539
2012-06-05,100.71624755859375
2012-06-06,102.97917175292969
2012-06-07,103.04158782958984
2012-06-08,103.86090850830078
2012-06-11,102.54217529296875
2012-06-12,103.7204818725586
2012-06-13,103.0572280883789
2012-06-14,104.14965057373047
2012-06-15,105.21479797363281
2012-06-18,105.41871643066406
2012-06-19,106.43843841552734
2012-06-20,106.26586151123047
2012-06-21,103.88140869140625
2012-06-22,104.68142700195312
2012-06-25,103.00292205810547
2012-06-26,103.52058410644531
2012-06-27,104.4539794921875
2012-06-28,104.15589141845703
2012-06-29,106.75218200683594
2012-07-02,107.07376861572266
2012-07-03,107.77967834472656
2012-07-05,107.29338073730469
2012-07-06,106.27369689941406
2012-07-09,106.14035034179688
2012-07-10,105.21479797363281
2012-07-11,105.23051452636719
2012-07-12,104.72064971923828
2012-07-13,106.4776382446289
2012-07-16,106.22663116455078
2012-07-17,106.95612335205078
2012-07-18,107.748291015625
2012-07-19,108.03067016601562
2012-07-20,107.0423583984375
2012-07-23,105.95995330810547
2012-07-24,105.05010223388672
2012-07-25,105.0736083984375
2012-07-26,106.80707550048828
2012-07-27,108.77586364746094
2012-07-30,108.77586364746094
2012-07-31,108.01500701904297
2012-08-01,107.92088317871094
2012-08-02,107.17574310302734
2012-08-03,109.30133819580078
2012-08-06,109.51314544677734
2012-08-07,110.06221008300781
2012-08-08,110.1955337524414
2012-08-09,110.28965759277344
2012-08-10,110.47006225585938
2012-08-13,110.4151840209961
2012-08-14,110.4308853149414
2012-08-15,110.55631256103516
2012-08-16,111.37207794189453
2012-08-17,111.5210952758789
2012-08-20,111.52899932861328
2012-08-21,111.1916732788086
2012-08-22,111.23873901367188
2012-08-23,110.32887268066406
2012-08-24,110.99559783935547
2012-08-27,111.01911926269531
2012-08-28,110.90929412841797
2012-08-29,110.99559783935547
2012-08-30,110.1955337524414
2012-08-31,110.72108459472656
2012-09-04,110.61911010742188
2012-09-05,110.52497100830078
2012-09-06,112.76824188232422
2012-09-07,113.2074966430664
2012-09-10,112.56432342529297
2012-09-11,112.87805938720703
2012-09-12,113.25459289550781
2012-09-13,114.98015594482422
2012-09-14,115.48999786376953
2012-09-17,115.09783172607422
2012-09-18,115.0036849975586
2012-09-19,115.0664291381836
2012-09-20,115.07428741455078
2012-09-21,115.02620697021484
2012-09-24,114.85272216796875
2012-09-25,113.63041687011719
2012-09-26,112.9917221069336
2012-09-27,114.05626678466797
2012-09-28,113.52793884277344
2012-10-01,113.82759094238281
2012-10-02,113.94584655761719
2012-10-03,114.41110229492188
2012-10-04,115.231201171875
2012-10-05,115.23907470703125
2012-10-08,114.84483337402344
2012-10-09,113.70930480957031
2012-10-10,112.98380279541016
2012-10-11,113.04692077636719
2012-10-12,112.67623138427734
2012-10-15,113.61471557617188
2012-10-16,114.76593780517578
2012-10-17,115.28643035888672
2012-10-18,114.98670959472656
2012-10-19,113.070556640625
2012-10-22,113.08638000488281
2012-10-23,111.51715087890625
2012-10-24,111.20169830322266
2012-10-25,111.5250244140625
2012-10-26,111.4619140625
2012-10-31,111.4619140625
2012-11-01,112.62899780273438
2012-11-02,111.62754821777344
2012-11-05,111.8562240600586
2012-11-06,112.73151397705078
2012-11-07,110.1766357421875
2012-11-08,108.851806640625
2012-11-09,108.94642639160156
2012-11-12,109.0331802368164
2012-11-13,108.65467834472656
2012-11-14,107.18798065185547
2012-11-15,107.00662994384766
2012-11-16,107.53492736816406
2012-11-19,109.71134948730469
2012-11-20,109.75867462158203
2012-11-21,109.96366882324219
2012-11-23,111.4619140625
2012-11-26,111.22541809082031
2012-11-27,110.65763092041016
2012-11-28,111.54866027832031
2012-11-29,112.06908416748047
2012-11-30,112.09273529052734
2012-12-03,111.54080963134766
2012-12-04,111.38307189941406
2012-12-05,111.58021545410156
2012-12-06,111.95872497558594
2012-12-07,112.29779052734375
2012-12-10,112.34513092041016
2012-12-11,113.1099853515625
2012-12-12,113.16519927978516
2012-12-13,112.47128295898438
2012-12-14,112.05335998535156
2012-12-17,113.37024688720703
2012-12-18,114.6318588256836
2012-12-19,113.78025817871094
2012-12-20,114.43476104736328
2012-12-21,113.39604187011719
2012-12-24,113.04656982421875
2012-12-26,112.57013702392578
2012-12-27,112.41927337646484
2012-12-28,111.2042007446289
2012-12-31,113.09429931640625
2013-01-02,115.99291229248047
2013-01-03,115.73082733154297
2013-01-04,116.23909759521484
2013-01-07,115.92144775390625
2013-01-08,115.58789825439453
2013-01-09,115.8817138671875
2013-01-10,116.80290985107422
2013-01-11,116.79497528076172
2013-01-14,116.71553039550781
2013-01-15,116.79497528076172
2013-01-16,116.77906799316406
2013-01-17,117.5335464477539
2013-01-18,117.79559326171875
2013-01-22,118.43095397949219
2013-01-23,118.62150573730469
2013-01-24,118.6532974243164
2013-01-25,119.32032012939453
2013-01-28,119.17741394042969
2013-01-29,119.64599609375
2013-01-30,119.17741394042969
2013-01-31,118.883544921875
2013-02-01,120.10661315917969
2013-02-04,118.75653839111328
2013-02-05,119.95565032958984
2013-02-06,120.04302215576172
2013-02-07,119.88420104980469
2013-02-08,120.55127716064453
2013-02-11,120.52747344970703
2013-02-12,120.72601318359375
2013-02-13,120.82920837402344
2013-02-14,120.94041442871094
2013-02-15,120.79751586914062
2013-02-19,121.70281219482422
2013-02-20,120.18597412109375
2013-02-21,119.45539093017578
2013-02-22,120.62275695800781
2013-02-25,118.32766723632812
2013-02-26,119.13768768310547
2013-02-27,120.63865661621094
2013-02-28,120.4003677368164
2013-03-01,120.79751586914062
2013-03-04,121.44073486328125
2013-03-05,122.52872467041016
2013-03-06,122.6955337524414
2013-03-07,122.9178695678711
2013-03-08,123.44196319580078
2013-03-11,123.91053009033203
2013-03-12,123.63257598876953
2013-03-13,123.8072738647461
2013-03-14,124.46649932861328
2013-03-15,124.30213165283203
2013-03-18,123.61605834960938
2013-03-19,123.32894134521484
2013-03-20,124.1904525756836
2013-03-21,123.1294937133789
2013-03-22,124.11863708496094
2013-03-25,123.60012817382812
2013-03-26,124.58927917480469
2013-03-27,124.58927917480469
2013-03-28,124.97215270996094
2013-04-01,124.47754669189453
2013-04-02,125.09178161621094
2013-04-03,123.82350158691406
2013-04-04,124.32605743408203
2013-04-05,123.7676773071289
2013-04-08,124.60517120361328
2013-04-09,125.0359878540039
2013-04-10,126.56746673583984
2013-04-11,126.98235321044922
2013-04-12,126.67121124267578
2013-04-15,123.73575592041016
2013-04-16,125.5624771118164
2013-04-17,123.72779846191406
2013-04-18,122.95402526855469
2013-04-19,124.02287292480469
2013-04-22,124.57330322265625
2013-04-23,125.85758972167969
2013-04-24,125.93737030029297
2013-04-25,126.44783020019531
2013-04-26,126.2245101928711
2013-04-29,127.07008361816406
2013-04-30,127.3731460571289
2013-05-01,126.25635528564453
2013-05-02,127.42900085449219
2013-05-03,128.72125244140625
2013-05-06,129.04823303222656
2013-05-07,129.702392578125
2013-05-08,130.2926483154297
2013-05-09,129.92578125
2013-05-10,130.34849548339844
2013-05-13,130.4522247314453
2013-05-14,131.80023193359375
2013-05-15,132.51019287109375
2013-05-16,131.8880615234375
2013-05-17,133.16427612304688
2013-05-20,133.15635681152344
2013-05-21,133.34780883789062
2013-05-22,132.358642578125
2013-05-23,131.97576904296875
2013-05-24,131.8640594482422
2013-05-28,132.65382385253906
2013-05-29,131.79225158691406
2013-05-30,132.27883911132812
2013-05-31,130.38040161132812
2013-06-03,131.09829711914062
2013-06-04,130.4681854248047
2013-06-05,128.6414794921875
2013-06-06,129.8060760498047
2013-06-07,131.4573516845703
2013-06-10,131.4573516845703
2013-06-11,130.10125732421875
2013-06-12,129.02439880371094
2013-06-13,130.98663330078125
2013-06-14,130.16497802734375
2013-06-17,131.17010498046875
2013-06-18,132.20712280273438
2013-06-19,130.38040161132812
2013-06-20,127.14974975585938
2013-06-21,127.5579605102539
2013-06-24,125.94613647460938
2013-06-25,127.15705871582031
2013-06-26,128.4160919189453
2013-06-27,129.1698760986328
2013-06-28,128.64051818847656
2013-07-01,129.39427185058594
2013-07-02,129.27401733398438
2013-07-03,129.33021545410156
2013-07-05,130.72540283203125
2013-07-08,131.4712371826172
2013-07-09,132.41748046875
2013-07-10,132.4656219482422
2013-07-11,134.26986694335938
2013-07-12,134.32595825195312
2013-07-15,134.8392333984375
2013-07-16,134.33401489257812
2013-07-17,134.67880249023438
2013-07-18,135.41653442382812
2013-07-19,135.6571807861328
2013-07-22,135.92176818847656
2013-07-23,135.633056640625
2013-07-24,135.1359100341797
2013-07-25,135.46469116210938
2013-07-26,135.60903930664062
2013-07-29,135.19203186035156
2013-07-30,135.19203186035156
2013-07-31,135.28826904296875
2013-08-01,136.85202026367188
2013-08-02,137.08450317382812
2013-08-05,136.88401794433594
2013-08-06,136.10623168945312
2013-08-07,135.6651611328125
2013-08-08,136.16232299804688
2013-08-09,135.76942443847656
2013-08-12,135.60903930664062
2013-08-13,136.00997924804688
2013-08-14,135.31234741210938
2013-08-15,133.41981506347656
2013-08-16,132.97879028320312
2013-08-19,132.12879943847656
2013-08-20,132.7783660888672
2013-08-21,131.96041870117188
2013-08-22,133.1632080078125
2013-08-23,133.61228942871094
2013-08-26,133.11509704589844
2013-08-27,130.9740447998047
2013-08-28,131.4391326904297
2013-08-29,131.6476287841797
2013-08-30,131.23065185546875
2013-09-03,131.82411193847656
2013-09-04,132.91465759277344
2013-09-05,133.0830841064453
2013-09-06,133.14720153808594
2013-09-09,134.4221649169922
2013-09-10,135.41653442382812
2013-09-11,135.8415069580078
2013-09-12,135.48077392578125
2013-09-13,135.7854461669922
2013-09-16,136.57131958007812
2013-09-17,137.18084716796875
2013-09-18,138.76856994628906
2013-09-19,138.53594970703125
2013-09-20,137.5673828125
2013-09-23,136.93080139160156
2013-09-24,136.6084747314453
2013-09-25,136.21365356445312
2013-09-26,136.7374267578125
2013-09-27,136.10887145996094
2013-09-30,135.3835906982422
2013-10-01,136.45535278320312
2013-10-02,136.326416015625
2013-10-03,135.06939697265625
2013-10-04,136.09275817871094
2013-10-07,134.9163360595703
2013-10-08,133.34494018554688
2013-10-09,133.44163513183594
2013-10-10,136.31838989257812
2013-10-11,137.1967315673828
2013-10-14,137.74472045898438
2013-10-15,136.74545288085938
2013-10-16,138.65525817871094
2013-10-17,139.58187866210938
2013-10-18,140.5247344970703
2013-10-21,140.53273010253906
2013-10-22,141.34661865234375
2013-10-23,140.66976928710938
2013-10-24,141.13710021972656
2013-10-25,141.78172302246094
2013-10-28,142.0074005126953
2013-10-29,142.7648162841797
2013-10-30,142.0557861328125
2013-10-31,141.65283203125
2013-11-01,141.99127197265625
2013-11-04,142.49087524414062
2013-11-05,142.0396270751953
2013-11-06,142.7648162841797
2013-11-07,140.9598388671875
2013-11-08,142.86158752441406
2013-11-11,142.88571166992188
2013-11-12,142.59564208984375
2013-11-13,143.73985290527344
2013-11-14,144.45706176757812
2013-11-15,145.08558654785156
2013-11-18,144.5779266357422
2013-11-19,144.2635955810547
2013-11-20,143.81240844726562
2013-11-21,144.97268676757812
2013-11-22,145.69796752929688
2013-11-25,145.55296325683594
2013-11-26,145.5931396484375
2013-11-27,145.94776916503906
2013-11-29,145.8511199951172
2013-12-02,145.47232055664062
2013-12-03,144.84385681152344
2013-12-04,144.8277130126953
2013-12-05,144.19117736816406
2013-12-06,145.802734375
2013-12-09,146.17343139648438
2013-12-10,145.64964294433594
2013-12-11,144.0138397216797
2013-12-12,143.5384521484375
2013-12-13,143.52235412597656
2013-12-16,144.41673278808594
2013-12-17,143.95745849609375
2013-12-18,146.41514587402344
2013-12-19,146.24595642089844
2013-12-20,147.0966339111328
2013-12-23,147.8825225830078
2013-12-24,148.2065887451172
2013-12-26,148.9600372314453
2013-12-27,148.9519805908203
2013-12-30,148.92759704589844
2013-12-31,149.632568359375
2014-01-02,148.19845581054688
2014-01-03,148.17416381835938
2014-01-06,147.74478149414062
2014-01-07,148.65216064453125
2014-01-08,148.68460083007812
2014-01-09,148.78179931640625
2014-01-10,149.1869659423828
2014-01-13,147.20196533203125
2014-01-14,148.80615234375
2014-01-15,149.60812377929688
2014-01-16,149.41371154785156
2014-01-17,148.78179931640625
2014-01-21,149.21932983398438
2014-01-22,149.3164825439453
2014-01-23,148.09315490722656
2014-01-24,144.93345642089844
2014-01-27,144.220458984375
2014-01-28,145.0792694091797
2014-01-29,143.6857147216797
2014-01-30,145.20889282226562
2014-01-31,144.35824584960938
2014-02-03,141.10934448242188
2014-02-04,142.09776306152344
2014-02-05,141.91952514648438
2014-02-06,143.79100036621094
2014-02-07,145.57347106933594
2014-02-10,145.84083557128906
2014-02-11,147.4368896484375
2014-02-12,147.5098419189453
2014-02-13,148.27142333984375
2014-02-14,149.0896453857422
2014-02-18,149.26788330078125
2014-02-19,148.27951049804688
2014-02-20,149.15447998046875
2014-02-21,148.984375
2014-02-24,149.81077575683594
2014-02-25,149.75399780273438
2014-02-26,149.7621307373047
2014-02-27,150.54798889160156
2014-02-28,150.9287872314453
2014-03-03,149.86741638183594
2014-03-04,151.97393798828125
2014-03-05,152.11166381835938
2014-03-06,152.46005249023438
2014-03-07,152.52484130859375
2014-03-10,152.44387817382812
2014-03-11,151.6903533935547
2014-03-12,151.73085021972656
2014-03-13,150.0294647216797
2014-03-14,149.60812377929688
2014-03-17,150.96121215820312
2014-03-18,152.0387420654297
2014-03-19,151.2285614013672
2014-03-20,152.11166381835938
2014-03-21,151.5216522216797
2014-03-24,150.8950653076172
2014-03-25,151.61119079589844
2014-03-26,150.520751953125
2014-03-27,150.20343017578125
2014-03-28,150.94395446777344
2014-03-31,152.18081665039062
2014-04-01,153.18988037109375
2014-04-02,153.70248413085938
2014-04-03,153.4990692138672
2014-04-04,151.68447875976562
2014-04-07,150.0081024169922
2014-04-08,150.62655639648438
2014-04-09,152.24586486816406
2014-04-10,149.04783630371094
2014-04-11,147.70510864257812
2014-04-14,148.86888122558594
2014-04-15,149.89413452148438
2014-04-16,151.46466064453125
2014-04-17,151.67626953125
2014-04-21,152.2052001953125
2014-04-22,152.8969268798828
2014-04-23,152.5388641357422
2014-04-24,152.84808349609375
2014-04-25,151.5948944091797
2014-04-28,152.0750732421875
2014-04-29,152.7830047607422
2014-04-30,153.23873901367188
2014-05-01,153.2549285888672
2014-05-02,153.03526306152344
2014-05-05,153.3282012939453
2014-05-06,151.99365234375
2014-05-07,152.88877868652344
2014-05-08,152.7260284423828
2014-05-09,152.95387268066406
2014-05-12,154.44313049316406
2014-05-13,154.5813751220703
2014-05-14,153.8490447998047
2014-05-15,152.49827575683594
2014-05-16,153.02711486816406
2014-05-19,153.5886688232422
2014-05-20,152.62026977539062
2014-05-21,153.90594482421875
2014-05-22,154.2803497314453
2014-05-23,154.89878845214844
2014-05-27,155.85089111328125
2014-05-28,155.7369842529297
2014-05-29,156.54258728027344
2014-05-30,156.79481506347656
2014-06-02,156.97386169433594
2014-06-03,156.8924560546875
2014-06-04,157.2098846435547
2014-06-05,158.23516845703125
2014-06-06,158.99197387695312
2014-06-09,159.15475463867188
2014-06-10,159.1710205078125
2014-06-11,158.6175994873047
2014-06-12,157.4946746826172
2014-06-13,157.97479248046875
2014-06-16,158.1049346923828
2014-06-17,158.54441833496094
2014-06-18,159.70809936523438
2014-06-19,159.8871612548828
2014-06-20,160.21163940429688
2014-06-23,160.1626434326172
2014-06-24,159.19781494140625
2014-06-25,159.91732788085938
2014-06-26,159.8028564453125
2014-06-27,160.11361694335938
2014-06-30,160.0318145751953
2014-07-01,161.1029815673828
2014-07-02,161.2665252685547
2014-07-03,162.05967712402344
2014-07-07,161.4954833984375
2014-07-08,160.45704650878906
2014-07-09,161.1765594482422
2014-07-10,160.5387420654297
2014-07-11,160.75950622558594
2014-07-14,161.5690155029297
2014-07-15,161.2665252685547
2014-07-16,161.86338806152344
2014-07-17,160.02365112304688
2014-07-18,161.65896606445312
2014-07-21,161.3564453125
2014-07-22,162.05967712402344
2014-07-23,162.41934204101562
2014-07-24,162.42755126953125
2014-07-25,161.66714477539062
2014-07-28,161.73252868652344
2014-07-29,161.0375518798828
2014-07-30,161.0620880126953
2014-07-31,157.8813934326172
2014-08-01,157.3989715576172
2014-08-04,158.53549194335938
2014-08-05,156.998291015625
2014-08-06,157.0474090576172
2014-08-07,156.19700622558594
2014-08-08,158.00404357910156
2014-08-11,158.4619598388672
2014-08-12,158.24114990234375
2014-08-13,159.31227111816406
2014-08-14,160.0645294189453
2014-08-15,160.0318145751953
2014-08-18,161.37277221679688
2014-08-19,162.21498107910156
2014-08-20,162.64834594726562
2014-08-21,163.12252807617188
2014-08-22,162.86907958984375
2014-08-25,163.6949005126953
2014-08-26,163.8011932373047
2014-08-27,163.73580932617188
2014-08-28,163.64584350585938
2014-08-29,164.1118927001953
2014-09-02,164.03016662597656
2014-09-03,163.94021606445312
2014-09-04,163.70306396484375
2014-09-05,164.43899536132812
2014-09-08,164.0137939453125
2014-09-09,162.97537231445312
2014-09-10,163.58868408203125
2014-09-11,163.77670288085938
2014-09-12,162.82003784179688
2014-09-15,162.69737243652344
2014-09-16,163.92385864257812
2014-09-17,164.14468383789062
2014-09-18,165.01954650878906
2014-09-19,164.87078857421875
2014-09-22,163.5975341796875
2014-09-23,162.66107177734375
2014-09-24,163.93438720703125
2014-09-25,161.28915405273438
2014-09-26,162.57070922851562
2014-09-29,162.2750244140625
2014-09-30,161.84783935546875
2014-10-01,159.65447998046875
2014-10-02,159.67909240722656
2014-10-03,161.43710327148438
2014-10-06,161.2481231689453
2014-10-07,158.759033203125
2014-10-08,161.53565979003906
2014-10-09,158.3319091796875
2014-10-10,156.5246124267578
2014-10-13,153.953369140625
2014-10-14,154.1916046142578
2014-10-15,153.14833068847656
2014-10-16,153.01690673828125
2014-10-17,154.8241424560547
2014-10-20,156.32742309570312
2014-10-21,159.4243927001953
2014-10-22,158.2908477783203
2014-10-23,160.1309051513672
2014-10-24,161.36306762695312
2014-10-27,161.14134216308594
2014-10-28,162.98963928222656
2014-10-29,162.74319458007812
2014-10-30,163.78651428222656
2014-10-31,165.6594696044922
2014-11-03,165.7498016357422
2014-11-04,165.17483520507812
2014-11-05,166.2180938720703
2014-11-06,166.8834686279297
2014-11-07,167.03953552246094
2014-11-10,167.5653076171875
2014-11-11,167.7295684814453
2014-11-12,167.54885864257812
2014-11-13,167.73777770996094
2014-11-14,167.7788543701172
2014-11-17,167.88571166992188
2014-11-18,168.85501098632812
2014-11-19,168.58396911621094
2014-11-20,168.8797149658203
2014-11-21,169.78329467773438
2014-11-24,170.25975036621094
2014-11-25,170.1365203857422
2014-11-26,170.57188415527344
2014-11-28,170.21044921875
2014-12-01,169.02752685546875
2014-12-02,170.12013244628906
2014-12-03,170.7772674560547
2014-12-04,170.58840942382812
2014-12-05,170.86761474609375
2014-12-08,169.72586059570312
2014-12-09,169.61077880859375
2014-12-10,166.8916778564453
2014-12-11,167.73777770996094
2014-12-12,165.02688598632812
2014-12-15,163.89324951171875
2014-12-16,162.57891845703125
2014-12-17,165.76625061035156
2014-12-18,169.86544799804688
2014-12-19,170.58822631835938
2014-12-22,171.3729248046875
2014-12-23,171.6042022705078
2014-12-24,171.6206817626953
2014-12-26,172.1741485595703
2014-12-29,172.4054412841797
2014-12-30,171.48033142089844
2014-12-31,169.77870178222656
2015-01-02,169.6878662109375
2015-01-05,166.62335205078125
2015-01-06,165.05389404296875
2015-01-07,167.11074829101562
2015-01-08,170.0760498046875
2015-01-09,168.71311950683594
2015-01-12,167.39151000976562
2015-01-13,166.9207305908203
2015-01-14,165.91299438476562
2015-01-15,164.3931121826172
2015-01-16,166.54901123046875
2015-01-20,166.9041748046875
2015-01-21,167.74673461914062
2015-01-22,170.2412567138672
2015-01-23,169.30783081054688
2015-01-26,169.7042999267578
2015-01-27,167.46588134765625
2015-01-28,165.3182373046875
2015-01-29,166.84632873535156
2015-01-30,164.748291015625
2015-02-02,166.7885284423828
2015-02-03,169.2005157470703
2015-02-04,168.55621337890625
2015-02-05,170.25782775878906
2015-02-06,169.7869873046875
2015-02-09,169.02706909179688
2015-02-10,170.82772827148438
2015-02-11,170.9268341064453
2015-02-12,172.57064819335938
2015-02-13,173.281005859375
2015-02-17,173.55357360839844
2015-02-18,173.57009887695312
2015-02-19,173.4461669921875
2015-02-20,174.48696899414062
2015-02-23,174.46221923828125
2015-02-24,174.9578399658203
2015-02-25,174.8091278076172
2015-02-26,174.60263061523438
2015-02-27,174.0079345703125
2015-03-02,175.1065216064453
2015-03-03,174.3878631591797
2015-03-04,173.65267944335938
2015-03-05,173.84271240234375
2015-03-06,171.39772033691406
2015-03-09,172.10801696777344
2015-03-10,169.316162109375
2015-03-11,168.91964721679688
2015-03-12,171.06729125976562
2015-03-13,170.01828002929688
2015-03-16,172.28981018066406
2015-03-17,171.77764892578125
2015-03-18,173.84271240234375
2015-03-19,173.04974365234375
2015-03-20,174.57713317871094
2015-03-23,174.23699951171875
2015-03-24,173.25796508789062
2015-03-25,170.7190704345703
2015-03-26,170.31259155273438
2015-03-27,170.70249938964844
2015-03-30,172.7850341796875
2015-03-31,171.2749786376953
2015-04-01,170.6693115234375
2015-04-02,171.28326416015625
2015-04-06,172.43653869628906
2015-04-07,171.98025512695312
2015-04-08,172.56106567382812
2015-04-09,173.32435607910156
2015-04-10,174.2702178955078
2015-04-13,173.4819793701172
2015-04-14,173.81393432617188
2015-04-15,174.5937957763672
2015-04-16,174.54400634765625
2015-04-17,172.53614807128906
2015-04-20,174.11260986328125
2015-04-21,173.90512084960938
2015-04-22,174.7597198486328
2015-04-23,175.19947814941406
2015-04-24,175.6060791015625
2015-04-27,174.87588500976562
2015-04-28,175.43179321289062
2015-04-29,174.70994567871094
2015-04-30,172.9593048095703
2015-05-01,174.83438110351562
2015-05-04,175.33224487304688
2015-05-05,173.32435607910156
2015-05-06,172.6107635498047
2015-05-07,173.29946899414062
2015-05-08,175.58114624023438
2015-05-11,174.74317932128906
2015-05-12,174.22036743164062
2015-05-13,174.253662109375
2015-05-14,176.07066345214844
2015-05-15,176.26148986816406
2015-05-18,176.80914306640625
2015-05-19,176.75103759765625
2015-05-20,176.62661743164062
2015-05-21,177.1409912109375
2015-05-22,176.7178192138672
2015-05-26,174.81781005859375
2015-05-27,176.4772186279297
2015-05-28,176.27809143066406
2015-05-29,175.18292236328125
2015-06-01,175.53965759277344
2015-06-02,175.36544799804688
2015-06-03,175.83004760742188
2015-06-04,174.34486389160156
2015-06-05,174.04617309570312
2015-06-08,172.97589111328125
2015-06-09,172.9510040283203
2015-06-10,175.0251922607422
2015-06-11,175.58946228027344
2015-06-12,174.2453155517578
2015-06-15,173.49859619140625
2015-06-16,174.44447326660156
2015-06-17,174.72650146484375
2015-06-18,176.54360961914062
2015-06-19,175.7598876953125
2015-06-22,176.6603240966797
2015-06-23,176.7853546142578
2015-06-24,175.50148010253906
2015-06-25,174.96786499023438
2015-06-26,174.9344940185547
2015-06-29,171.2660675048828
2015-06-30,171.6245574951172
2015-07-01,173.00021362304688
2015-07-02,172.84176635742188
2015-07-06,172.34986877441406
2015-07-07,173.43377685546875
2015-07-08,170.52398681640625
2015-07-09,170.83248901367188
2015-07-10,172.9835205078125
2015-07-13,174.89283752441406
2015-07-14,175.6514892578125
2015-07-15,175.59315490722656
2015-07-16,177.00218200683594
2015-07-17,177.1521759033203
2015-07-20,177.24392700195312
2015-07-21,176.54359436035156
2015-07-22,176.22674560546875
2015-07-23,175.23460388183594
2015-07-24,173.4170379638672
2015-07-27,172.40823364257812
2015-07-28,174.5259552001953
2015-07-29,175.72650146484375
2015-07-30,175.7682342529297
2015-07-31,175.50148010253906
2015-08-03,174.90948486328125
2015-08-04,174.5676727294922
2015-08-05,175.14297485351562
2015-08-06,173.7088623046875
2015-08-07,173.37538146972656
2015-08-10,175.55975341796875
2015-08-11,173.97569274902344
2015-08-12,174.1841278076172
2015-08-13,173.96734619140625
2015-08-14,174.60101318359375
2015-08-17,175.576416015625
2015-08-18,175.0677947998047
2015-08-19,173.68385314941406
2015-08-20,170.05715942382812
2015-08-21,164.9379425048828
2015-08-24,157.99290466308594
2015-08-25,156.13375854492188
2015-08-26,162.12828063964844
2015-08-27,166.13856506347656
2015-08-28,166.14695739746094
2015-08-31,164.80458068847656
2015-09-01,159.88551330566406
2015-09-02,162.92037963867188
2015-09-03,163.03709411621094
2015-09-04,160.5692138671875
2015-09-08,164.6044464111328
2015-09-09,162.4033966064453
2015-09-10,163.2871551513672
2015-09-11,164.02923583984375
2015-09-14,163.4206085205078
2015-09-15,165.4632110595703
2015-09-16,166.89727783203125
2015-09-17,166.52203369140625
2015-09-18,163.80084228515625
2015-09-21,164.64732360839844
2015-09-22,162.5102081298828
2015-09-23,162.2504425048828
2015-09-24,161.66378784179688
2015-09-25,161.6219024658203
2015-09-28,157.56561279296875
2015-09-29,157.6577606201172
2015-09-30,160.59945678710938
2015-10-01,161.01844787597656
2015-10-02,163.42369079589844
2015-10-05,166.3318634033203
2015-10-06,165.76197814941406
2015-10-07,167.11964416503906
2015-10-08,168.62815856933594
2015-10-09,168.72874450683594
2015-10-12,168.887939453125
2015-10-13,167.82359313964844
2015-10-14,167.01905822753906
2015-10-15,169.5835418701172
2015-10-16,170.35458374023438
2015-10-19,170.4383544921875
2015-10-20,170.22048950195312
2015-10-21,169.16452026367188
2015-10-22,172.02230834960938
2015-10-23,173.9080047607422
2015-10-26,173.48060607910156
2015-10-27,173.14535522460938
2015-10-28,175.1147918701172
2015-10-29,175.01426696777344
2015-10-30,174.26002502441406
2015-11-02,176.32167053222656
2015-11-03,176.83287048339844
2015-11-04,176.29653930664062
2015-11-05,176.12049865722656
2015-11-06,176.02835083007812
2015-11-09,174.38572692871094
2015-11-10,174.7879638671875
2015-11-11,174.10076904296875
2015-11-12,171.67034912109375
2015-11-13,169.7427520751953
2015-11-16,172.3240509033203
2015-11-17,172.1983184814453
2015-11-18,174.93045043945312
2015-11-19,174.779541015625
2015-11-20,175.41651916503906
2015-11-23,175.2154083251953
2015-11-24,175.45008850097656
2015-11-25,175.42491149902344
2015-11-27,175.62608337402344
2015-11-30,174.89688110351562
2015-12-01,176.56466674804688
2015-12-02,174.76280212402344
2015-12-03,172.31568908691406
2015-12-04,175.6763153076172
2015-12-07,174.61196899414062
2015-12-08,173.438720703125
2015-12-09,172.08941650390625
2015-12-10,172.53358459472656
2015-12-11,169.1896209716797
2015-12-14,170.04446411132812
2015-12-15,171.8295440673828
2015-12-16,174.34376525878906
2015-12-17,171.68711853027344
2015-12-18,168.6284942626953
2015-12-21,170.01954650878906
2015-12-22,171.56228637695312
2015-12-23,173.68687438964844
2015-12-24,173.400146484375
2015-12-28,173.0039520263672
2015-12-29,174.8502197265625
2015-12-30,173.61093139648438
2015-12-31,171.874267578125
2016-01-04,169.47158813476562
2016-01-05,169.75827026367188
2016-01-06,167.6168670654297
2016-01-07,163.59542846679688
2016-01-08,161.7997283935547
2016-01-11,161.95985412597656
2016-01-12,163.26666259765625
2016-01-13,159.19464111328125
2016-01-14,161.8081817626953
2016-01-15,158.3347625732422
2016-01-19,158.54551696777344
2016-01-20,156.51376342773438
2016-01-21,157.39053344726562
2016-01-22,160.61941528320312
2016-01-25,158.1914520263672
2016-01-26,160.34971618652344
2016-01-27,158.60447692871094
2016-01-28,159.43069458007812
2016-01-29,163.3172607421875
2016-02-01,163.25816345214844
2016-02-02,160.31590270996094
2016-02-03,161.2770538330078
2016-02-04,161.52993774414062
2016-02-05,158.45274353027344
2016-02-08,156.31983947753906
2016-02-09,156.32826232910156
2016-02-10,156.19337463378906
2016-02-11,154.16163635253906
2016-02-12,157.3399658203125
2016-02-16,159.99560546875
2016-02-17,162.60902404785156
2016-02-18,161.9430694580078
2016-02-19,161.86717224121094
2016-02-22,164.21092224121094
2016-02-23,162.136962890625
2016-02-24,162.8788604736328
2016-02-25,164.8516387939453
2016-02-26,164.4722137451172
2016-02-29,163.18231201171875
2016-03-01,167.0182342529297
2016-03-02,167.7685089111328
2016-03-03,168.42617797851562
2016-03-04,168.9741668701172
2016-03-07,169.10902404785156
2016-03-08,167.26272583007812
2016-03-09,168.08892822265625
2016-03-10,168.22386169433594
2016-03-11,170.93844604492188
2016-03-14,170.71926879882812
2016-03-15,170.44110107421875
2016-03-16,171.427490234375
2016-03-17,172.5150146484375
2016-03-18,173.1929168701172
2016-03-21,173.43869018554688
2016-03-22,173.34539794921875
2016-03-23,172.2014617919922
2016-03-24,172.12515258789062
2016-03-28,172.2268524169922
2016-03-29,173.82000732421875
2016-03-30,174.58265686035156
2016-03-31,174.15895080566406
2016-04-01,175.34530639648438
2016-04-04,174.7775421142578
2016-04-05,173.03192138671875
2016-04-06,174.92166137695312
2016-04-07,172.82852172851562
2016-04-08,173.2946014404297
2016-04-11,172.88784790039062
2016-04-12,174.4979248046875
2016-04-13,176.2605438232422
2016-04-14,176.26898193359375
2016-04-15,176.07415771484375
2016-04-18,177.31134033203125
2016-04-19,177.8706512451172
2016-04-20,178.04006958007812
2016-04-21,177.08253479003906
2016-04-22,177.08253479003906
2016-04-25,176.77745056152344
2016-04-26,177.0401611328125
2016-04-27,177.40451049804688
2016-04-28,175.79443359375
2016-04-29,174.84535217285156
2016-05-02,176.235107421875
2016-05-03,174.70127868652344
2016-05-04,173.7267303466797
2016-05-05,173.69288635253906
2016-05-06,174.3284454345703
2016-05-09,174.47254943847656
2016-05-10,176.64186096191406
2016-05-11,174.98939514160156
2016-05-12,175.04026794433594
2016-05-13,173.514892578125
2016-05-16,175.22666931152344
2016-05-17,173.59120178222656
2016-05-18,173.64210510253906
2016-05-19,173.04039001464844
2016-05-20,174.13352966308594
2016-05-23,173.89627075195312
2016-05-24,176.15037536621094
2016-05-25,177.3451690673828
2016-05-26,177.39605712890625
2016-05-27,178.15872192382812
2016-05-31,177.8197784423828
2016-06-01,178.18418884277344
2016-06-02,178.72650146484375
2016-06-03,178.19261169433594
2016-06-06,179.09933471679688
2016-06-07,179.37901306152344
2016-06-08,179.9636688232422
2016-06-09,179.7179412841797
2016-06-10,178.01466369628906
2016-06-13,176.64186096191406
2016-06-14,176.29437255859375
2016-06-15,176.0486602783203
2016-06-16,176.5740509033203
2016-06-17,175.91650390625
2016-06-20,177.04940795898438
2016-06-21,177.55197143554688
2016-06-22,177.26234436035156
2016-06-23,179.5707244873047
2016-06-24,173.12255859375
2016-06-27,170.0219268798828
2016-06-28,173.08848571777344
2016-06-29,176.03570556640625
2016-06-30,178.4378204345703
2016-07-01,178.81259155273438
2016-07-05,177.52639770507812
2016-07-06,178.59115600585938
2016-07-07,178.4804229736328
2016-07-08,181.1380615234375
2016-07-11,181.77691650390625
2016-07-12,183.0972442626953
2016-07-13,183.0717010498047
2016-07-14,184.0938720703125
2016-07-15,183.8468475341797
2016-07-18,184.3408966064453
2016-07-19,184.1534881591797
2016-07-20,184.92013549804688
2016-07-21,184.22166442871094
2016-07-22,185.04788208007812
2016-07-25,184.54531860351562
2016-07-26,184.63050842285156
2016-07-27,184.4346466064453
2016-07-28,184.6475372314453
2016-07-29,184.94569396972656
2016-08-01,184.79237365722656
2016-08-02,183.60836791992188
2016-08-03,184.1449737548828
2016-08-04,184.3408966064453
2016-08-05,185.84860229492188
2016-08-08,185.7378692626953
2016-08-09,185.84860229492188
2016-08-10,185.38865661621094
2016-08-11,186.2489471435547
2016-08-12,186.08717346191406
2016-08-15,186.623779296875
2016-08-16,185.66119384765625
2016-08-17,186.01043701171875
2016-08-18,186.4278564453125
2016-08-19,186.1552276611328
2016-08-22,186.1467742919922
2016-08-23,186.52157592773438
2016-08-24,185.56756591796875
2016-08-25,185.43971252441406
2016-08-26,185.09048461914062
2016-08-29,186.00193786621094
2016-08-30,185.69525146484375
2016-08-31,185.16717529296875
2016-09-01,185.1757354736328
2016-09-02,186.01043701171875
2016-09-06,186.57264709472656
2016-09-07,186.5555877685547
2016-09-08,186.12969970703125
2016-09-09,181.67471313476562
2016-09-12,184.28123474121094
2016-09-13,181.63214111328125
2016-09-14,181.56399536132812
2016-09-15,183.37838745117188
2016-09-16,182.6695098876953
2016-09-19,182.70372009277344
2016-09-20,182.71226501464844
2016-09-21,184.7669677734375
2016-09-22,185.93125915527344
2016-09-23,184.91250610351562
2016-09-26,183.41436767578125
2016-09-27,184.55288696289062
2016-09-28,185.4689483642578
2016-09-29,183.79098510742188
2016-09-30,185.17788696289062
2016-10-03,184.73272705078125
2016-10-04,183.79098510742188
2016-10-05,184.60430908203125
2016-10-06,184.73272705078125
2016-10-07,184.09915161132812
2016-10-10,185.05801391601562
2016-10-11,182.72084045410156
2016-10-12,182.96054077148438
2016-10-13,182.36129760742188
2016-10-14,182.45547485351562
2016-10-17,181.8219451904297
2016-10-18,182.96054077148438
2016-10-19,183.44851684570312
2016-10-20,183.1061248779297
2016-10-21,183.1916961669922
2016-10-24,183.9708251953125
2016-10-25,183.3543243408203
2016-10-26,182.98623657226562
2016-10-27,182.49827575683594
2016-10-28,181.95895385742188
2016-10-31,181.96746826171875
2016-11-01,180.64901733398438
2016-11-02,179.56173706054688
2016-11-03,178.73992919921875
2016-11-04,178.54298400878906
2016-11-07,182.4811248779297
2016-11-08,183.30299377441406
2016-11-09,185.2464141845703
2016-11-10,185.70867919921875
2016-11-11,185.28062438964844
2016-11-14,185.4261474609375
2016-11-15,186.873046875
2016-11-16,186.52197265625
2016-11-17,187.48080444335938
2016-11-18,187.06130981445312
2016-11-21,188.4739227294922
2016-11-22,188.84207153320312
2016-11-23,188.94480895996094
2016-11-25,189.64682006835938
2016-11-28,188.7564239501953
2016-11-29,189.1246337890625
2016-11-30,188.67086791992188
2016-12-01,187.9774627685547
2016-12-02,188.07154846191406
2016-12-05,189.20166015625
2016-12-06,189.80096435546875
2016-12-07,192.28366088867188
2016-12-08,192.75454711914062
2016-12-09,193.9188690185547
2016-12-12,193.69625854492188
2016-12-13,194.98902893066406
2016-12-14,193.37953186035156
2016-12-15,194.17562866210938
2016-12-16,193.79592895507812
2016-12-19,194.21786499023438
2016-12-20,194.96710205078125
2016-12-21,194.42459106445312
2016-12-22,194.08868408203125
2016-12-23,194.3729248046875
2016-12-27,194.85513305664062
2016-12-28,193.2447509765625
2016-12-29,193.2017059326172
2016-12-30,192.49557495117188
2017-01-03,193.96817016601562
2017-01-04,195.12205505371094
2017-01-05,194.96710205078125
2017-01-06,195.66465759277344
2017-01-09,195.0187530517578
2017-01-10,195.0187530517578
2017-01-11,195.56996154785156
2017-01-12,195.0790557861328
2017-01-13,195.52684020996094
2017-01-17,194.83792114257812
2017-01-18,195.2684783935547
2017-01-19,194.54513549804688
2017-01-20,195.2599639892578
2017-01-23,194.75180053710938
2017-01-24,196.00051879882812
2017-01-25,197.69692993164062
2017-01-26,197.4903106689453
2017-01-27,197.18026733398438
2017-01-30,195.9574432373047
2017-01-31,195.940185546875
2017-02-01,196.01773071289062
2017-02-02,196.14691162109375
2017-02-03,197.49896240234375
2017-02-06,197.14584350585938
2017-02-07,197.1544647216797
2017-02-08,197.41285705566406
2017-02-09,198.58399963378906
2017-02-10,199.36761474609375
2017-02-13,200.4526824951172
2017-02-14,201.25357055664062
2017-02-15,202.30422973632812
2017-02-16,202.1319580078125
2017-02-17,202.4506072998047
2017-02-21,203.65628051757812
2017-02-22,203.47540283203125
2017-02-23,203.61318969726562
2017-02-24,203.87149047851562
2017-02-27,204.1901397705078
2017-02-28,203.63897705078125
2017-03-01,206.48941040039062
2017-03-02,205.1890869140625
2017-03-03,205.3182373046875
2017-03-06,204.70687866210938
2017-03-07,204.09542846679688
2017-03-08,203.7164764404297
2017-03-09,203.974853515625
2017-03-10,204.68963623046875
2017-03-13,204.79296875
2017-03-14,204.00927734375
2017-03-15,205.77468872070312
2017-03-16,205.3699493408203
2017-03-17,205.00929260253906
2017-03-20,204.78436279296875
2017-03-21,202.15505981445312
2017-03-22,202.63076782226562
2017-03-23,202.41455078125
2017-03-24,202.2675018310547
2017-03-27,202.05990600585938
2017-03-28,203.5302734375
2017-03-29,203.7205810546875
2017-03-30,204.36920166015625
2017-03-31,203.8934783935547
2017-04-03,203.53892517089844
2017-04-04,203.66868591308594
2017-04-05,203.063232421875
2017-04-06,203.63406372070312
2017-04-07,203.42648315429688
2017-04-10,203.54754638671875
2017-04-11,203.30538940429688
2017-04-12,202.41455078125
2017-04-13,201.09986877441406
2017-04-17,202.88157653808594
2017-04-18,202.27610778808594
2017-04-19,201.90426635742188
2017-04-20,203.54754638671875
2017-04-21,202.8988494873047
2017-04-24,205.13034057617188
2017-04-25,206.32394409179688
2017-04-26,206.19418334960938
2017-04-27,206.36717224121094
2017-04-28,205.9174041748047
2017-05-01,206.43634033203125
2017-05-02,206.5142364501953
2017-05-03,206.2633819580078
2017-05-04,206.5055389404297
2017-05-05,207.3185577392578
2017-05-08,207.283935546875
2017-05-09,207.09371948242188
2017-05-10,207.46556091308594
2017-05-11,207.0417938232422
2017-05-12,206.69583129882812
2017-05-15,207.83750915527344
2017-05-16,207.64724731445312
2017-05-17,203.96275329589844
2017-05-18,204.78436279296875
2017-05-19,206.11631774902344
2017-05-22,207.16285705566406
2017-05-23,207.62130737304688
2017-05-24,208.10565185546875
2017-05-25,209.10028076171875
2017-05-26,209.05706787109375
2017-05-30,208.87539672851562
2017-05-31,208.82351684570312
2017-06-01,210.48414611816406
2017-06-02,211.18467712402344
2017-06-05,211.02908325195312
2017-06-06,210.3543701171875
2017-06-07,210.7435760498047
2017-06-08,210.84742736816406
2017-06-09,210.5273895263672
2017-06-12,210.48414611816406
2017-06-13,211.51336669921875
2017-06-14,211.2452850341797
2017-06-15,210.8387451171875
2017-06-16,210.88479614257812
2017-06-19,212.64041137695312
2017-06-20,211.20639038085938
2017-06-21,211.15428161621094
2017-06-22,211.05868530273438
2017-06-23,211.31068420410156
2017-06-26,211.4497528076172
2017-06-27,209.74624633789062
2017-06-28,211.62355041503906
2017-06-29,209.76368713378906
2017-06-30,210.1547393798828
2017-07-03,210.51109313964844
2017-07-05,210.99778747558594
2017-07-06,209.06829833984375
2017-07-07,210.42417907714844
2017-07-10,210.650146484375
2017-07-11,210.4937286376953
2017-07-12,212.07546997070312
2017-07-13,212.431884765625
2017-07-14,213.42262268066406
2017-07-17,213.39657592773438
2017-07-18,213.5095672607422
2017-07-19,214.66554260253906
2017-07-20,214.76109313964844
2017-07-21,214.56993103027344
2017-07-24,214.51773071289062
2017-07-25,215.0392608642578
2017-07-26,215.04794311523438
2017-07-27,214.84808349609375
2017-07-28,214.59600830078125
2017-07-31,214.4742889404297
2017-08-01,214.9523162841797
2017-08-02,215.05661010742188
2017-08-03,214.6394500732422
2017-08-04,215.03053283691406
2017-08-07,215.43035888671875
2017-08-08,214.90020751953125
2017-08-09,214.89149475097656
2017-08-10,211.8582000732422
2017-08-11,212.17112731933594
2017-08-14,214.27439880371094
2017-08-15,214.248291015625
2017-08-16,214.62203979492188
2017-08-17,211.2759246826172
2017-08-18,210.9456329345703
2017-08-21,211.1107635498047
2017-08-22,213.31838989257812
2017-08-23,212.55348205566406
2017-08-24,212.0581817626953
2017-08-25,212.55348205566406
2017-08-28,212.56224060058594
2017-08-29,212.80563354492188
2017-08-30,213.81378173828125
2017-08-31,215.1000518798828
2017-09-01,215.40428161621094
2017-09-05,213.8572540283203
2017-09-06,214.5872802734375
2017-09-07,214.5612335205078
2017-09-08,214.30918884277344
2017-09-11,216.59498596191406
2017-09-12,217.32501220703125
2017-09-13,217.42933654785156
2017-09-14,217.35980224609375
2017-09-15,217.65240478515625
2017-09-18,218.11534118652344
2017-09-19,218.33364868164062
2017-09-20,218.4123077392578
2017-09-21,217.8271026611328
2017-09-22,217.87075805664062
2017-09-25,217.42529296875
2017-09-26,217.55633544921875
2017-09-27,218.40354919433594
2017-09-28,218.6655731201172
2017-09-29,219.43421936035156
2017-10-02,220.3862762451172
2017-10-03,220.8579559326172
2017-10-04,221.1199493408203
2017-10-05,222.4301300048828
2017-10-06,222.1768341064453
2017-10-09,221.8099822998047
2017-10-10,222.39517211914062
2017-10-11,222.74456787109375
2017-10-12,222.41265869140625
2017-10-13,222.6834716796875
2017-10-16,222.98040771484375
2017-10-17,223.1376190185547
2017-10-18,223.35597229003906
2017-10-19,223.41712951660156
2017-10-20,224.5700225830078
2017-10-23,223.6966094970703
2017-10-24,224.0896759033203
2017-10-25,222.98040771484375
2017-10-26,223.26858520507812
2017-10-27,225.09408569335938
2017-10-30,224.2556610107422
2017-10-31,224.60498046875
2017-11-01,224.90194702148438
2017-11-02,224.98927307128906
2017-11-03,225.74044799804688
2017-11-06,226.08982849121094
2017-11-07,225.9326629638672
2017-11-08,226.3169708251953
2017-11-09,225.49591064453125
2017-11-10,225.426025390625
2017-11-13,225.6356658935547
2017-11-14,225.11155700683594
2017-11-15,223.98484802246094
2017-11-16,225.88890075683594
2017-11-17,225.22512817382812
2017-11-20,225.6094207763672
2017-11-21,227.08555603027344
2017-11-22,226.88467407226562
2017-11-24,227.40866088867188
2017-11-27,227.2952117919922
2017-11-28,229.60098266601562
2017-11-29,229.46139526367188
2017-11-30,231.47024536132812
2017-12-01,230.98983764648438
2017-12-04,230.71034240722656
2017-12-05,229.8805694580078
2017-12-06,229.9242401123047
2017-12-07,230.64918518066406
2017-12-08,231.90696716308594
2017-12-11,232.6056365966797
2017-12-12,233.01622009277344
2017-12-13,232.9900665283203
2017-12-14,232.03797912597656
2017-12-15,233.97023010253906
2017-12-18,235.45387268066406
2017-12-19,234.5496368408203
2017-12-20,234.4267120361328
2017-12-21,234.90953063964844
2017-12-22,234.84815979003906
2017-12-26,234.56719970703125
2017-12-27,234.68138122558594
2017-12-28,235.16421508789062
2017-12-29,234.2774658203125
2018-01-02,235.9542694091797
2018-01-03,237.44671630859375
2018-01-04,238.4474639892578
2018-01-05,240.03662109375
2018-01-08,240.4755401611328
2018-01-09,241.0198516845703
2018-01-10,240.65106201171875
2018-01-11,242.40689086914062
2018-01-12,243.98715209960938
2018-01-16,243.15313720703125
2018-01-17,245.4707794189453
2018-01-18,245.0582275390625
2018-01-19,246.17311096191406
2018-01-22,248.1747283935547
2018-01-23,248.7015380859375
2018-01-24,248.6049346923828
2018-01-25,248.71023559570312
2018-01-26,251.58978271484375
2018-01-29,249.92176818847656
2018-01-30,247.35826110839844
2018-01-31,247.48118591308594
2018-02-01,247.2003173828125
2018-02-02,241.81874084472656
2018-02-05,231.70523071289062
2018-02-06,236.27037048339844
2018-02-07,234.98866271972656
2018-02-08,226.1744842529297
2018-02-09,229.57196044921875
2018-02-12,232.9430389404297
2018-02-13,233.52255249023438
2018-02-14,236.6741943359375
2018-02-15,239.69415283203125
2018-02-16,239.7643585205078
2018-02-20,238.26315307617188
2018-02-21,237.07803344726562
2018-02-22,237.38522338867188
2018-02-23,241.16903686523438
2018-02-26,243.9695587158203
2018-02-27,240.92315673828125
2018-02-28,238.482666015625
2018-03-01,235.01495361328125
2018-03-02,236.2263946533203
2018-03-05,238.9567413330078
2018-03-06,239.5624542236328
2018-03-07,239.47471618652344
2018-03-08,240.63356018066406
2018-03-09,244.82113647460938
2018-03-12,244.51385498046875
2018-03-13,242.93360900878906
2018-03-14,241.68701171875
2018-03-15,241.4236297607422
2018-03-16,241.6854705810547
2018-03-19,238.4153594970703
2018-03-20,238.82080078125
2018-03-21,238.36248779296875
2018-03-22,232.404052734375
2018-03-23,227.4504852294922
2018-03-26,233.67330932617188
2018-03-27,229.6981658935547
2018-03-28,229.01939392089844
2018-03-29,231.9457550048828
2018-04-02,226.93930053710938
2018-04-03,229.8479766845703
2018-04-04,232.30709838867188
2018-04-05,234.14047241210938
2018-04-06,228.9224090576172
2018-04-09,230.0507049560547
2018-04-10,233.70858764648438
2018-04-11,232.48342895507812
2018-04-12,234.39613342285156
2018-04-13,233.70858764648438
2018-04-16,235.6300811767578
2018-04-17,238.15097045898438
2018-04-18,238.3271942138672
2018-04-19,237.005126953125
2018-04-20,234.99542236328125
2018-04-23,234.96018981933594
2018-04-24,231.79591369628906
2018-04-25,232.3687744140625
2018-04-26,234.73095703125
2018-04-27,234.95138549804688
2018-04-30,233.1444549560547
2018-05-01,233.55877685546875
2018-05-02,231.98983764648438
2018-05-03,231.4785614013672
2018-05-04,234.47540283203125
2018-05-07,235.2686767578125
2018-05-08,235.2686767578125
2018-05-09,237.54278564453125
2018-05-10,239.7638702392578
2018-05-11,240.49559020996094
2018-05-14,240.61009216308594
2018-05-15,238.95306396484375
2018-05-16,239.95785522460938
2018-05-17,239.755126953125
2018-05-18,239.15576171875
2018-05-21,240.95379638671875
2018-05-22,240.28396606445312
2018-05-23,240.9450225830078
2018-05-24,240.45147705078125
2018-05-25,239.8785400390625
2018-05-29,237.11968994140625
2018-05-30,240.28396606445312
2018-05-31,238.8119659423828
2018-06-01,241.15652465820312
2018-06-04,242.3024444580078
2018-06-05,242.47877502441406
2018-06-06,244.5060272216797
2018-06-07,244.4794464111328
2018-06-08,245.20225524902344
2018-06-11,245.52841186523438
2018-06-12,245.84576416015625
2018-06-13,245.06129455566406
2018-06-14,245.67823791503906
2018-06-15,245.3648681640625
2018-06-18,244.86012268066406
2018-06-19,243.92166137695312
2018-06-20,244.33782958984375
2018-06-21,242.80613708496094
2018-06-22,243.24871826171875
2018-06-25,239.93746948242188
2018-06-26,240.46865844726562
2018-06-27,238.47665405273438
2018-06-28,239.84010314941406
2018-06-29,240.18531799316406
2018-07-02,240.69888305664062
2018-07-03,239.8489532470703
2018-07-05,241.80560302734375
2018-07-06,243.85084533691406
2018-07-09,246.0465850830078
2018-07-10,246.9319610595703
2018-07-11,245.1257781982422
2018-07-12,247.34805297851562
2018-07-13,247.54286193847656
2018-07-16,247.32151794433594
2018-07-17,248.32200622558594
2018-07-18,248.84434509277344
2018-07-19,247.90586853027344
2018-07-20,247.6225128173828
2018-07-23,248.08290100097656
2018-07-24,249.33132934570312
2018-07-25,251.45616149902344
2018-07-26,250.8629608154297
2018-07-27,249.1630859375
2018-07-30,247.86160278320312
2018-07-31,249.08335876464844
2018-08-01,248.6672821044922
2018-08-02,250.0218505859375
2018-08-03,251.09327697753906
2018-08-06,252.01405334472656
2018-08-07,252.8463134765625
2018-08-08,252.74000549316406
2018-08-09,252.3946990966797
2018-08-10,250.70370483398438
2018-08-13,249.76515197753906
2018-08-14,251.35882568359375
2018-08-15,249.48184204101562
2018-08-16,251.5005340576172
2018-08-17,252.38575744628906
2018-08-20,252.92593383789062
2018-08-21,253.51914978027344
2018-08-22,253.36871337890625
2018-08-23,253.03221130371094
2018-08-24,254.5550537109375
2018-08-27,256.5649108886719
2018-08-28,256.68878173828125
2018-08-29,258.07000732421875
2018-08-30,257.0252685546875
2018-08-31,257.03411865234375
2018-09-04,256.5914001464844
2018-09-05,255.90086364746094
2018-09-06,255.13055419921875
2018-09-07,254.6347198486328
2018-09-10,255.0774688720703
2018-09-11,255.91851806640625
2018-09-12,255.98048400878906
2018-09-13,257.4945983886719
2018-09-14,257.538818359375
2018-09-17,256.1752624511719
2018-09-18,257.5653381347656
2018-09-19,257.83984375
2018-09-20,259.9293212890625
2018-09-21,259.6918029785156
2018-09-24,258.82916259765625
2018-09-25,258.5889892578125
2018-09-26,257.81524658203125
2018-09-27,258.5356750488281
2018-09-28,258.56231689453125
2018-10-01,259.4605712890625
2018-10-02,259.3094177246094
2018-10-03,259.45172119140625
2018-10-04,257.42388916015625
2018-10-05,255.98300170898438
2018-10-08,255.98300170898438
2018-10-09,255.6095428466797
2018-10-10,247.5161590576172
2018-10-11,242.06417846679688
2018-10-12,245.4260711669922
2018-10-15,244.04745483398438
2018-10-16,249.38381958007812
2018-10-17,249.42837524414062
2018-10-18,245.82627868652344
2018-10-19,245.69284057617188
2018-10-22,244.58998107910156
2018-10-23,243.3449249267578
2018-10-24,235.9718780517578
2018-10-25,240.20533752441406
2018-10-26,235.98081970214844
2018-10-29,234.67343139648438
2018-10-30,238.1509246826172
2018-10-31,240.69454956054688
2018-11-01,243.25599670410156
2018-11-02,241.81517028808594
2018-11-05,243.1493377685547
2018-11-06,244.68788146972656
2018-11-07,249.9263153076172
2018-11-08,249.47276306152344
2018-11-09,247.035888671875
2018-11-12,242.419921875
2018-11-13,241.96633911132812
2018-11-14,240.3121337890625
2018-11-15,242.82015991210938
2018-11-16,243.45169067382812
2018-11-19,239.3338165283203
2018-11-20,234.90463256835938
2018-11-21,235.70510864257812
2018-11-23,234.13092041015625
2018-11-26,237.9108123779297
2018-11-27,238.71127319335938
2018-11-28,244.20755004882812
2018-11-29,243.67401123046875
2018-11-30,245.15921020507812
2018-12-03,248.40548706054688
2018-12-04,240.3565216064453
2018-12-06,239.99192810058594
2018-12-07,234.41549682617188
2018-12-10,234.8601531982422
2018-12-11,234.91355895996094
2018-12-12,236.09637451171875
2018-12-13,236.01632690429688
2018-12-14,231.65835571289062
2018-12-17,227.11363220214844
2018-12-18,226.86456298828125
2018-12-19,223.46713256835938
2018-12-20,219.82955932617188
2018-12-21,215.32533264160156
2018-12-24,209.63580322265625
2018-12-26,220.22767639160156
2018-12-27,221.91842651367188
2018-12-28,221.6321258544922
2018-12-31,223.57337951660156
2019-01-02,223.80593872070312
2019-01-03,218.46533203125
2019-01-04,225.78298950195312
2019-01-07,227.56320190429688
2019-01-08,229.70123291015625
2019-01-09,230.7747039794922
2019-01-10,231.58880615234375
2019-01-11,231.67825317382812
2019-01-14,230.26480102539062
2019-01-15,232.90390014648438
2019-01-16,233.4674530029297
2019-01-17,235.23867797851562
2019-01-18,238.36973571777344
2019-01-22,235.149169921875
2019-01-23,235.64122009277344
2019-01-24,235.76654052734375
2019-01-25,237.7614288330078
2019-01-28,235.95436096191406
2019-01-29,235.64122009277344
2019-01-30,239.3716278076172
2019-01-31,241.473876953125
2019-02-01,241.59019470214844
2019-02-04,243.2899169921875
2019-02-05,244.30975341796875
2019-02-06,243.9876251220703
2019-02-07,241.66180419921875
2019-02-08,241.95700073242188
2019-02-11,242.0911102294922
2019-02-12,245.20431518554688
2019-02-13,246.0005340576172
2019-02-14,245.45480346679688
2019-02-15,248.1295623779297
2019-02-19,248.55899047851562
2019-02-20,249.05995178222656
2019-02-21,248.17437744140625
2019-02-22,249.71299743652344
2019-02-25,250.05294799804688
2019-02-26,249.8740234375
2019-02-27,249.76669311523438
2019-02-28,249.3014373779297
2019-03-01,250.85800170898438
2019-03-04,249.94557189941406
2019-03-05,249.60562133789062
2019-03-06,248.09373474121094
2019-03-07,246.018310546875
2019-03-08,245.5263214111328
2019-03-11,249.08682250976562
2019-03-12,250.0260009765625
2019-03-13,251.68109130859375
2019-03-14,251.52000427246094
2019-03-15,252.76272583007812
2019-03-18,253.67922973632812
2019-03-19,253.74208068847656
2019-03-20,252.97837829589844
2019-03-21,255.8356475830078
2019-03-22,250.91177368164062
2019-03-25,250.72311401367188
2019-03-26,252.5919647216797
2019-03-27,251.27120971679688
2019-03-28,252.2235565185547
2019-03-29,253.81399536132812
2019-04-01,256.8238830566406
2019-04-02,256.9497985839844
2019-04-03,257.35406494140625
2019-04-04,258.0369873046875
2019-04-05,259.2859191894531
2019-04-08,259.4836120605469
2019-04-09,258.15380859375
2019-04-10,259.0343322753906
2019-04-11,258.9625244140625
2019-04-12,260.7146301269531
2019-04-15,260.5439147949219
2019-04-16,260.7146301269531
2019-04-17,260.0766296386719
2019-04-18,260.5888366699219
2019-04-22,260.8134460449219
2019-04-23,263.1585693359375
2019-04-24,262.574462890625
2019-04-25,262.4128112792969
2019-04-26,263.6347961425781
2019-04-29,264.0480651855469
2019-04-30,264.1828918457031
2019-05-01,262.1971740722656
2019-05-02,261.631103515625
2019-05-03,264.1918640136719
2019-05-06,263.1046142578125
2019-05-07,258.7108459472656
2019-05-08,258.3514404296875
2019-05-09,257.5697937011719
2019-05-10,258.8636779785156
2019-05-13,252.35836791992188
2019-05-14,254.6405792236328
2019-05-15,256.1322021484375
2019-05-16,258.50421142578125
2019-05-17,256.83294677734375
2019-05-20,255.13479614257812
2019-05-21,257.4350891113281
2019-05-22,256.64434814453125
2019-05-23,253.5084228515625
2019-05-24,254.0835418701172
2019-05-28,251.7204132080078
2019-05-29,250.0311737060547
2019-05-30,250.7140655517578
2019-05-31,247.3356170654297
2019-06-03,246.70660400390625
2019-06-04,252.06182861328125
2019-06-05,254.24522399902344
2019-06-06,255.8984832763672
2019-06-07,258.45928955078125
2019-06-10,259.64532470703125
2019-06-11,259.5823974609375
2019-06-12,259.12432861328125
2019-06-13,260.19342041015625
2019-06-14,259.9059753417969
2019-06-17,260.0047912597656
2019-06-18,262.7272644042969
2019-06-19,263.3203125
2019-06-20,265.8360900878906
2019-06-21,265.4497375488281
2019-06-24,265.1247253417969
2019-06-25,262.5244140625
2019-06-26,262.26251220703125
2019-06-27,263.1924743652344
2019-06-28,264.54681396484375
2019-07-01,266.9485168457031
2019-07-02,267.6437683105469
2019-07-03,269.7835388183594
2019-07-05,269.47662353515625
2019-07-08,267.9958801269531
2019-07-09,268.3299560546875
2019-07-10,269.612060546875
2019-07-11,270.24407958984375
2019-07-12,271.4540100097656
2019-07-15,271.5442199707031
2019-07-16,270.6683654785156
2019-07-17,268.82659912109375
2019-07-18,269.8106689453125
2019-07-19,268.3119201660156
2019-07-22,268.97100830078125
2019-07-23,270.8941955566406
2019-07-24,272.167236328125
2019-07-25,270.86700439453125
2019-07-26,272.6819152832031
2019-07-29,272.1852722167969
2019-07-30,271.51715087890625
2019-07-31,268.5466613769531
2019-08-01,266.20806884765625
2019-08-02,264.2037353515625
2019-08-05,256.25836181640625
2019-08-06,259.8517761230469
2019-08-07,260.00531005859375
2019-08-08,265.1067199707031
2019-08-09,263.3009033203125
2019-08-12,260.0956115722656
2019-08-13,264.1405944824219
2019-08-14,256.3305358886719
2019-08-15,257.0077209472656
2019-08-16,260.79974365234375
2019-08-19,263.9418640136719
2019-08-20,261.91937255859375
2019-08-21,264.0502624511719
2019-08-22,263.96893310546875
2019-08-23,257.1882019042969
2019-08-26,260.032470703125
2019-08-27,259.0120849609375
2019-08-28,260.83599853515625
2019-08-29,264.1676025390625
2019-08-30,264.0502624511719
2019-09-03,262.5063171386719
2019-09-04,265.48577880859375
2019-09-05,268.89874267578125
2019-09-06,269.10638427734375
2019-09-09,269.2419128417969
2019-09-10,269.17864990234375
2019-09-11,271.0928649902344
2019-09-12,272.0317687988281
2019-09-13,271.8511962890625
2019-09-16,271.01153564453125
2019-09-17,271.69769287109375
2019-09-18,271.8601989746094
2019-09-19,271.84222412109375
2019-09-20,270.5577392578125
2019-09-23,270.4943542480469
2019-09-24,268.3717041015625
2019-09-25,269.95904541015625
2019-09-26,269.3966979980469
2019-09-27,267.9454345703125
2019-09-30,269.1881408691406
2019-10-01,265.9861755371094
2019-10-02,261.2876281738281
2019-10-03,263.4283752441406
2019-10-04,266.9931335449219
2019-10-07,265.84112548828125
2019-10-08,261.71392822265625
2019-10-09,264.1992492675781
2019-10-10,265.9861755371094
2019-10-11,268.74365234375
2019-10-14,268.4443054199219
2019-10-15,271.1020202636719
2019-10-16,270.6667175292969
2019-10-17,271.4648742675781
2019-10-18,270.2766418457031
2019-10-21,272.1088562011719
2019-10-22,271.2199401855469
2019-10-23,272.0091247558594
2019-10-24,272.4534912109375
2019-10-25,273.5692138671875
2019-10-28,275.1111755371094
2019-10-29,275.029541015625
2019-10-30,275.8731689453125
2019-10-31,275.1382751464844
2019-11-01,277.6873474121094
2019-11-04,278.802978515625
2019-11-05,278.4945373535156
2019-11-06,278.5581970214844
2019-11-07,279.5376892089844
2019-11-08,280.2271423339844
2019-11-11,279.69189453125
2019-11-12,280.281494140625
2019-11-13,280.3721923828125
2019-11-14,280.78033447265625
2019-11-15,282.81219482421875
2019-11-18,283.0208435058594
2019-11-19,282.93914794921875
2019-11-20,281.8869934082031
2019-11-21,281.4333190917969
2019-11-22,282.0593566894531
2019-11-25,284.2452697753906
2019-11-26,284.8892517089844
2019-11-27,286.1592712402344
2019-11-29,285.0979919433594
2019-12-02,282.67608642578125
2019-12-03,280.78033447265625
2019-12-04,282.51287841796875
2019-12-05,283.0208435058594
2019-12-06,285.6059265136719
2019-12-09,284.70794677734375
2019-12-10,284.3904113769531
2019-12-11,285.1977233886719
2019-12-12,287.6558837890625
2019-12-13,287.8281555175781
2019-12-16,289.8055725097656
2019-12-17,289.869140625
2019-12-18,289.8872375488281
2019-12-19,291.0754089355469
2019-12-20,292.3515930175781
2019-12-23,292.7982482910156
2019-12-24,292.80743408203125
2019-12-26,294.36602783203125
2019-12-27,294.2930603027344
2019-12-30,292.67059326171875
2019-12-31,293.381591796875
2020-01-02,296.1252746582031
2020-01-03,293.8829650878906
2020-01-06,295.0041809082031
2020-01-07,294.174560546875
2020-01-08,295.742431640625
2020-01-09,297.7478332519531
2020-01-10,296.8909606933594
2020-01-13,298.9328308105469
2020-01-14,298.4770202636719
2020-01-15,299.15155029296875
2020-01-16,301.6399230957031
2020-01-17,302.5788269042969
2020-01-21,301.9862976074219
2020-01-22,302.0228271484375
2020-01-23,302.369140625
2020-01-24,299.6802673339844
2020-01-27,294.87652587890625
2020-01-28,297.966552734375
2020-01-29,297.72039794921875
2020-01-30,298.6866760253906
2020-01-31,293.26312255859375
2020-02-03,295.441650390625
2020-02-04,299.944580078125
2020-02-05,303.4083251953125
2020-02-06,304.42913818359375
2020-02-07,302.8067321777344
2020-02-10,305.0672607421875
2020-02-11,305.5959777832031
2020-02-12,307.5648498535156
2020-02-13,307.2367248535156
2020-02-14,307.7289123535156
2020-02-18,306.9358825683594
2020-02-19,308.4034729003906
2020-02-20,307.1364440917969
2020-02-21,303.9734802246094
2020-02-24,293.89215087890625
2020-02-25,284.9864807128906
2020-02-26,283.938232421875
2020-02-27,271.1860656738281
2020-02-28,270.0467224121094
2020-03-02,281.74151611328125
2020-03-03,273.6746520996094
2020-03-04,285.1778869628906
2020-03-05,275.6981506347656
2020-03-06,271.14056396484375
2020-03-09,249.96597290039062
2020-03-10,262.9003601074219
2020-03-11,250.08441162109375
2020-03-12,226.1570587158203
2020-03-13,245.49038696289062
2020-03-16,218.62791442871094
2020-03-17,230.43206787109375
2020-03-18,218.76466369628906
2020-03-19,219.22950744628906
2020-03-20,209.781982421875
2020-03-23,204.41824340820312
2020-03-24,222.93919372558594
2020-03-25,226.2766571044922
2020-03-26,239.48886108398438
2020-03-27,232.35556030273438
2020-03-30,239.90142822265625
2020-03-31,236.32566833496094
2020-04-01,225.68984985351562
2020-04-02,230.89768981933594
2020-04-03,227.56027221679688
2020-04-06,242.8446502685547
2020-04-07,243.0921630859375
2020-04-08,251.25234985351562
2020-04-09,255.07586669921875
2020-04-13,252.7469482421875
2020-04-14,260.20123291015625
2020-04-15,254.67245483398438
2020-04-16,255.90101623535156
2020-04-17,262.8143310546875
2020-04-20,258.1841125488281
2020-04-21,250.34471130371094
2020-04-22,255.90101623535156
2020-04-23,255.88262939453125
2020-04-24,259.4493103027344
2020-04-27,263.190185546875
2020-04-28,261.97991943359375
2020-04-29,268.83819580078125
2020-04-30,266.3351135253906
2020-05-01,259.2842712402344
2020-05-04,259.9994812011719
2020-05-05,262.4017028808594
2020-05-06,260.6229553222656
2020-05-07,263.767822265625
2020-05-08,268.1322326660156
2020-05-11,268.1872863769531
2020-05-12,262.8418273925781
2020-05-13,258.1932373046875
2020-05-14,261.28314208984375
2020-05-15,262.4842224121094
2020-05-18,270.4793701171875
2020-05-19,267.7012939453125
2020-05-20,272.2489929199219
2020-05-21,270.369384765625
2020-05-22,270.8828125
2020-05-26,274.2202453613281
2020-05-27,278.3004150390625
2020-05-28,277.7868957519531
2020-05-29,279.0247497558594
2020-06-01,280.1524353027344
2020-06-02,282.4721984863281
2020-06-03,286.2314758300781
2020-06-04,285.4795837402344
2020-06-05,292.7962341308594
2020-06-08,296.33551025390625
2020-06-09,294.1257629394531
2020-06-10,292.4844970703125
2020-06-11,275.6230163574219
2020-06-12,278.9237976074219
2020-06-15,281.5277404785156
2020-06-16,286.9466552734375
2020-06-17,285.754638671875
2020-06-18,285.8647155761719
2020-06-19,284.23089599609375
2020-06-22,286.0543212890625
2020-06-23,287.3712158203125
2020-06-24,280.040771484375
2020-06-25,283.0429382324219
2020-06-26,276.3202209472656
2020-06-29,280.38153076171875
2020-06-30,283.9730529785156
2020-07-01,285.9621887207031
2020-07-02,287.5370178222656
2020-07-06,291.975830078125
2020-07-07,288.96441650390625
2020-07-08,291.1746826171875
2020-07-09,289.5169372558594
2020-07-10,292.4731140136719
2020-07-13,289.9406433105469
2020-07-14,293.6979064941406
2020-07-15,296.3962707519531
2020-07-16,295.4200744628906
2020-07-17,296.2764587402344
2020-07-20,298.6708679199219
2020-07-21,299.3063049316406
2020-07-22,301.01007080078125
2020-07-23,297.41851806640625
2020-07-24,295.50299072265625
2020-07-27,297.65789794921875
2020-07-28,295.77001953125
2020-07-29,299.40765380859375
2020-07-30,298.33935546875
2020-07-31,300.6968078613281
2020-08-03,302.78741455078125
2020-08-04,303.9569396972656
2020-08-05,305.8448181152344
2020-08-06,307.8892517089844
2020-08-07,308.1102294921875
2020-08-10,309.0311584472656
2020-08-11,306.4801940917969
2020-08-12,310.7532958984375
2020-08-13,310.1915283203125
2020-08-14,310.2007141113281
2020-08-17,311.1861572265625
2020-08-18,311.8583984375
2020-08-19,310.55987548828125
2020-08-20,311.52685546875
2020-08-21,312.6319580078125
2020-08-24,315.7998962402344
2020-08-25,316.9049377441406
2020-08-26,320.0821533203125
2020-08-27,320.78204345703125
2020-08-28,322.8540954589844
2020-08-31,321.6844787597656
2020-09-01,324.7143249511719
2020-09-02,329.41094970703125
2020-09-03,318.0746154785156
2020-09-04,315.4775085449219
2020-09-08,306.8578186035156
2020-09-09,312.91741943359375
2020-09-10,307.4840087890625
2020-09-11,307.64056396484375
2020-09-14,311.69268798828125
2020-09-15,313.26739501953125
2020-09-16,312.0242004394531
2020-09-17,309.2799072265625
2020-09-18,305.7191467285156
2020-09-21,302.3166198730469
2020-09-22,305.3955383300781
2020-09-23,298.3132019042969
2020-09-24,299.1082458496094
2020-09-25,303.9440002441406
2020-09-28,308.9921875
2020-09-29,307.3094177246094
2020-09-30,309.63946533203125
2020-10-01,311.6274108886719
2020-10-02,308.6686706542969
2020-10-05,314.14227294921875
2020-10-06,309.6764221191406
2020-10-07,315.0668640136719
2020-10-08,317.85919189453125
2020-10-09,320.69769287109375
2020-10-12,325.85699462890625
2020-10-13,323.7304382324219
2020-10-14,321.6962585449219
2020-10-15,321.2987060546875
2020-10-16,321.10455322265625
2020-10-19,316.2226257324219
2020-10-20,317.48944091796875
2020-10-21,316.88836669921875
2020-10-22,318.6265563964844
2020-10-23,319.7083740234375
2020-10-26,313.8001708984375
2020-10-27,312.7183837890625
2020-10-28,302.02996826171875
2020-10-29,305.09967041015625
2020-10-30,301.9190368652344
2020-11-02,305.30303955078125
2020-11-03,310.6935119628906
2020-11-04,317.6372375488281
2020-11-05,323.83209228515625
2020-11-06,323.758056640625
2020-11-09,327.8263854980469
2020-11-10,327.34564208984375
2020-11-11,329.7773132324219
2020-11-12,326.5781555175781
2020-11-13,331.0994873046875
2020-11-16,335.2323913574219
2020-11-17,333.4294128417969
2020-11-18,329.4167175292969
2020-11-19,330.80352783203125
2020-11-20,328.5382995605469
2020-11-23,330.5076599121094
2020-11-24,335.8333740234375
2020-11-25,335.31561279296875
2020-11-27,336.24951171875
2020-11-30,334.76080322265625
2020-12-01,338.4223327636719
2020-12-02,339.13427734375
2020-12-03,339.0417175292969
2020-12-04,341.96356201171875
2020-12-07,341.2608337402344
2020-12-08,342.2594299316406
2020-12-09,339.1897277832031
2020-12-10,339.0787658691406
2020-12-11,338.6811828613281
2020-12-14,337.16485595703125
2020-12-15,341.7230529785156
2020-12-16,342.2594299316406
2020-12-17,344.1732482910156
2020-12-18,342.799072265625
2020-12-21,341.5733337402344
2020-12-22,340.9976501464844
2020-12-23,341.3040771484375
2020-12-24,342.6319274902344
2020-12-28,345.57537841796875
2020-12-29,344.91619873046875
2020-12-30,345.4082336425781
2020-12-31,347.1632080078125
2021-01-04,342.4368896484375
2021-01-05,344.7953796386719
2021-01-06,346.8567810058594
2021-01-07,352.0102233886719
2021-01-08,354.015869140625
2021-01-11,351.6295471191406
2021-01-12,351.70379638671875
2021-01-13,352.65093994140625
2021-01-14,351.4159240722656
2021-01-15,348.85321044921875
2021-01-19,351.59234619140625
2021-01-20,356.45794677734375
2021-01-21,356.7829284667969
2021-01-22,355.5201110839844
2021-01-25,356.9221496582031
2021-01-26,356.364990234375
2021-01-27,347.65533447265625
2021-01-28,350.6452331542969
2021-01-29,343.6253662109375
2021-02-01,349.34521484375
2021-02-02,354.2850341796875
2021-02-03,354.56365966796875
2021-02-04,358.59356689453125
2021-02-05,360.0048828125
2021-02-08,362.6049499511719
2021-02-09,362.3634033203125
2021-02-10,362.20556640625
2021-02-11,362.7905578613281
2021-02-12,364.5826721191406
2021-02-16,364.2669677734375
2021-02-17,364.3504638671875
2021-02-18,362.7998046875
2021-02-19,362.1590881347656
2021-02-22,359.3735656738281
2021-02-23,359.8099365234375
2021-02-24,363.7748718261719
2021-02-25,355.0093078613281
2021-02-26,353.18017578125
2021-03-01,361.7413330078125
2021-03-02,358.9185485839844
2021-03-03,354.1644592285156
2021-03-04,349.78173828125
2021-03-05,356.21649169921875
2021-03-08,354.4429931640625
2021-03-09,359.5035705566406
2021-03-10,361.7413330078125
2021-03-11,365.4090881347656
2021-03-12,365.90118408203125
2021-03-15,368.083251953125
2021-03-16,367.6189270019531
2021-03-17,368.8725280761719
2021-03-18,363.5055236816406
2021-03-19,362.8329772949219
2021-03-22,365.73016357421875
2021-03-23,362.8515319824219
2021-03-24,361.0069580078125
2021-03-25,363.0378723144531
2021-03-26,368.8883056640625
2021-03-29,368.7018737792969
2021-03-30,367.7237243652344
2021-03-31,369.2143249511719
2021-04-01,373.2014465332031
2021-04-05,378.5580749511719
2021-04-06,378.3345031738281
2021-04-07,378.7723693847656
2021-04-08,380.5703430175781
2021-04-09,383.3370361328125
2021-04-12,383.4768371582031
2021-04-13,384.6133728027344
2021-04-14,383.2998352050781
2021-04-15,387.4173583984375
2021-04-16,388.7123107910156
2021-04-19,386.80255126953125
2021-04-20,383.9706115722656
2021-04-21,387.603759765625
2021-04-22,384.0637512207031
2021-04-23,388.2278747558594
2021-04-26,389.0384216308594
2021-04-27,388.95452880859375
2021-04-28,388.8427429199219
2021-04-29,391.3207702636719
2021-04-30,388.74957275390625
2021-05-03,389.58807373046875
2021-05-04,387.1844787597656
2021-05-05,387.30560302734375
2021-05-06,390.3984680175781
2021-05-07,393.23974609375
2021-05-10,389.3457946777344
2021-05-11,385.8710021972656
2021-05-12,377.67303466796875
2021-05-13,382.20989990234375
2021-05-14,388.078857421875
2021-05-17,387.09124755859375
2021-05-18,383.7563781738281
2021-05-19,382.75018310546875
2021-05-20,386.8677673339844
2021-05-21,386.5509948730469
2021-05-24,390.4917297363281
2021-05-25,389.6252746582031
2021-05-26,390.3984680175781
2021-05-27,390.6033935546875
2021-05-28,391.3021240234375
2021-06-01,390.95745849609375
2021-06-02,391.572265625
2021-06-03,390.11907958984375
2021-06-04,393.6869812011719
2021-06-07,393.3050231933594
2021-06-08,393.38885498046875
2021-06-09,392.8019714355469
2021-06-10,394.6278381347656
2021-06-11,395.2799987792969
2021-06-14,396.1650085449219
2021-06-15,395.4383544921875
2021-06-16,393.23046875
2021-06-17,393.1000671386719
2021-06-18,387.7969665527344
2021-06-21,393.3486328125
2021-06-22,395.4516296386719
2021-06-23,394.9749450683594
2021-06-24,397.3115234375
2021-06-25,398.7227783203125
2021-06-28,399.5266418457031
2021-06-29,399.7416076660156
2021-06-30,400.07806396484375
2021-07-01,402.2931213378906
2021-07-02,405.3680725097656
2021-07-06,404.62969970703125
2021-07-07,406.0596618652344
2021-07-08,402.7510986328125
2021-07-09,407.05035400390625
2021-07-12,408.5084228515625
2021-07-13,407.1158142089844
2021-07-14,407.72332763671875
2021-07-15,406.3307189941406
2021-07-16,403.1435241699219
2021-07-19,397.1900634765625
2021-07-20,402.8819274902344
2021-07-21,406.1436767578125
2021-07-22,406.9942321777344
2021-07-23,411.1814270019531
2021-07-26,412.1908264160156
2021-07-27,410.312255859375
2021-07-28,410.14398193359375
2021-07-29,411.844970703125
2021-07-30,409.8448791503906
2021-08-02,408.9850158691406
2021-08-03,412.3123779296875
2021-08-04,410.28424072265625
2021-08-05,412.8824768066406
2021-08-06,413.5648193359375
2021-08-09,413.22833251953125
2021-08-10,413.7423400878906
2021-08-11,414.7704162597656
2021-08-12,416.0135803222656
2021-08-13,416.7704772949219
2021-08-16,417.7518615722656
2021-08-17,415.0134582519531
2021-08-18,410.4710693359375
2021-08-19,411.106689453125
2021-08-20,414.3778381347656
2021-08-23,418.0229797363281
2021-08-24,418.6865234375
2021-08-25,419.5650634765625
2021-08-26,417.0884094238281
2021-08-27,420.8174743652344
2021-08-30,422.6680908203125
2021-08-31,422.0417785644531
2021-09-01,422.26605224609375
2021-09-02,423.5653991699219
2021-09-03,423.4624328613281
2021-09-07,421.9484558105469
2021-09-08,421.434326171875
2021-09-09,419.6304931640625
2021-09-10,416.3218994140625
2021-09-13,417.3873596191406
2021-09-14,415.1349182128906
2021-09-15,418.6024169921875
2021-09-16,417.9388732910156
2021-09-17,413.8676452636719
2021-09-20,406.966796875
2021-09-21,406.5823059082031
2021-09-22,410.5484313964844
2021-09-23,415.53662109375
2021-09-24,416.2210998535156
2021-09-27,415.0302734375
2021-09-28,406.6667175292969
2021-09-29,407.3512268066406
2021-09-30,402.3724060058594
2021-10-01,407.15435791015625
2021-10-04,401.9036865234375
2021-10-05,406.0853271484375
2021-10-06,407.7731018066406
2021-10-07,411.298583984375
2021-10-08,410.5484313964844
2021-10-11,407.576171875
2021-10-12,406.5729675292969
2021-10-13,408.0356140136719
2021-10-14,414.8990783691406
2021-10-15,418.0588684082031
2021-10-18,419.2965087890625
2021-10-19,422.5313720703125
2021-10-20,424.1908874511719
2021-10-21,425.29736328125
2021-10-22,424.85662841796875
2021-10-25,427.13507080078125
2021-10-26,427.5195007324219
2021-10-27,425.6254577636719
2021-10-28,429.7322692871094
2021-10-29,430.60430908203125
2021-11-01,431.3450622558594
2021-11-02,433.0890197753906
2021-11-03,435.7330322265625
2021-11-04,437.7864685058594
2021-11-05,439.30548095703125
2021-11-08,439.6804504394531
2021-11-09,438.2272033691406
2021-11-10,434.7017517089844
2021-11-11,434.84234619140625
2021-11-12,438.1239318847656
2021-11-15,438.2740783691406
2021-11-16,440.0086669921875
2021-11-17,438.9397277832031
2021-11-18,440.43060302734375
2021-11-19,439.64300537109375
2021-11-22,438.40533447265625
2021-11-23,438.98663330078125
2021-11-24,440.1586608886719
2021-11-26,430.3416748046875
2021-11-29,435.62054443359375
2021-11-30,427.1444091796875
2021-12-01,422.4000549316406
2021-12-02,428.8697204589844
2021-12-03,425.1379089355469
2021-12-06,430.1730041503906
2021-12-07,439.071044921875
2021-12-08,440.2336730957031
2021-12-09,437.261474609375
2021-12-10,441.37750244140625
2021-12-13,437.4676818847656
2021-12-14,434.45794677734375
2021-12-15,441.2463073730469
2021-12-16,437.35516357421875
2021-12-17,432.700439453125
2021-12-20,428.09942626953125
2021-12-21,435.7019958496094
2021-12-22,440.0584716796875
2021-12-23,442.7965087890625
2021-12-27,449.06304931640625
2021-12-28,448.6960144042969
2021-12-29,449.27001953125
2021-12-30,448.0280456542969
2021-12-31,446.8988952636719
2022-01-03,449.4864501953125
2022-01-04,449.3359069824219
2022-01-05,440.7077331542969
2022-01-06,440.29364013671875
2022-01-07,438.552978515625
2022-01-10,438.0072326660156
2022-01-11,441.9967346191406
2022-01-12,443.1916809082031
2022-01-13,437.0851745605469
2022-01-14,437.26385498046875
2022-01-18,429.5201416015625
2022-01-19,425.0601806640625
2022-01-20,420.3556213378906
2022-01-21,412.1037292480469
2022-01-24,413.8538513183594
2022-01-25,408.80108642578125
2022-01-26,407.77545166015625
2022-01-27,405.7619323730469
2022-01-28,415.8392028808594
2022-01-31,423.32891845703125
2022-02-01,426.1893310546875
2022-02-02,430.3293762207031
2022-02-03,420.2144470214844
2022-02-04,422.1903991699219
2022-02-07,420.8355407714844
2022-02-08,424.2980041503906
2022-02-09,430.5081481933594
2022-02-10,422.77374267578125
2022-02-11,414.4371643066406
2022-02-14,413.0823059082031
2022-02-15,419.7440185546875
2022-02-16,420.2144470214844
2022-02-17,411.2380676269531
2022-02-18,408.5753479003906
2022-02-22,404.19061279296875
2022-02-23,397.0208435058594
2022-02-24,402.9955749511719
2022-02-25,411.8872985839844
2022-02-28,410.8335266113281
2022-03-01,404.576416015625
2022-03-02,412.0190734863281
2022-03-03,409.9678649902344
2022-03-04,406.63702392578125
2022-03-07,394.6497497558594
2022-03-08,391.6575927734375
2022-03-09,402.158203125
2022-03-10,400.34228515625
2022-03-11,395.25189208984375
2022-03-14,392.3633117675781
2022-03-15,400.99151611328125
2022-03-16,409.8831787109375
2022-03-17,415.01116943359375
2022-03-18,419.5566711425781
2022-03-21,419.43402099609375
2022-03-22,424.34197998046875
2022-03-23,418.8771667480469
2022-03-24,425.1914367675781
2022-03-25,427.26788330078125
2022-03-28,430.30706787109375
2022-03-29,435.6303405761719
2022-03-30,432.94036865234375
2022-03-31,426.2768859863281
2022-04-01,427.48504638671875
2022-04-04,431.1470947265625
2022-04-05,425.7011413574219
2022-04-06,421.44439697265625
2022-04-07,423.56805419921875
2022-04-08,422.4354248046875
2022-04-11,415.2150573730469
2022-04-12,413.6765441894531
2022-04-13,418.4146728515625
2022-04-14,413.20465087890625
2022-04-18,413.3746032714844
2022-04-19,420.04754638671875
2022-04-20,419.7359924316406
2022-04-21,413.4595031738281
2022-04-22,402.114501953125
2022-04-25,404.44586181640625
2022-04-26,392.7326965332031
2022-04-27,393.8369445800781
2022-04-28,403.78509521484375
2022-04-29,388.8630065917969
2022-05-02,391.2037353515625
2022-05-03,392.9969177246094
2022-05-04,404.96490478515625
2022-05-05,390.57135009765625
2022-05-06,388.2400817871094
2022-05-09,375.8096008300781
2022-05-10,376.6779479980469
2022-05-11,370.69403076171875
2022-05-12,370.3069763183594
2022-05-13,379.1602478027344
2022-05-16,377.621826171875
2022-05-17,385.3896484375
2022-05-18,369.85394287109375
2022-05-19,367.5887756347656
2022-05-20,367.7492370605469
2022-05-23,374.62982177734375
2022-05-24,371.77001953125
2022-05-25,375.0545654296875
2022-05-26,382.5486755371094
2022-05-27,391.9399108886719
2022-05-31,389.74072265625
2022-06-01,386.58831787109375
2022-06-02,393.9502258300781
2022-06-03,387.4849853515625
2022-06-06,388.6647644042969
2022-06-07,392.3929138183594
2022-06-08,388.1268005371094
2022-06-09,378.89599609375
2022-06-10,367.90966796875
2022-06-13,353.94085693359375
2022-06-14,352.87420654296875
2022-06-15,357.9049987792969
2022-06-16,346.0596923828125
2022-06-17,346.8056945800781
2022-06-21,355.5360412597656
2022-06-22,354.8915100097656
2022-06-23,358.370361328125
2022-06-24,369.76434326171875
2022-06-27,368.3519287109375
2022-06-28,360.8254699707031
2022-06-29,360.5316162109375
2022-06-30,357.60260009765625
2022-07-01,361.3847351074219
2022-07-05,362.0672607421875
2022-07-06,363.29010009765625
2022-07-07,368.7311706542969
2022-07-08,368.42779541015625
2022-07-11,364.21905517578125
2022-07-12,360.99609375
2022-07-13,359.1002502441406
2022-07-14,358.22821044921875
2022-07-15,365.0721130371094
2022-07-18,362.057861328125
2022-07-19,371.84027099609375
2022-07-20,374.2100830078125
2022-07-21,378.0207214355469
2022-07-22,374.5134582519531
2022-07-25,374.9684143066406
2022-07-26,370.53216552734375
2022-07-27,380.1535339355469
2022-07-28,384.92156982421875
2022-07-29,390.53326416015625
2022-08-01,389.3768005371094
2022-08-02,386.8079528808594
2022-08-03,392.8651428222656
2022-08-04,392.5997619628906
2022-08-05,391.9361877441406
2022-08-08,391.4811706542969
2022-08-09,389.9266357421875
2022-08-10,398.1165771484375
2022-08-11,398.1165771484375
2022-08-12,404.8563232421875
2022-08-15,406.524658203125
2022-08-16,407.32098388671875
2022-08-17,404.4298095703125
2022-08-18,405.60516357421875
2022-08-19,400.1546325683594
2022-08-22,391.82244873046875
2022-08-23,390.8745422363281
2022-08-24,392.12579345703125
2022-08-25,397.6615905761719
2022-08-26,384.2012023925781
2022-08-29,381.6607666015625
2022-08-30,377.4708557128906
2022-08-31,374.59869384765625
2022-09-01,375.774169921875
2022-09-02,371.8118591308594
2022-09-06,370.4089660644531
2022-09-07,377.06329345703125
2022-09-08,379.5279235839844
2022-09-09,385.4240417480469
2022-09-12,389.5664367675781
2022-09-13,372.6270446777344
2022-09-14,374.0489501953125
2022-09-15,369.80224609375
2022-09-16,366.9810791015625
2022-09-19,369.82696533203125
2022-09-20,365.5820007324219
2022-09-21,359.204833984375
2022-09-22,356.1875
2022-09-23,350.2196960449219
2022-09-26,346.7550354003906
2022-09-27,345.8697814941406
2022-09-28,352.6753234863281
2022-09-29,345.3083190917969
2022-09-30,339.96856689453125
2022-10-03,348.9442138671875
2022-10-04,359.75677490234375
2022-10-05,358.91925048828125
2022-10-06,355.2167053222656
2022-10-07,345.3083190917969
2022-10-10,342.6717529296875
2022-10-11,340.5016174316406
2022-10-12,339.37847900390625
2022-10-13,348.3351135253906
2022-10-14,340.3969421386719
2022-10-17,349.1441345214844
2022-10-18,353.24639892578125
2022-10-19,350.7431335449219
2022-10-20,347.80206298828125
2022-10-21,356.2541809082031
2022-10-24,360.6134948730469
2022-10-25,366.3719177246094
2022-10-26,363.6116638183594
2022-10-27,361.6699523925781
2022-10-28,370.2743225097656
2022-10-31,367.5997619628906
2022-11-01,365.9912109375
2022-11-02,356.80615234375
2022-11-03,353.1321716308594
2022-11-04,358.2148742675781
2022-11-07,361.6413879394531
2022-11-08,363.5926208496094
2022-11-09,356.1018981933594
2022-11-10,375.671142578125
2022-11-11,379.30706787109375
2022-11-14,376.0804748535156
2022-11-15,379.2879943847656
2022-11-16,376.39453125
2022-11-17,375.2427978515625
2022-11-18,376.946533203125
2022-11-21,375.5759582519531
2022-11-22,380.6300964355469
2022-11-23,383.02874755859375
2022-11-25,382.9429626464844
2022-11-28,376.83233642578125
2022-11-29,376.18511962890625
2022-11-30,388.03515625
2022-12-01,387.7496643066406
2022-12-02,387.3022155761719
2022-12-05,380.3350524902344
2022-12-06,374.8525695800781
2022-12-07,374.21490478515625
2022-12-08,377.1464538574219
2022-12-09,374.3290710449219
2022-12-12,379.7259216308594
2022-12-13,382.600341796875
2022-12-14,380.1541748046875
2022-12-15,370.85498046875
2022-12-16,366.47662353515625
2022-12-19,363.3689880371094
2022-12-20,363.8662109375
2022-12-21,369.3069152832031
2022-12-22,364.0383605957031
2022-12-23,366.13238525390625
2022-12-27,364.6884765625
2022-12-28,360.15625
2022-12-29,366.6391906738281
2022-12-30,365.6734619140625
2023-01-03,364.13397216796875
2023-01-04,366.945068359375
2023-01-05,362.7570495605469
2023-01-06,371.0758056640625
2023-01-09,370.865478515625
2023-01-10,373.4663391113281
2023-01-11,378.1898498535156
2023-01-12,379.5667724609375
2023-01-13,381.03924560546875
2023-01-17,380.34124755859375
2023-01-18,374.33642578125
2023-01-19,371.611328125
2023-01-20,378.5340881347656
2023-01-23,383.07598876953125
2023-01-24,382.66485595703125
2023-01-25,382.8081970214844
2023-01-26,387.0154724121094
2023-01-27,387.9046630859375
2023-01-30,383.0377197265625
2023-01-31,388.6696472167969
2023-02-01,392.80035400390625
2023-02-02,398.51837158203125
2023-02-03,394.282470703125
2023-02-06,391.87286376953125
2023-02-07,396.998046875
2023-02-08,392.6568908691406
2023-02-09,389.2528991699219
2023-02-10,390.16131591796875
2023-02-13,394.741455078125
2023-02-14,394.55975341796875
2023-02-15,395.8410339355469
2023-02-16,390.3907775878906
2023-02-17,389.4154357910156
2023-02-21,381.6034240722656
2023-02-22,381.0775146484375
2023-02-23,383.10467529296875
2023-02-24,379.0121765136719
2023-02-27,380.30303955078125
2023-02-28,378.8974304199219
2023-03-01,377.44403076171875
2023-03-02,380.3794860839844
2023-03-03,386.47998046875
2023-03-06,386.7476501464844
2023-03-07,380.8193664550781
2023-03-08,381.44091796875
2023-03-09,374.4033203125
2023-03-10,369.00091552734375
2023-03-13,368.4749755859375
2023-03-14,374.5659484863281
2023-03-15,372.2232666015625
2023-03-16,378.7540283203125
2023-03-17,374.3253479003906
2023-03-20,377.92474365234375
2023-03-21,382.8870849609375
2023-03-22,376.36016845703125
2023-03-23,377.3776550292969
2023-03-24,379.85400390625
2023-03-27,380.564208984375
2023-03-28,379.7099914550781
2023-03-29,385.2290954589844
2023-03-30,387.4847106933594
2023-03-31,392.9460754394531
2023-04-03,394.4434509277344
2023-04-04,392.2550048828125
2023-04-05,391.2279968261719
2023-04-06,392.7541198730469
2023-04-10,393.1572265625
2023-04-11,393.2628173828125
2023-04-12,391.6598815917969
2023-04-13,396.8622131347656
2023-04-14,395.8927917480469
2023-04-17,397.3133544921875
2023-04-18,397.5724792480469
2023-04-19,397.5053405761719
2023-04-20,395.33612060546875
2023-04-21,395.6432800292969
2023-04-24,396.0559997558594
2023-04-25,389.7690734863281
2023-04-26,388.1181640625
2023-04-27,395.8448486328125
2023-04-28,399.2234191894531
2023-05-01,398.8203125
2023-05-02,394.3378601074219
2023-05-03,391.631103515625
2023-05-04,388.857177734375
2023-05-05,396.0559997558594
2023-05-08,396.16156005859375
2023-05-09,394.42425537109375
2023-05-10,396.2671203613281
2023-05-11,395.5760498046875
2023-05-12,395.0577697753906
2023-05-15,396.4207763671875
2023-05-16,393.7715759277344
2023-05-17,398.5515441894531
2023-05-18,402.3908996582031
2023-05-19,401.80535888671875
2023-05-22,401.9685974121094
2023-05-23,397.457275390625
2023-05-24,394.577880859375
2023-05-25,397.9948425292969
2023-05-26,403.149169921875
2023-05-30,403.3027038574219
2023-05-31,401.06634521484375
2023-06-01,404.8768615722656
2023-06-02,410.7318115234375
2023-06-05,409.94476318359375
2023-06-06,410.83740234375
2023-06-07,409.4168395996094
2023-06-08,411.89324951171875
2023-06-09,412.6323547363281
2023-06-12,416.3757019042969
2023-06-13,419.1206970214844
2023-06-14,419.6198425292969
2023-06-15,424.8221740722656
2023-06-16,423.3751525878906
2023-06-20,421.1785888671875
2023-06-21,419.0205993652344
2023-06-22,420.5331726074219
2023-06-23,417.3538818359375
2023-06-26,415.6487121582031
2023-06-27,420.2055969238281
2023-06-28,420.4175720214844
2023-06-29,422.07452392578125
2023-06-30,427.0552978515625
2023-07-03,427.54669189453125
2023-07-05,426.91082763671875
2023-07-06,423.5678405761719
2023-07-07,422.4985046386719
2023-07-10,423.5678405761719
2023-07-11,426.265380859375
2023-07-12,429.695068359375
2023-07-13,433.1054382324219
2023-07-14,432.8357238769531
2023-07-17,434.3386535644531
2023-07-18,437.5660400390625
2023-07-19,438.5390625
2023-07-20,435.6295471191406
2023-07-21,435.6295471191406
2023-07-24,437.57568359375
2023-07-25,438.7702331542969
2023-07-26,438.8376770019531
2023-07-27,435.9281921386719
2023-07-28,440.1960754394531
2023-07-31,441.03424072265625
2023-08-01,439.772216796875
2023-08-02,433.6545715332031
2023-08-03,432.411865234375
2023-08-04,430.4561767578125
2023-08-07,434.2133483886719
2023-08-08,432.3250732421875
2023-08-09,429.4349060058594
2023-08-10,429.58905029296875
2023-08-11,429.3385925292969
2023-08-14,431.7085266113281
2023-08-15,426.6796875
2023-08-16,423.548583984375
2023-08-17,420.3211975097656
2023-08-18,420.52349853515625
2023-08-21,423.2595520019531
2023-08-22,422.1130676269531
2023-08-23,426.814453125
2023-08-24,420.8992004394531
2023-08-25,423.8664855957031
2023-08-28,426.5543212890625
2023-08-29,432.7200927734375
2023-08-30,434.50238037109375
2023-08-31,433.8666076660156
2023-09-01,434.6759033203125
2023-09-05,432.7971496582031
2023-09-06,429.8877258300781
2023-09-07,428.56787109375
2023-09-08,429.21343994140625
2023-09-11,432.0361022949219
2023-09-12,429.6661682128906
2023-09-13,430.1670837402344
2023-09-14,433.876220703125
2023-09-15,428.6487121582031
2023-09-18,428.9001159667969
2023-09-19,428.0106201171875
2023-09-20,424.0757751464844
2023-09-21,417.0664978027344
2023-09-22,416.12872314453125
2023-09-25,417.8786315917969
2023-09-26,411.7394714355469
2023-09-27,411.90380859375
2023-09-28,414.2917175292969
2023-09-29,413.2863464355469
2023-10-02,413.1219482421875
2023-10-03,407.5918884277344
2023-10-04,410.5599365234375
2023-10-05,410.4052734375
2023-10-06,415.2779541015625
2023-10-09,417.93658447265625
2023-10-10,420.11187744140625
2023-10-11,421.8327941894531
2023-10-12,419.2611083984375
2023-10-13,417.1728820800781
2023-10-16,421.56207275390625
2023-10-17,421.5426940917969
2023-10-18,415.9256896972656
2023-10-19,412.27117919921875
2023-10-20,407.2052001953125
2023-10-23,406.4993896484375
2023-10-24,409.56414794921875
2023-10-25,403.6860046386719
2023-10-26,398.8520202636719
2023-10-27,397.04412841796875
2023-10-30,401.79107666015625
2023-10-31,404.3144836425781
2023-11-01,408.6263122558594
2023-11-02,416.4573669433594
2023-11-03,420.2569274902344
2023-11-06,421.2237243652344
2023-11-07,422.4224853515625
2023-11-08,422.73193359375
2023-11-09,419.4351806640625
2023-11-10,425.98028564453125
2023-11-13,425.5743103027344
2023-11-14,433.8307189941406
2023-11-15,434.7491149902344
2023-11-16,435.28094482421875
2023-11-17,435.82232666015625
2023-11-20,439.1771240234375
2023-11-21,438.2200012207031
2023-11-22,439.9118957519531
2023-11-24,440.18255615234375
2023-11-27,439.3898620605469
2023-11-28,439.82489013671875
2023-11-29,439.5154724121094
2023-11-30,441.2460632324219
2023-12-01,443.8564147949219
2023-12-04,441.5264892578125
2023-12-05,441.4394226074219
2023-12-06,439.6605224609375
2023-12-07,443.0153503417969
2023-12-08,444.919921875
2023-12-11,446.6504821777344
2023-12-12,448.6904296875
2023-12-13,454.87786865234375
2023-12-14,456.3377990722656
2023-12-15,455.58642578125
2023-12-18,458.149169921875
2023-12-19,460.9350280761719
2023-12-20,454.5478210449219
2023-12-21,458.8577575683594
2023-12-22,459.7798767089844
2023-12-26,461.7213134765625
2023-12-27,462.55621337890625
2023-12-28,462.73089599609375
2023-12-29,461.39129638671875
2024-01-02,458.8091735839844
2024-01-03,455.06231689453125
2024-01-04,453.5964660644531
2024-01-05,454.2177429199219
2024-01-08,460.7021179199219
2024-01-09,460.003173828125
2024-01-10,462.604736328125
2024-01-11,462.40087890625
2024-01-12,462.72119140625
2024-01-16,461.0224609375
2024-01-17,458.45977783203125
2024-01-18,462.5367736816406
2024-01-19,468.3028564453125
2024-01-22,469.2929382324219
2024-01-23,470.6616516113281
2024-01-24,471.1761779785156
2024-01-25,473.73883056640625
2024-01-26,473.1369934082031
2024-01-29,476.8839416503906
2024-01-30,476.5151062011719
2024-01-31,468.73968505859375
2024-02-01,474.87457275390625
2024-02-02,479.8737487792969
2024-02-05,478.12646484375
2024-02-06,479.51458740234375
2024-02-07,483.513916015625
2024-02-08,483.7275085449219
2024-02-09,486.5232238769531
2024-02-12,486.3096618652344
2024-02-13,479.61163330078125
2024-02-14,483.9701843261719
2024-02-15,487.3094787597656
2024-02-16,484.8826599121094
2024-02-20,482.21319580078125
2024-02-21,482.6500244140625
2024-02-22,492.638671875
2024-02-23,492.9784851074219
2024-02-26,491.1728820800781
2024-02-27,492.0853576660156
2024-02-28,491.43499755859375
2024-02-29,493.20166015625
2024-03-01,497.8320007324219
2024-03-04,497.298095703125
2024-03-05,492.3280334472656
2024-03-06,494.82281494140625
2024-03-07,499.734619140625
2024-03-08,496.735107421875
2024-03-11,496.3079833984375
2024-03-12,501.6470031738281
2024-03-13,500.8606262207031
2024-03-14,499.87054443359375
2024-03-15,496.4381103515625
2024-03-18,499.3885192871094
2024-03-19,502.16363525390625
2024-03-20,506.808349609375
2024-03-21,508.4831848144531
2024-03-22,507.5191955566406
2024-03-25,506.1170654296875
2024-03-26,505.1822204589844
2024-03-27,509.427734375
2024-03-28,509.3302917480469
2024-04-01,508.4442138671875
2024-04-02,505.2115173339844
2024-04-03,505.7665100097656
2024-04-04,499.59307861328125
2024-04-05,504.8121337890625
2024-04-08,505.0945739746094
2024-04-09,505.6788635253906
2024-04-10,500.6154479980469
2024-04-11,504.3935852050781
2024-04-12,497.4313659667969
2024-04-15,491.1994934082031
2024-04-16,490.30364990234375
2024-04-17,487.4018249511719
2024-04-18,486.39892578125
2024-04-19,482.1534729003906
2024-04-22,486.59368896484375
2024-04-23,492.367919921875
2024-04-24,492.13421630859375
2024-04-25,490.2646484375
2024-04-26,494.9093933105469
2024-04-29,496.6620788574219
2024-04-30,488.7943420410156
2024-05-01,487.2071533203125
2024-05-02,491.76422119140625
2024-05-03,497.85986328125
2024-05-06,503.0011291503906
2024-05-07,503.5560607910156
2024-05-08,503.6048278808594
2024-05-09,506.5065002441406
2024-05-10,507.1589660644531
2024-05-13,507.22705078125
2024-05-14,509.5542907714844
2024-05-15,515.8641357421875
2024-05-16,514.8026733398438
2024-05-17,515.542724609375
2024-05-20,516.1367797851562
2024-05-21,517.4025268554688
2024-05-22,515.9127807617188
2024-05-23,512.1444702148438
2024-05-24,515.5330200195312
2024-05-28,515.8932495117188
2024-05-29,512.28076171875
2024-05-30,508.88238525390625
2024-05-31,513.5173950195312
2024-06-03,513.9360961914062
2024-06-04,514.5105590820312
2024-06-05,520.6256713867188
2024-06-06,520.6159057617188
2024-06-07,519.9829711914062
2024-06-10,521.589599609375
2024-06-11,522.845703125
2024-06-12,527.1399536132812
2024-06-13,528.2013549804688
2024-06-14,528.522705078125
2024-06-17,532.7290649414062
2024-06-18,534.0826416015625
2024-06-20,532.6317749023438
2024-06-21,531.9176025390625
2024-06-24,530.1886596679688
2024-06-25,532.2302856445312
2024-06-26,532.8945922851562
2024-06-27,533.734619140625
2024-06-28,531.6343994140625
2024-07-01,532.728515625
2024-07-02,536.3136596679688
2024-07-03,538.7070922851562
2024-07-05,541.8134155273438
2024-07-08,542.4385986328125
2024-07-09,542.9661865234375
2024-07-10,548.3389892578125
2024-07-11,543.6107788085938
2024-07-12,547.0397338867188
2024-07-15,548.5440673828125
2024-07-16,551.7969970703125
2024-07-17,544.060302734375
2024-07-18,539.879150390625
2024-07-19,536.2941284179688
2024-07-22,541.8233032226562
2024-07-23,540.973388671875
2024-07-24,528.7135009765625
2024-07-25,525.958740234375
2024-07-26,531.8492431640625
2024-07-29,532.1619262695312
2024-07-30,529.4656372070312
2024-07-31,538.0719604492188
2024-08-01,530.4523315429688
2024-08-02,520.5762329101562
2024-08-05,505.4151306152344
2024-08-06,510.0748291015625
2024-08-07,506.6654052734375
2024-08-08,518.3782348632812
2024-08-09,520.6640625
2024-08-12,520.9376831054688
2024-08-13,529.5046997070312
2024-08-14,531.17529296875
2024-08-15,540.27978515625
2024-08-16,541.490966796875
2024-08-19,546.6685180664062
2024-08-20,545.779541015625
2024-08-21,547.6550903320312
2024-08-22,543.3568725585938
2024-08-23,549.1301879882812
2024-08-26,547.8211059570312
2024-08-27,548.5733642578125
2024-08-28,545.3887939453125
2024-08-29,545.4375610351562
2024-08-30,550.6444091796875
2024-09-03,539.3126831054688
2024-09-04,538.208740234375
2024-09-05,536.899658203125
2024-09-06,527.8637084960938
2024-09-09,533.7737426757812
2024-09-10,536.0986328125
2024-09-11,541.5984497070312
2024-09-12,546.1604614257812
2024-09-13,549.012939453125
2024-09-16,549.8237915039062
2024-09-17,550.0484008789062
2024-09-18,548.4171142578125
2024-09-19,557.7755126953125
2024-09-20,556.8114013671875
2024-09-23,558.2026977539062
2024-09-24,559.7999267578125
2024-09-25,558.5653076171875
2024-09-26,560.7798461914062
2024-09-27,559.9664916992188
2024-09-30,562.21044921875
2024-10-01,557.1738891601562
2024-10-02,557.4089965820312
2024-10-03,556.3900146484375
2024-10-04,561.4461669921875
2024-10-07,556.370361328125
2024-10-08,561.63232421875
2024-10-09,565.5223999023438
2024-10-10,564.53271484375
2024-10-11,567.9132690429688
2024-10-14,572.5579223632812
2024-10-15,568.1092529296875
2024-10-16,570.5784912109375
2024-10-17,570.6275024414062
2024-10-18,572.8224487304688
2024-10-21,571.8817749023438
2024-10-22,571.5780029296875
2024-10-23,566.355224609375
2024-10-24,567.5802001953125
2024-10-25,567.384033203125
2024-10-28,569.1381225585938
2024-10-29,570.0592041015625
2024-10-30,568.3346557617188
2024-10-31,557.1934204101562
2024-11-01,559.5452270507812
2024-11-04,558.3399658203125
2024-11-05,565.0912475585938
2024-11-06,579.1425170898438
2024-11-07,583.6206665039062
2024-11-08,586.148681640625
2024-11-11,586.7072143554688
2024-11-12,584.8845825195312
2024-11-13,585.1688232421875
2024-11-14,581.4060668945312
2024-11-15,573.9590454101562
2024-11-18,576.310791015625
2024-11-19,578.41748046875
2024-11-20,578.6134033203125
2024-11-21,581.7196044921875
2024-11-22,583.5225830078125
2024-11-25,585.5020141601562
2024-11-26,588.5592041015625
2024-11-27,586.7757568359375
2024-11-29,590.4209594726562
2024-12-02,591.4791259765625
2024-12-03,591.7534790039062
2024-12-04,595.4280395507812
2024-12-05,594.4481811523438
2024-12-06,595.5750122070312
2024-12-09,592.508056640625
2024-12-10,590.6659545898438
2024-12-11,595.2321166992188
2024-12-12,592.1651611328125
2024-12-13,592.0474853515625
2024-12-16,594.5755004882812
2024-12-17,592.1258544921875
2024-12-18,574.4784545898438
2024-12-19,574.302001953125
2024-12-20,581.199951171875
2024-12-23,584.6803588867188
2024-12-24,591.1790771484375
2024-12-26,591.2183837890625
2024-12-27,584.9949951171875
2024-12-30,578.3192749023438
2024-12-31,576.2152709960938
2025-01-02,574.7996215820312
2025-01-03,581.9864501953125
2025-01-06,585.339111328125
2025-01-07,578.7223510742188
2025-01-08,579.56787109375
2025-01-10,570.7192993164062
2025-01-13,571.6043090820312
2025-01-14,572.3907470703125
2025-01-15,582.8025512695312
2025-01-16,581.6817016601562
2025-01-17,587.521728515625
2025-01-21,592.8995971679688
2025-01-22,596.232666015625
2025-01-23,599.4869384765625
2025-01-24,597.73681640625
2025-01-27,589.2816162109375
2025-01-28,594.344970703125
2025-01-29,591.6804809570312
2025-01-30,594.8561401367188
2025-01-31,591.6903686523438
2025-02-03,587.7085571289062
2025-02-04,591.6510620117188
2025-02-05,594.0498657226562
2025-02-06,596.1146240234375
2025-02-07,590.6580810546875
2025-02-10,594.6693725585938
2025-02-11,595.1215209960938
2025-02-12,593.2044067382812
2025-02-13,599.46728515625
2025-02-14,599.4376831054688
2025-02-18,601.1975708007812
2025-02-19,602.6133422851562
2025-02-20,600.106201171875
2025-02-21,589.842041015625
2025-02-24,587.157958984375
2025-02-25,584.2378540039062
2025-02-26,584.5328369140625
2025-02-27,575.20263671875
2025-02-28,584.1788940429688
2025-03-03,573.9441528320312
2025-03-04,567.1504516601562
2025-03-05,573.24609375
2025-03-06,563.0702514648438
2025-03-07,566.2261962890625
2025-03-10,551.14453125
2025-03-11,546.5628662109375
2025-03-12,549.4632568359375
2025-03-13,542.138671875
2025-03-14,553.3369140625
2025-03-17,557.6039428710938
2025-03-18,551.5770263671875
2025-03-19,557.584228515625
2025-03-20,555.9718627929688
2025-03-21,556.1552734375
2025-03-24,566.1151733398438
2025-03-25,567.4759521484375
2025-03-26,560.7012939453125
2025-03-27,559.2122802734375
2025-03-28,547.9506225585938
2025-03-31,551.6289672851562
2025-04-01,553.18701171875
2025-04-02,556.687744140625
2025-04-03,529.2537841796875
2025-04-04,498.2696838378906
2025-04-07,497.3821716308594
2025-04-08,489.591796875
2025-04-09,541.0083618164062
2025-04-10,517.3018798828125
2025-04-11,526.531982421875
2025-04-14,531.6401977539062
2025-04-15,530.1510620117188
2025-04-16,518.366943359375
2025-04-17,519.1065063476562
2025-04-21,506.7503967285156
2025-04-22,519.9348754882812
2025-04-23,527.991455078125
2025-04-24,539.1051635742188
2025-04-25,543.0003051757812
2025-04-28,543.2073364257812
2025-04-29,546.6293334960938
2025-04-30,546.84619140625
2025-05-01,550.7216186523438
2025-05-02,558.8966674804688
2025-05-05,555.6918334960938
2025-05-06,551.047119140625
2025-05-07,553.3646240234375
2025-05-08,557.2202758789062
2025-05-09,556.51025390625
2025-05-12,574.9015502929688
2025-05-13,578.6981201171875
2025-05-14,579.437744140625
2025-05-15,582.2678833007812
2025-05-16,585.9559936523438
2025-05-19,586.596923828125
2025-05-20,584.6246948242188
2025-05-21,574.7733764648438
2025-05-22,575.0001831054688
2025-05-23,571.0753173828125
2025-05-27,582.9483642578125
2025-05-28,579.5757446289062
2025-05-29,581.8636474609375
2025-05-30,581.2127075195312
2025-06-02,584.4866943359375
2025-06-03,587.8197631835938
2025-06-04,587.6619262695312
2025-06-05,584.8219604492188
2025-06-06,590.827392578125
2025-06-09,591.3599853515625
2025-06-10,594.7128295898438
2025-06-11,593.0167236328125
2025-06-12,595.37353515625
2025-06-13,588.7171630859375
2025-06-16,594.3182983398438
2025-06-17,589.2398681640625
2025-06-18,589.1510620117188
2025-06-20,587.7673950195312
2025-06-23,593.5730590820312
2025-06-24,600.13037109375
2025-06-25,600.4666137695312
2025-06-26,605.1646118164062
2025-06-27,608.1712036132812
2025-06-30,611.0790405273438
2025-07-01,610.8812866210938
2025-07-02,613.650634765625
2025-07-03,618.4869995117188
2025-07-07,613.8779907226562
2025-07-08,613.5418090820312
2025-07-09,617.2210083007812
2025-07-10,618.9617309570312
2025-07-11,616.785888671875
2025-07-14,617.9627685546875
2025-07-15,615.3220825195312
2025-07-16,617.3792114257812
2025-07-17,621.1573486328125
2025-07-18,620.7024536132812
2025-07-21,621.87939453125
2025-07-22,621.9684448242188
2025-07-23,627.259765625
2025-07-24,627.4674072265625
2025-07-25,630.1181030273438
2025-07-28,629.9598999023438
2025-07-29,628.29833984375
2025-07-30,627.507080078125
2025-07-31,625.1531372070312
2025-08-01,614.9066162109375
2025-08-04,624.2531127929688
2025-08-05,621.088134765625
2025-08-06,625.845458984375
2025-08-07,625.3212280273438
2025-08-08,630.1972045898438
2025-08-11,628.9510498046875
2025-08-12,635.6468505859375
2025-08-13,637.8228149414062
2025-08-14,637.882080078125
2025-08-15,636.388671875
2025-08-18,636.2501220703125
2025-08-19,632.7984008789062
2025-08-20,631.1170043945312
2025-08-21,628.5851440429688
2025-08-22,638.2381591796875
2025-08-25,635.4292602539062
2025-08-26,638.0897827148438
2025-08-27,639.543701171875
2025-08-28,641.8085327148438
2025-08-29,637.9810180664062
2025-09-02,633.25341796875
2025-09-03,636.6853637695312
2025-09-04,642.00634765625
2025-09-05,640.14697265625
2025-09-08,641.7195434570312
2025-09-09,643.203125
2025-09-10,645.0625
2025-09-11,650.4231567382812
2025-09-12,650.2055053710938
2025-09-15,653.6671752929688
2025-09-16,652.76708984375
2025-09-17,651.9561157226562
2025-09-18,655.0023803710938
2025-09-19,658.2465209960938
2025-09-22,661.3606567382812
2025-09-23,657.7606201171875
2025-09-24,655.6677856445312
2025-09-25,652.6429443359375
2025-09-26,656.3819580078125
2025-09-29,658.2266845703125
2025-09-30,660.7061157226562
2025-10-01,662.95751953125
2025-10-02,663.7210693359375
2025-10-03,663.7112426757812
2025-10-06,666.0914916992188
2025-10-07,663.6219482421875
2025-10-08,667.5791625976562
2025-10-09,665.6452026367188
2025-10-10,647.6542358398438
2025-10-13,657.5919189453125
2025-10-14,656.78857421875
2025-10-15,659.7044067382812
2025-10-16,655.2117309570312
2025-10-17,658.9308471679688
2025-10-20,665.7840576171875
2025-10-21,665.7741088867188
2025-10-22,662.3128051757812
2025-10-23,666.2402954101562
2025-10-24,671.6851806640625
2025-10-27,679.6094970703125
2025-10-28,681.41455078125
2025-10-29,681.7418823242188
2025-10-30,674.2439575195312
2025-10-31,676.4556274414062
2025-11-03,677.7251586914062
2025-11-04,669.6917114257812
2025-11-05,672.0125122070312
2025-11-06,664.8021850585938
2025-11-07,665.4567260742188
2025-11-10,675.8407592773438
2025-11-11,677.3878784179688
2025-11-12,677.7647705078125
2025-11-13,666.5179443359375
2025-11-14,666.408935546875
2025-11-17,660.2002563476562
2025-11-18,654.65625
2025-11-19,657.185302734375
2025-11-20,647.1683349609375
2025-11-21,653.6148681640625
2025-11-24,663.2351684570312
2025-11-25,669.4734497070312
2025-11-26,674.09521484375
2025-11-28,677.7747192382812
2025-12-01,674.6803588867188
2025-12-02,675.9300537109375
2025-12-03,678.2706298828125
2025-12-04,678.7665405273438
2025-12-05,680.0557861328125
2025-12-08,678.0127563476562
2025-12-09,677.4275512695312
2025-12-10,681.92041015625
2025-12-11,683.5072021484375
2025-12-12,676.1580810546875
2025-12-15,675.1365356445312
2025-12-16,673.2918701171875
2025-12-17,665.8832397460938
2025-12-18,670.9114990234375
2025-12-19,676.9923095703125
2025-12-22,681.2098388671875
2025-12-23,684.3233032226562
2025-12-24,686.7305297851562
2025-12-26,686.660888671875
2025-12-29,684.2138671875
2025-12-30,683.3782958984375
2025-12-31,678.3152465820312
2026-01-02,679.55859375
2026-01-05,684.0845947265625
2026-01-06,688.1529541015625
2026-01-07,685.9347534179688
2026-01-08,685.8651123046875
2026-01-09,690.4010009765625
2026-01-12,691.4852294921875
2026-01-13,690.1026000976562
2026-01-14,686.7105712890625
2026-01-15,688.5806884765625
2026-01-16,688.0037231445312
2026-01-20,673.9981689453125
2026-01-21,681.77685546875
2026-01-22,685.3379516601562
2026-01-23,685.5865478515625
2026-01-26,689.068115234375
2026-01-27,691.8134765625
2026-01-28,691.7438354492188
2026-01-29,690.3711547851562
2026-01-30,688.3121337890625
2026-02-02,691.73388671875
2026-02-03,685.885009765625
2026-02-04,682.5626831054688
2026-02-05,674.0379638671875
2026-02-06,686.96923828125
2026-02-09,690.2816162109375
2026-02-10,688.4613037109375
2026-02-11,688.3021850585938
2026-02-12,677.668701171875
2026-02-13,678.1461181640625
2026-02-17,679.2402954101562
2026-02-18,682.662109375
2026-02-19,680.8616943359375
2026-02-20,685.7855834960938
2026-02-23,678.7827758789062
2026-02-24,683.7164916992188
2026-02-25,689.4859008789062
2026-02-26,685.6561889648438
2026-02-27,682.3637084960938
2026-03-02,682.7516479492188
2026-03-03,676.7337036132812
2026-03-04,681.50830078125
2026-03-05,677.7084350585938
2026-03-06,668.8256225585938
2026-03-09,674.6845092773438
2026-03-10,673.6002807617188
2026-03-11,672.7548217773438
2026-03-12,662.5390625
2026-03-13,658.7890014648438
2026-03-16,665.493408203125
2026-03-17,667.2440185546875
2026-03-18,657.9335327148438
2026-03-19,656.3121337890625
2026-03-20,646.9034423828125
2026-03-23,653.6959228515625
2026-03-24,651.5015869140625
2026-03-25,655.1322021484375
2026-03-26,643.432373046875
2026-03-27,632.4606323242188
2026-03-30,630.3460693359375
2026-03-31,648.6688842773438
2026-04-01,653.5562744140625
2026-04-02,654.144775390625
2026-04-06,657.23681640625
2026-04-07,657.5260009765625
2026-04-08,674.27294921875
2026-04-09,678.162841796875
2026-04-10,677.7140502929688
2026-04-13,684.3369750976562
2026-04-14,692.675537109375
2026-04-15,698.1414184570312
2026-04-16,699.8569946289062
2026-04-17,708.3152465820312
2026-04-20,706.8988037109375
2026-04-21,702.2708129882812
2026-04-22,709.3825073242188
2026-04-23,706.6295776367188
2026-04-24,712.10546875
2026-04-27,713.332275390625
2026-04-28,709.8612060546875
2026-04-29,709.7515258789062
2026-04-30,716.8132934570312
2026-05-01,718.7982177734375
2026-05-04,716.1649780273438
2026-05-05,721.9102172851562
2026-05-06,731.9443359375
2026-05-07,729.7001342773438
2026-05-08,735.724609375
2026-05-11,737.4002685546875
2026-05-12,736.2831420898438
2026-05-13,740.4025268554688
2026-05-14,746.2474975585938
2026-05-15,737.2706298828125
2026-05-18,736.751953125
2026-05-19,731.8446044921875
2026-05-20,739.3452758789062
2026-05-21,740.8114624023438
2026-05-22,743.7239990234375
2026-05-26,748.6613159179688
2026-05-27,748.5316162109375
2026-05-28,752.6609497070312
2026-05-29,754.5361328125
2026-06-01,756.5908203125
2026-06-02,757.6182250976562
2026-06-03,752.3018798828125
2026-06-04,755.1445922851562
2026-06-05,735.65478515625
2026-06-08,737.3204345703125
2026-06-09,735.1560668945312
2026-06-10,723.56591796875
2026-06-11,735.8642578125
2026-06-12,739.843994140625
2026-06-15,752.890380859375
2026-06-16,748.4019775390625
2026-06-17,739.0560302734375
2026-06-18,746.739990234375
2026-06-22,744.3900146484375
2026-06-23,733.5800170898438
2026-06-24,733.239990234375
2026-06-25,734.2999877929688
2026-06-26,728.989990234375
2026-06-29,741.0
2026-06-30,746.77001953125
2026-07-01,745.760009765625
2026-07-02,744.780029296875
2026-07-06,751.280029296875
2026-07-07,747.7100219726562
2026-07-08,745.4000244140625
2026-07-09,751.7100219726562
2026-07-10,754.9500122070312
2026-07-13,749.1699829101562
2026-07-14,751.8300170898438
2026-07-15,754.8099975585938
2026-07-16,750.719970703125
2026-07-17,743.2899780273438
2026-07-20,742.0900268554688
2026-07-21,748.280029296875
2026-07-22,747.4099731445312
2026-07-23,738.1799926757812
2026-07-24,738.9299926757812
2026-07-27,739.0900268554688
2026-07-28,740.8599853515625
2026-07-29,729.4600219726562
2026-07-30,741.6900024414062
2026-07-31,747.030029296875
2026-08-03,757.6699829101562
2026-08-04,771.3300170898438
2026-08-05,769.7899780273438
2026-08-06,768.5599975585938
2026-08-07,773.260009765625
2026-08-10,773.030029296875
2026-08-11,770.5599975585938
2026-08-12,772.489990234375
2026-08-13,777.8800048828125
2026-08-14,776.3400268554688
2026-08-17,772.6699829101562
2026-08-18,767.4500122070312
2026-08-19,769.0599975585938
2026-08-20,762.5999755859375
2026-08-21,765.719970703125
2026-08-24,763.469970703125
2026-08-25,765.9099731445312
2026-08-26,766.0800170898438
2026-08-27,771.0999755859375
2026-08-28,769.3499755859375
2026-08-31,767.0499877929688
2026-09-01,761.780029296875
2026-09-02,765.1599731445312
2026-09-03,773.1699829101562
2026-09-04,770.1900024414062
2026-09-08,765.9600219726562
2026-09-09,762.4000244140625
2026-09-10,757.8300170898438
2026-09-11,764.2899780273438
2026-09-14,760.8800048828125
2026-09-15,757.3900146484375
2026-09-16,754.0499877929688
2026-09-17,762.5999755859375
2026-09-18,758.969970703125
