DATE,TLT
2002-07-30,35.555667877197266
2002-07-31,35.99613952636719
2002-08-01,36.20114517211914
2002-08-02,36.57188415527344
2002-08-05,36.7332763671875
2002-08-06,36.41925048828125
2002-08-07,36.506500244140625
2002-08-08,36.506500244140625
2002-08-09,37.021141052246094
2002-08-12,37.247955322265625
2002-08-13,37.7059326171875
2002-08-14,37.84984588623047
2002-08-15,37.51836395263672
2002-08-16,37.09965515136719
2002-08-19,37.21307373046875
2002-08-20,37.62741470336914
2002-08-21,37.42678451538086
2002-08-22,37.09965515136719
2002-08-23,37.46601867675781
2002-08-26,37.500919342041016
2002-08-27,37.26540756225586
2002-08-28,37.45289993286133
2002-08-29,37.75386428833008
2002-08-30,37.980690002441406
2002-09-03,38.56460189819336
2002-09-04,38.55583190917969
2002-09-05,38.76607131958008
2002-09-06,38.3105354309082
2002-09-09,38.253578186035156
2002-09-10,38.43756103515625
2002-09-11,38.2360725402832
2002-09-12,38.53392791748047
2002-09-13,38.888736724853516
2002-09-16,38.954444885253906
2002-09-17,39.028900146484375
2002-09-18,39.03768539428711
2002-09-19,39.300498962402344
2002-09-20,39.11651611328125
2002-09-23,39.466941833496094
2002-09-24,39.72102355957031
2002-09-25,39.23915100097656
2002-09-26,39.147193908691406
2002-09-27,39.4406623840332
2002-09-30,39.59834289550781
2002-10-01,39.10719680786133
2002-10-02,39.33146667480469
2002-10-03,39.234737396240234
2002-10-04,39.357852935791016
2002-10-07,39.423789978027344
2002-10-08,39.436954498291016
2002-10-09,39.63922882080078
2002-10-10,39.32703399658203
2002-10-11,38.8609733581543
2002-10-14,38.803810119628906
2002-10-15,37.884796142578125
2002-10-16,37.90239715576172
2002-10-17,37.44075012207031
2002-10-18,37.53749084472656
2002-10-21,37.17252731323242
2002-10-22,37.06697082519531
2002-10-23,37.08018112182617
2002-10-24,37.40554428100586
2002-10-25,37.54189682006836
2002-10-28,37.48910140991211
2002-10-29,37.97715759277344
2002-10-30,37.96395492553711
2002-10-31,38.135433197021484
2002-11-01,37.97602462768555
2002-11-04,37.80817794799805
2002-11-05,37.66241455078125
2002-11-06,37.81258010864258
2002-11-07,38.748966217041016
2002-11-08,39.06254577636719
2002-11-11,39.274559020996094
2002-11-12,39.0493049621582
2002-11-13,39.133235931396484
2002-11-14,38.32052993774414
2002-11-15,38.47510528564453
2002-11-18,38.64739227294922
2002-11-19,38.78871154785156
2002-11-20,38.40885925292969
2002-11-21,38.03786087036133
2002-11-22,38.002532958984375
2002-11-25,37.93184280395508
2002-11-26,38.40885925292969
2002-11-27,37.54314041137695
2002-11-29,37.78606414794922
2002-12-02,37.82114791870117
2002-12-03,37.87437438964844
2002-12-04,38.06962966918945
2002-12-05,38.1672248840332
2002-12-06,38.23379898071289
2002-12-09,38.44674301147461
2002-12-10,38.5488395690918
2002-12-11,38.80617141723633
2002-12-12,38.77068328857422
2002-12-13,38.393497467041016
2002-12-16,38.10511016845703
2002-12-17,38.10511016845703
2002-12-18,38.40244674682617
2002-12-19,38.744049072265625
2002-12-20,38.77068328857422
2002-12-23,38.779544830322266
2002-12-24,38.99692916870117
2002-12-26,39.0723991394043
2002-12-27,39.50278091430664
2002-12-30,39.59595489501953
2002-12-31,39.49607849121094
2003-01-02,38.474910736083984
2003-01-03,38.564056396484375
2003-01-06,38.461490631103516
2003-01-07,38.5997314453125
2003-01-08,38.79148864746094
2003-01-09,38.0467643737793
2003-01-10,38.144893646240234
2003-01-13,38.207340240478516
2003-01-14,38.34109878540039
2003-01-15,38.52840042114258
2003-01-16,38.5819206237793
2003-01-17,38.77367401123047
2003-01-21,38.99664306640625
2003-01-22,39.18833923339844
2003-01-23,38.99664306640625
2003-01-24,39.2285041809082
2003-01-27,39.08580780029297
2003-01-28,39.08580780029297
2003-01-29,38.87177276611328
2003-01-30,39.161624908447266
2003-01-31,39.2686653137207
2003-02-03,39.32587432861328
2003-02-04,39.50044250488281
2003-02-05,39.16032028198242
2003-02-06,39.47805404663086
2003-02-07,39.56757354736328
2003-02-10,39.290096282958984
2003-02-11,39.28115463256836
2003-02-12,39.419891357421875
2003-02-13,39.634681701660156
2003-02-14,39.294593811035156
2003-02-18,39.34385299682617
2003-02-19,39.61232376098633
2003-02-20,39.746585845947266
2003-02-21,39.51385498046875
2003-02-24,39.70182418823242
2003-02-25,39.885284423828125
2003-02-26,40.162723541259766
2003-02-27,40.22983932495117
2003-02-28,40.48493576049805
2003-03-03,40.53434753417969
2003-03-04,40.56129837036133
2003-03-05,40.69607925415039
2003-03-06,40.538841247558594
2003-03-07,40.6780891418457
2003-03-10,40.88920211791992
2003-03-11,40.81732940673828
2003-03-12,40.96556091308594
2003-03-13,40.210960388183594
2003-03-14,40.408607482910156
2003-03-17,39.9234619140625
2003-03-18,39.54612731933594
2003-03-19,39.254154205322266
2003-03-20,39.191261291503906
2003-03-21,38.65226745605469
2003-03-24,39.263153076171875
2003-03-25,39.21824264526367
2003-03-26,39.2990608215332
2003-03-27,39.3260383605957
2003-03-28,39.41585159301758
2003-03-31,39.93244171142578
2003-04-01,39.81875228881836
2003-04-02,39.40375518798828
2003-04-03,39.38120651245117
2003-04-04,39.268409729003906
2003-04-07,39.17820358276367
2003-04-08,39.49397659301758
2003-04-09,39.61124801635742
2003-04-10,39.42628860473633
2003-04-11,39.363136291503906
2003-04-14,39.25490951538086
2003-04-15,39.46690368652344
2003-04-16,39.6292839050293
2003-04-17,39.69245147705078
2003-04-21,39.60673522949219
2003-04-22,39.58418655395508
2003-04-23,39.665382385253906
2003-04-24,40.0217399597168
2003-04-25,40.1119499206543
2003-04-28,40.048789978027344
2003-04-29,39.98112869262695
2003-04-30,40.35106658935547
2003-05-01,40.37057113647461
2003-05-02,40.0530891418457
2003-05-05,40.26626205444336
2003-05-06,40.46574020385742
2003-05-07,40.93743896484375
2003-05-08,41.03721618652344
2003-05-09,41.078033447265625
2003-05-12,41.336517333984375
2003-05-13,41.42718505859375
2003-05-14,42.06211471557617
2003-05-15,42.19361114501953
2003-05-16,42.50199890136719
2003-05-19,42.35691452026367
2003-05-20,42.98272705078125
2003-05-21,42.978187561035156
2003-05-22,43.359134674072266
2003-05-23,43.46796798706055
2003-05-27,42.683414459228516
2003-05-28,42.61083984375
2003-05-29,42.98272705078125
2003-05-30,42.90111541748047
2003-06-02,42.5859260559082
2003-06-03,42.9274787902832
2003-06-04,43.05501174926758
2003-06-05,42.71796798706055
2003-06-06,42.87285232543945
2003-06-09,43.159751892089844
2003-06-10,43.674354553222656
2003-06-11,43.619728088378906
2003-06-12,43.96125411987305
2003-06-13,44.257328033447266
2003-06-16,43.83833694458008
2003-06-17,43.49222183227539
2003-06-18,42.93659210205078
2003-06-19,42.85466384887695
2003-06-20,42.69523239135742
2003-06-23,42.95024490356445
2003-06-24,43.34648513793945
2003-06-25,42.65424728393555
2003-06-26,42.08042907714844
2003-06-27,41.93013381958008
2003-06-30,42.12596130371094
2003-07-01,41.917030334472656
2003-07-02,42.02219772338867
2003-07-03,41.41875457763672
2003-07-07,41.15359878540039
2003-07-08,41.190147399902344
2003-07-09,41.322750091552734
2003-07-10,41.309024810791016
2003-07-11,41.50558090209961
2003-07-14,41.030155181884766
2003-07-15,40.07014846801758
2003-07-16,40.29867935180664
2003-07-17,40.17525863647461
2003-07-18,40.09299850463867
2003-07-21,39.242637634277344
2003-07-22,39.43467330932617
2003-07-23,39.567264556884766
2003-07-24,39.21980285644531
2003-07-25,39.11463928222656
2003-07-28,38.58890914916992
2003-07-29,38.06321334838867
2003-07-30,38.492881774902344
2003-07-31,37.92146682739258
2003-08-01,37.892974853515625
2003-08-04,38.21904373168945
2003-08-05,37.67253494262695
2003-08-06,38.41654586791992
2003-08-07,38.577274322509766
2003-08-08,38.42111587524414
2003-08-11,38.22822952270508
2003-08-12,38.04913330078125
2003-08-13,37.31434631347656
2003-08-14,37.68174743652344
2003-08-15,37.65875244140625
2003-08-18,37.833274841308594
2003-08-19,38.41654586791992
2003-08-20,38.20986557006836
2003-08-21,38.118019104003906
2003-08-22,38.28793716430664
2003-08-25,37.98945999145508
2003-08-26,38.28793716430664
2003-08-27,38.1134147644043
2003-08-28,38.508392333984375
2003-08-29,38.41654586791992
2003-09-02,37.85467529296875
2003-09-03,37.914642333984375
2003-09-04,38.12681579589844
2003-09-05,38.78187942504883
2003-09-08,38.38055419921875
2003-09-09,38.6573486328125
2003-09-10,39.04945373535156
2003-09-11,38.79572296142578
2003-09-12,39.06332015991211
2003-09-15,39.00331497192383
2003-09-16,38.94334030151367
2003-09-17,39.42770004272461
2003-09-18,39.45537567138672
2003-09-19,39.50151443481445
2003-09-22,39.18784713745117
2003-09-23,39.45537567138672
2003-09-24,39.7967643737793
2003-09-25,39.99509811401367
2003-09-26,40.354915618896484
2003-09-29,40.03201675415039
2003-09-30,40.69630813598633
2003-10-01,40.54208755493164
2003-10-02,40.356773376464844
2003-10-03,39.509033203125
2003-10-06,39.68046951293945
2003-10-07,39.22186279296875
2003-10-08,39.21255874633789
2003-10-09,38.934635162353516
2003-10-10,39.166259765625
2003-10-13,39.01335906982422
2003-10-14,38.744712829589844
2003-10-15,38.55479049682617
2003-10-16,38.40191650390625
2003-10-17,38.698387145996094
2003-10-20,38.828086853027344
2003-10-21,38.97168731689453
2003-10-22,39.35155487060547
2003-10-23,39.0643310546875
2003-10-24,39.49977111816406
2003-10-27,39.4210319519043
2003-10-28,39.62946701049805
2003-10-29,39.272769927978516
2003-10-30,39.09677505493164
2003-10-31,39.462738037109375
2003-11-03,39.2757453918457
2003-11-04,39.499019622802734
2003-11-05,39.229209899902344
2003-11-06,38.861785888671875
2003-11-07,38.83849334716797
2003-11-10,38.805938720703125
2003-11-11,38.81060028076172
2003-11-12,39.094356536865234
2003-11-13,39.69905090332031
2003-11-14,39.96412658691406
2003-11-17,40.02461242675781
2003-11-18,40.271121978759766
2003-11-19,39.82459259033203
2003-11-20,40.21064758300781
2003-11-21,40.233909606933594
2003-11-24,39.90369415283203
2003-11-25,40.12228775024414
2003-11-26,39.95948791503906
2003-11-28,39.59667205810547
2003-12-01,39.37604904174805
2003-12-02,39.54433059692383
2003-12-03,39.38541793823242
2003-12-04,39.474220275878906
2003-12-05,40.10523223876953
2003-12-08,39.82477951049805
2003-12-09,39.54433059692383
2003-12-10,39.609771728515625
2003-12-11,39.89494323730469
2003-12-12,39.969688415527344
2003-12-15,39.94628143310547
2003-12-16,40.0771598815918
2003-12-17,40.3482551574707
2003-12-18,40.712894439697266
2003-12-19,40.69886779785156
2003-12-22,40.58667755126953
2003-12-23,40.12861633300781
2003-12-24,40.5072135925293
2003-12-26,40.65681838989258
2003-12-29,40.292213439941406
2003-12-30,40.12861633300781
2003-12-31,40.128604888916016
2004-01-02,39.65430450439453
2004-01-05,39.55097961425781
2004-01-06,39.98772048950195
2004-01-07,40.14739990234375
2004-01-08,40.13327407836914
2004-01-09,40.833030700683594
2004-01-12,40.80018615722656
2004-01-13,41.077232360839844
2004-01-14,41.27916717529297
2004-01-15,41.43415069580078
2004-01-16,41.14297103881836
2004-01-20,41.13359832763672
2004-01-21,41.232200622558594
2004-01-22,41.53276824951172
2004-01-23,41.03499984741211
2004-01-26,40.78606033325195
2004-01-27,41.03968811035156
2004-01-28,40.67804718017578
2004-01-29,40.59352111816406
2004-01-30,40.87528610229492
2004-02-02,40.78946304321289
2004-02-03,40.99698257446289
2004-02-04,40.916812896728516
2004-02-05,40.75646209716797
2004-02-06,41.2044563293457
2004-02-09,41.327049255371094
2004-02-10,41.09600830078125
2004-02-11,41.402462005615234
2004-02-12,41.22805404663086
2004-02-13,41.402462005615234
2004-02-17,41.37419128417969
2004-02-18,41.43079376220703
2004-02-19,41.47322463989258
2004-02-20,41.18560028076172
2004-02-23,41.44021224975586
2004-02-24,41.515655517578125
2004-02-25,41.58169174194336
2004-02-26,41.44963073730469
2004-02-27,41.808040618896484
2004-03-01,41.79189682006836
2004-03-02,41.526798248291016
2004-03-03,41.451026916503906
2004-03-04,41.63566970825195
2004-03-05,42.44058609008789
2004-03-08,42.69149398803711
2004-03-09,42.97556686401367
2004-03-10,42.947147369384766
2004-03-11,43.00871658325195
2004-03-12,42.74360275268555
2004-03-15,42.81463623046875
2004-03-16,43.16967010498047
2004-03-17,43.09867858886719
2004-03-18,42.87144088745117
2004-03-19,42.81463623046875
2004-03-22,43.07497787475586
2004-03-23,43.150718688964844
2004-03-24,43.127079010009766
2004-03-25,42.96137619018555
2004-03-26,42.50685501098633
2004-03-29,42.2227668762207
2004-03-30,42.194374084472656
2004-03-31,42.39794158935547
2004-04-01,42.259185791015625
2004-04-02,41.213504791259766
2004-04-05,40.89030838012695
2004-04-06,41.1136589050293
2004-04-07,41.01864242553711
2004-04-08,40.899818420410156
2004-04-12,40.752418518066406
2004-04-13,40.310455322265625
2004-04-14,40.277164459228516
2004-04-15,40.039485931396484
2004-04-16,40.19160079956055
2004-04-19,40.106082916259766
2004-04-20,39.74005889892578
2004-04-21,39.93492889404297
2004-04-22,40.17259979248047
2004-04-23,39.94444274902344
2004-04-26,40.01096725463867
2004-04-27,40.1630744934082
2004-04-28,39.78759765625
2004-04-29,39.59270477294922
2004-04-30,39.75434112548828
2004-05-03,39.8044319152832
2004-05-04,39.53243637084961
2004-05-05,39.422691345214844
2004-05-06,39.317726135253906
2004-05-07,38.80237579345703
2004-05-10,38.71175765991211
2004-05-11,38.88828659057617
2004-05-12,38.63062286376953
2004-05-13,38.48271560668945
2004-05-14,38.79762649536133
2004-05-17,39.14115905761719
2004-05-18,38.98849105834961
2004-05-19,38.859649658203125
2004-05-20,39.16026306152344
2004-05-21,39.002750396728516
2004-05-24,39.126869201660156
2004-05-25,39.24136734008789
2004-05-26,39.45132827758789
2004-05-27,39.76148223876953
2004-05-28,39.65174865722656
2004-06-01,39.288658142089844
2004-06-02,39.188053131103516
2004-06-03,39.269466400146484
2004-06-04,39.0395393371582
2004-06-07,39.04914474487305
2004-06-08,39.120994567871094
2004-06-09,38.953330993652344
2004-06-10,39.02996826171875
2004-06-14,38.71864700317383
2004-06-15,39.53774642944336
2004-06-16,39.38444900512695
2004-06-17,39.64310073852539
2004-06-18,39.55687713623047
2004-06-21,39.585662841796875
2004-06-22,39.46589279174805
2004-06-23,39.542503356933594
2004-06-24,39.78206253051758
2004-06-25,39.82035446166992
2004-06-28,39.41318130493164
2004-06-29,39.66226577758789
2004-06-30,40.069461822509766
2004-07-01,40.144466400146484
2004-07-02,40.56769561767578
2004-07-06,40.50033187866211
2004-07-07,40.51478958129883
2004-07-08,40.538848876953125
2004-07-09,40.58218002319336
2004-07-12,40.639827728271484
2004-07-13,40.51958465576172
2004-07-14,40.533992767333984
2004-07-15,40.577301025390625
2004-07-16,41.11598587036133
2004-07-19,41.14484786987305
2004-07-20,40.77448654174805
2004-07-21,40.66386032104492
2004-07-22,40.721580505371094
2004-07-23,40.856292724609375
2004-07-26,40.66386032104492
2004-07-27,40.11561584472656
2004-07-28,40.12042236328125
2004-07-29,40.211814880371094
2004-07-30,40.683128356933594
2004-08-02,40.73621368408203
2004-08-03,40.9004020690918
2004-08-04,40.919700622558594
2004-08-05,41.035560607910156
2004-08-06,41.72601318359375
2004-08-09,41.581180572509766
2004-08-10,41.43151092529297
2004-08-11,41.61015701293945
2004-08-12,41.69707489013672
2004-08-13,41.83224868774414
2004-08-16,41.68742370605469
2004-08-17,41.92399215698242
2004-08-18,41.72121810913086
2004-08-19,41.82259750366211
2004-08-20,41.783992767333984
2004-08-23,41.542564392089844
2004-08-24,41.566715240478516
2004-08-25,41.711544036865234
2004-08-26,41.94812774658203
2004-08-27,41.919185638427734
2004-08-30,42.11712646484375
2004-08-31,42.37784957885742
2004-09-01,42.42144775390625
2004-09-02,42.00456619262695
2004-09-03,42.00943374633789
2004-09-07,41.9658088684082
2004-09-08,42.31967544555664
2004-09-09,42.15971374511719
2004-09-10,42.22275924682617
2004-09-13,42.40693664550781
2004-09-14,42.450538635253906
2004-09-15,42.35358810424805
2004-09-16,42.83354187011719
2004-09-17,42.62022018432617
2004-09-20,42.90138626098633
2004-09-21,43.027427673339844
2004-09-22,43.473411560058594
2004-09-23,43.29887771606445
2004-09-24,43.3521842956543
2004-09-27,43.54122543334961
2004-09-28,43.366737365722656
2004-09-29,42.945003509521484
2004-09-30,42.78019332885742
2004-10-01,42.56654357910156
2004-10-04,42.62977600097656
2004-10-05,42.62977600097656
2004-10-06,42.43509292602539
2004-10-07,42.250152587890625
2004-10-08,42.809898376464844
2004-10-11,42.85372543334961
2004-10-12,42.9510612487793
2004-10-13,43.10682678222656
2004-10-14,43.31121826171875
2004-10-15,43.16032791137695
2004-10-18,43.17982482910156
2004-10-19,43.29176712036133
2004-10-20,43.588680267333984
2004-10-21,43.617942810058594
2004-10-22,43.720096588134766
2004-10-25,43.75419616699219
2004-10-26,43.62275695800781
2004-10-27,43.194419860839844
2004-10-28,43.33557891845703
2004-10-29,43.535160064697266
2004-11-01,43.264381408691406
2004-11-02,43.327911376953125
2004-11-03,43.34748077392578
2004-11-04,43.391475677490234
2004-11-05,42.9173698425293
2004-11-08,42.76587677001953
2004-11-09,42.741424560546875
2004-11-10,42.58015060424805
2004-11-11,42.487274169921875
2004-11-12,42.94668197631836
2004-11-15,42.985782623291016
2004-11-16,42.985782623291016
2004-11-17,43.35234069824219
2004-11-18,43.48432159423828
2004-11-19,43.13732147216797
2004-11-22,43.36210632324219
2004-11-23,43.41587829589844
2004-11-24,43.41587829589844
2004-11-26,43.132450103759766
2004-11-29,42.67298889160156
2004-11-30,42.49215316772461
2004-12-01,42.42592239379883
2004-12-02,42.25412368774414
2004-12-03,42.911773681640625
2004-12-06,43.058990478515625
2004-12-07,43.11294937133789
2004-12-08,43.78532791137695
2004-12-09,43.49571228027344
2004-12-10,43.60374450683594
2004-12-13,43.69697189331055
2004-12-14,43.86872100830078
2004-12-15,44.266239166259766
2004-12-16,43.613529205322266
2004-12-17,43.554656982421875
2004-12-20,43.63315963745117
2004-12-21,43.76567840576172
2004-12-22,43.618438720703125
2004-12-23,43.47614669799805
2004-12-27,43.13748550415039
2004-12-28,43.10313415527344
2004-12-29,43.058990478515625
2004-12-30,43.34854507446289
2004-12-31,43.621917724609375
2005-01-03,43.715545654296875
2005-01-04,43.257381439208984
2005-01-05,43.488914489746094
2005-01-06,43.518470764160156
2005-01-07,43.61699676513672
2005-01-10,43.685951232910156
2005-01-11,43.942134857177734
2005-01-12,44.00123596191406
2005-01-13,44.424930572509766
2005-01-14,44.41997146606445
2005-01-18,44.5677604675293
2005-01-19,44.69584274291992
2005-01-20,44.7845573425293
2005-01-21,44.83378219604492
2005-01-24,45.025936126708984
2005-01-25,44.60224533081055
2005-01-26,44.68599319458008
2005-01-27,44.60224533081055
2005-01-28,45.05051040649414
2005-01-31,45.17860412597656
2005-02-01,45.10690689086914
2005-02-02,45.210758209228516
2005-02-03,45.18604278564453
2005-02-04,45.81406021118164
2005-02-07,46.15522766113281
2005-02-08,46.417293548583984
2005-02-09,46.54092788696289
2005-02-10,45.912933349609375
2005-02-11,45.88327407836914
2005-02-14,46.026676177978516
2005-02-15,45.79426193237305
2005-02-16,45.62117385864258
2005-02-17,45.33441925048828
2005-02-18,44.92890167236328
2005-02-22,44.731117248535156
2005-02-23,44.879451751708984
2005-02-24,44.78059005737305
2005-02-25,44.99817657470703
2005-02-28,44.5135612487793
2005-03-01,44.49964904785156
2005-03-02,44.44013214111328
2005-03-03,44.41530227661133
2005-03-04,44.896488189697266
2005-03-07,45.07506561279297
2005-03-08,44.64848327636719
2005-03-09,43.9193000793457
2005-03-10,44.1871452331543
2005-03-11,43.86473083496094
2005-03-14,44.12763595581055
2005-03-15,43.849853515625
2005-03-16,44.11767578125
2005-03-17,44.261566162109375
2005-03-18,43.98377227783203
2005-03-21,43.85978317260742
2005-03-22,43.487770080566406
2005-03-23,43.69609451293945
2005-03-24,43.785335540771484
2005-03-28,43.51747131347656
2005-03-29,43.77544403076172
2005-03-30,43.99372482299805
2005-03-31,44.31114196777344
2005-04-01,44.460540771484375
2005-04-04,44.45054244995117
2005-04-05,44.33607864379883
2005-04-06,44.49040603637695
2005-04-07,44.13192367553711
2005-04-08,44.2862663269043
2005-04-11,44.5252571105957
2005-04-12,44.938472747802734
2005-04-13,44.8289680480957
2005-04-14,44.759281158447266
2005-04-15,45.35174560546875
2005-04-18,45.316871643066406
2005-04-19,45.75497817993164
2005-04-20,45.64051055908203
2005-04-21,45.16252899169922
2005-04-22,45.54088592529297
2005-04-25,45.67534637451172
2005-04-26,45.60563659667969
2005-04-27,45.76495361328125
2005-04-28,46.10352325439453
2005-04-29,46.02387237548828
2005-05-02,46.01385498046875
2005-05-03,46.13875198364258
2005-05-04,45.734046936035156
2005-05-05,45.838993072509766
2005-05-06,45.49920654296875
2005-05-09,45.544193267822266
2005-05-10,45.868961334228516
2005-05-11,46.008888244628906
2005-05-12,46.18877029418945
2005-05-13,46.368648529052734
2005-05-16,46.31367492675781
2005-05-17,46.44357681274414
2005-05-18,46.75335693359375
2005-05-19,46.63345718383789
2005-05-20,46.68843078613281
2005-05-23,47.05317687988281
2005-05-24,47.183067321777344
2005-05-25,46.853302001953125
2005-05-26,46.83829116821289
2005-05-27,46.8882942199707
2005-05-31,47.46791458129883
2005-06-01,48.04912567138672
2005-06-02,48.16446304321289
2005-06-03,47.768314361572266
2005-06-06,48.01906204223633
2005-06-07,48.400184631347656
2005-06-08,48.16948318481445
2005-06-09,48.129356384277344
2005-06-10,47.5877799987793
2005-06-13,47.30188751220703
2005-06-14,46.9909553527832
2005-06-15,47.076175689697266
2005-06-16,47.31191635131836
2005-06-17,47.306888580322266
2005-06-20,47.226661682128906
2005-06-21,47.572723388671875
2005-06-22,48.14943313598633
2005-06-23,48.099300384521484
2005-06-24,48.3399772644043
2005-06-27,48.47040557861328
2005-06-28,48.13938522338867
2005-06-29,48.06415939331055
2005-06-30,48.49547576904297
2005-07-01,47.90767288208008
2005-07-05,47.454769134521484
2005-07-06,47.71644592285156
2005-07-07,47.81711959838867
2005-07-08,47.620853424072266
2005-07-11,47.620853424072266
2005-07-12,47.3541374206543
2005-07-13,47.28364944458008
2005-07-14,47.16291427612305
2005-07-15,47.28871154785156
2005-07-18,46.93643569946289
2005-07-19,47.10251235961914
2005-07-20,47.35920333862305
2005-07-21,46.71501159667969
2005-07-22,47.07736587524414
2005-07-25,46.906246185302734
2005-07-26,46.98174285888672
2005-07-27,46.906246185302734
2005-07-28,47.323936462402344
2005-07-29,46.85594177246094
2005-08-01,46.68166732788086
2005-08-02,46.53011703491211
2005-08-03,46.7574462890625
2005-08-04,46.66149139404297
2005-08-05,46.29780197143555
2005-08-08,46.21192169189453
2005-08-09,46.383670806884766
2005-08-10,46.333168029785156
2005-08-11,46.656429290771484
2005-08-12,47.131195068359375
2005-08-15,47.010009765625
2005-08-16,47.33829879760742
2005-08-17,47.0251350402832
2005-08-18,47.37368392944336
2005-08-19,47.36863327026367
2005-08-22,47.31813049316406
2005-08-23,47.53534698486328
2005-08-24,47.58078384399414
2005-08-25,47.73228454589844
2005-08-26,47.71712875366211
2005-08-29,47.77771759033203
2005-08-30,48.08083724975586
2005-08-31,48.48489761352539
2005-09-01,48.19293975830078
2005-09-02,48.233482360839844
2005-09-06,47.893863677978516
2005-09-07,47.44278335571289
2005-09-08,47.49344253540039
2005-09-09,47.645538330078125
2005-09-12,47.3160514831543
2005-09-13,47.564414978027344
2005-09-14,47.38193130493164
2005-09-15,46.99165725708008
2005-09-16,46.68247985839844
2005-09-19,46.78383255004883
2005-09-20,46.90547561645508
2005-09-21,47.341407775878906
2005-09-22,47.295753479003906
2005-09-23,46.94097137451172
2005-09-26,46.72810363769531
2005-09-27,46.793975830078125
2005-09-28,47.108253479003906
2005-09-29,46.895381927490234
2005-09-30,46.73318099975586
2005-10-03,46.36781692504883
2005-10-04,46.520442962646484
2005-10-05,46.72394561767578
2005-10-06,46.54591751098633
2005-10-07,46.734188079833984
2005-10-10,46.703636169433594
2005-10-11,46.60696792602539
2005-10-12,46.154083251953125
2005-10-13,45.98616409301758
2005-10-14,45.91489028930664
2005-10-17,45.904727935791016
2005-10-18,45.95558166503906
2005-10-19,45.9759521484375
2005-10-20,46.09808349609375
2005-10-21,46.52552795410156
2005-10-24,46.16425323486328
2005-10-25,45.7673454284668
2005-10-26,45.43146896362305
2005-10-27,45.594295501708984
2005-10-28,45.59941101074219
2005-10-31,45.6859130859375
2005-11-01,45.63328170776367
2005-11-02,45.418582916259766
2005-11-03,45.11195373535156
2005-11-04,45.040374755859375
2005-11-07,45.193702697753906
2005-11-08,45.63328170776367
2005-11-09,45.163021087646484
2005-11-10,45.715091705322266
2005-11-11,45.740596771240234
2005-11-14,45.398155212402344
2005-11-15,45.694618225097656
2005-11-16,46.175045013427734
2005-11-17,46.28754425048828
2005-11-18,46.07282257080078
2005-11-21,46.21085739135742
2005-11-22,46.27216339111328
2005-11-23,46.093299865722656
2005-11-25,46.26194381713867
2005-11-28,46.491966247558594
2005-11-29,46.052398681640625
2005-11-30,46.00130081176758
2005-12-01,45.929443359375
2005-12-02,45.94481658935547
2005-12-05,45.739463806152344
2005-12-06,46.20662307739258
2005-12-07,46.0321044921875
2005-12-08,46.329864501953125
2005-12-09,45.96535110473633
2005-12-12,45.878089904785156
2005-12-13,46.04749298095703
2005-12-14,46.51976013183594
2005-12-15,46.40684509277344
2005-12-16,46.56080627441406
2005-12-19,46.607059478759766
2005-12-20,46.550575256347656
2005-12-21,46.46843719482422
2005-12-22,46.83806610107422
2005-12-23,47.125511169433594
2005-12-27,47.510520935058594
2005-12-28,47.378089904785156
2005-12-29,47.481197357177734
2005-12-30,47.37287521362305
2006-01-03,47.311031341552734
2006-01-04,47.42445373535156
2006-01-05,47.36775207519531
2006-01-06,47.28010559082031
2006-01-09,47.311031341552734
2006-01-10,46.929569244384766
2006-01-11,46.85227584838867
2006-01-12,47.166690826416016
2006-01-13,47.43992233276367
2006-01-17,47.651275634765625
2006-01-18,47.63581085205078
2006-01-19,47.49662399291992
2006-01-20,47.620361328125
2006-01-23,47.60486602783203
2006-01-24,47.37287521362305
2006-01-25,46.85741424560547
2006-01-26,46.6563835144043
2006-01-27,46.6563835144043
2006-01-30,46.609981536865234
2006-01-31,46.73884201049805
2006-02-01,46.57899856567383
2006-02-02,46.66695785522461
2006-02-03,46.9980583190918
2006-02-06,47.091156005859375
2006-02-07,46.868717193603516
2006-02-08,46.760047912597656
2006-02-09,46.97216796875
2006-02-10,46.713523864746094
2006-02-13,46.71868133544922
2006-02-14,46.55317687988281
2006-02-15,46.66695785522461
2006-02-16,46.67729187011719
2006-02-17,47.049766540527344
2006-02-21,46.97216796875
2006-02-22,47.292911529541016
2006-02-23,47.173927307128906
2006-02-24,47.10150909423828
2006-02-27,47.02389907836914
2006-02-28,47.25667953491211
2006-03-01,46.971160888671875
2006-03-02,46.64411163330078
2006-03-03,46.37416458129883
2006-03-06,45.969242095947266
2006-03-07,46.00042724609375
2006-03-08,45.984806060791016
2006-03-09,46.00042724609375
2006-03-10,45.82907485961914
2006-03-13,45.7927360534668
2006-03-14,46.09898376464844
2006-03-15,45.849830627441406
2006-03-16,46.2651481628418
2006-03-17,46.1249885559082
2006-03-20,46.19765853881836
2006-03-21,45.9588508605957
2006-03-22,46.057498931884766
2006-03-23,45.912139892578125
2006-03-24,46.249595642089844
2006-03-27,46.07826232910156
2006-03-28,45.647361755371094
2006-03-29,45.42934036254883
2006-03-30,45.112674713134766
2006-03-31,45.097103118896484
2006-04-03,45.11167526245117
2006-04-04,45.064796447753906
2006-04-05,45.12728500366211
2006-04-06,44.783382415771484
2006-04-07,44.34566116333008
2006-04-10,44.42903518676758
2006-04-11,44.58538055419922
2006-04-12,44.314422607421875
2006-04-13,44.001747131347656
2006-04-17,44.16330337524414
2006-04-18,44.2414665222168
2006-04-19,43.97050476074219
2006-04-20,43.93400192260742
2006-04-21,44.18934631347656
2006-04-24,44.36652374267578
2006-04-25,43.84017562866211
2006-04-26,43.76723861694336
2006-04-27,43.824562072753906
2006-04-28,43.855838775634766
2006-05-01,43.52627182006836
2006-05-02,43.64132308959961
2006-05-03,43.54718017578125
2006-05-04,43.473907470703125
2006-05-05,43.735538482666016
2006-05-08,43.7617073059082
2006-05-09,43.735538482666016
2006-05-10,43.81394577026367
2006-05-11,43.5994987487793
2006-05-12,43.2385139465332
2006-05-15,43.41115951538086
2006-05-16,43.735538482666016
2006-05-17,43.46345901489258
2006-05-18,44.05462646484375
2006-05-19,44.169715881347656
2006-05-22,44.26390838623047
2006-05-23,44.23774337768555
2006-05-24,44.258636474609375
2006-05-25,44.08604049682617
2006-05-26,44.05462646484375
2006-05-30,44.03372573852539
2006-05-31,43.772132873535156
2006-06-01,43.9675407409668
2006-06-02,44.53477096557617
2006-06-05,44.476985931396484
2006-06-06,44.68708419799805
2006-06-07,44.69759750366211
2006-06-08,44.7868766784668
2006-06-09,45.02323532104492
2006-06-12,45.059993743896484
2006-06-13,45.091514587402344
2006-06-14,44.63983154296875
2006-06-15,44.38243103027344
2006-06-16,44.282657623291016
2006-06-19,44.21965026855469
2006-06-20,44.146060943603516
2006-06-21,44.15663146972656
2006-06-22,43.90447998046875
2006-06-23,43.815208435058594
2006-06-26,43.73114776611328
2006-06-27,43.94651794433594
2006-06-28,43.715415954589844
2006-06-29,43.862457275390625
2006-06-30,44.28791427612305
2006-07-03,44.244178771972656
2006-07-05,43.890892028808594
2006-07-06,44.15977096557617
2006-07-07,44.44449996948242
2006-07-10,44.48672103881836
2006-07-11,44.629085540771484
2006-07-12,44.639591217041016
2006-07-13,44.81361770629883
2006-07-14,44.839969635009766
2006-07-17,44.90852737426758
2006-07-18,44.523624420166016
2006-07-19,44.9454231262207
2006-07-20,45.077266693115234
2006-07-21,44.992862701416016
2006-07-24,44.9665412902832
2006-07-25,44.8347053527832
2006-07-26,44.998165130615234
2006-07-27,44.92961502075195
2006-07-28,45.18797302246094
2006-07-31,45.24600601196289
2006-08-01,45.24174499511719
2006-08-02,45.41115951538086
2006-08-03,45.421722412109375
2006-08-04,45.697021484375
2006-08-07,45.72350311279297
2006-08-08,45.62291717529297
2006-08-09,45.47468185424805
2006-08-10,45.405860900878906
2006-08-11,45.20997619628906
2006-08-14,45.130558013916016
2006-08-15,45.51174545288086
2006-08-16,45.81877899169922
2006-08-17,45.802886962890625
2006-08-18,45.935264587402344
2006-08-21,46.09933090209961
2006-08-22,46.11524200439453
2006-08-23,46.13640213012695
2006-08-24,46.221134185791016
2006-08-25,46.28995132446289
2006-08-28,46.33229064941406
2006-08-29,46.395835876464844
2006-08-30,46.51761245727539
2006-08-31,46.62874984741211
2006-09-01,46.6446647644043
2006-09-05,46.35236740112305
2006-09-06,46.28856658935547
2006-09-07,46.378944396972656
2006-09-08,46.416168212890625
2006-09-11,46.37364959716797
2006-09-12,46.607479095458984
2006-09-13,46.62875747680664
2006-09-14,46.52242660522461
2006-09-15,46.485225677490234
2006-09-18,46.41085433959961
2006-09-19,46.931705474853516
2006-09-20,47.000770568847656
2006-09-21,47.43128204345703
2006-09-22,47.66520690917969
2006-09-25,48.00001907348633
2006-09-26,47.798099517822266
2006-09-27,47.65986633300781
2006-09-28,47.58012390136719
2006-09-29,47.52167510986328
2006-10-02,47.65190124511719
2006-10-03,47.5879020690918
2006-10-04,47.93468475341797
2006-10-05,47.598533630371094
2006-10-06,47.10226058959961
2006-10-09,47.23033905029297
2006-10-10,46.85676574707031
2006-10-11,46.718048095703125
2006-10-12,46.74471664428711
2006-10-13,46.50995635986328
2006-10-16,46.718048095703125
2006-10-17,46.75539779663086
2006-10-18,46.8514289855957
2006-10-19,46.76607131958008
2006-10-20,46.718048095703125
2006-10-23,46.53129196166992
2006-10-24,46.53129196166992
2006-10-25,46.899478912353516
2006-10-26,47.20364761352539
2006-10-27,47.422393798828125
2006-10-30,47.55581283569336
2006-10-31,47.92403030395508
2006-11-01,48.189151763916016
2006-11-02,47.990962982177734
2006-11-03,47.42315673828125
2006-11-06,47.56242752075195
2006-11-07,47.78207778930664
2006-11-08,47.9534797668457
2006-11-09,47.926700592041016
2006-11-10,48.135581970214844
2006-11-13,48.12489318847656
2006-11-14,48.31238555908203
2006-11-15,48.13027572631836
2006-11-16,47.91062545776367
2006-11-17,48.18380355834961
2006-11-20,48.2587890625
2006-11-21,48.37666320800781
2006-11-22,48.45698928833008
2006-11-24,48.542724609375
2006-11-27,48.71952819824219
2006-11-28,48.82130813598633
2006-11-29,48.70880126953125
2006-11-30,49.03016662597656
2006-12-01,49.15494155883789
2006-12-04,49.2409553527832
2006-12-05,49.009796142578125
2006-12-06,48.912994384765625
2006-12-07,48.87539291381836
2006-12-08,48.520469665527344
2006-12-11,48.73013687133789
2006-12-12,48.83231735229492
2006-12-13,48.39680862426758
2006-12-14,48.21936798095703
2006-12-15,48.24626159667969
2006-12-18,48.262420654296875
2006-12-19,48.197837829589844
2006-12-20,48.192466735839844
2006-12-21,48.4344482421875
2006-12-22,48.06342697143555
2006-12-26,48.2086296081543
2006-12-27,47.854122161865234
2006-12-28,47.746246337890625
2006-12-29,47.70846939086914
2007-01-03,48.04838562011719
2007-01-04,48.3397102355957
2007-01-05,48.12931823730469
2007-01-08,48.21559524536133
2007-01-09,48.21559524536133
2007-01-10,47.999839782714844
2007-01-11,47.719276428222656
2007-01-12,47.49803924560547
2007-01-16,47.600563049316406
2007-01-17,47.45491409301758
2007-01-18,47.600563049316406
2007-01-19,47.47111511230469
2007-01-22,47.58439636230469
2007-01-23,47.27146530151367
2007-01-24,47.2661018371582
2007-01-25,46.926212310791016
2007-01-26,46.88841247558594
2007-01-29,46.78592300415039
2007-01-30,46.83992385864258
2007-01-31,47.23370361328125
2007-02-01,47.17684555053711
2007-02-02,47.23645782470703
2007-02-05,47.301414489746094
2007-02-06,47.561439514160156
2007-02-07,47.70229721069336
2007-02-08,47.74020767211914
2007-02-09,47.46935272216797
2007-02-12,47.36100769042969
2007-02-13,47.25810241699219
2007-02-14,47.70770263671875
2007-02-15,47.848548889160156
2007-02-16,48.016483306884766
2007-02-20,48.12482452392578
2007-02-21,48.04356384277344
2007-02-22,47.78355026245117
2007-02-23,48.12482452392578
2007-02-26,48.4444465637207
2007-02-27,49.05655288696289
2007-02-28,48.834442138671875
2007-03-01,48.80345153808594
2007-03-02,49.048133850097656
2007-03-05,49.12971115112305
2007-03-06,48.98287582397461
2007-03-07,49.173221588134766
2007-03-08,49.12971115112305
2007-03-09,48.61314010620117
2007-03-12,48.80345153808594
2007-03-13,49.09709167480469
2007-03-14,48.874149322509766
2007-03-15,48.86870574951172
2007-03-16,48.8577880859375
2007-03-19,48.75455093383789
2007-03-20,48.78173065185547
2007-03-21,48.80345153808594
2007-03-22,48.4173698425293
2007-03-23,48.28143310546875
2007-03-26,48.34127426147461
2007-03-27,48.25970458984375
2007-03-28,48.16179275512695
2007-03-29,48.0965576171875
2007-03-30,48.00407028198242
2007-04-02,48.083831787109375
2007-04-03,48.0238037109375
2007-04-04,48.0728645324707
2007-04-05,47.89275360107422
2007-04-09,47.57622528076172
2007-04-10,47.71811294555664
2007-04-11,47.685367584228516
2007-04-12,47.696250915527344
2007-04-13,47.54893112182617
2007-04-16,47.810882568359375
2007-04-17,48.07831954956055
2007-04-18,48.31844711303711
2007-04-19,48.23663330078125
2007-04-20,48.111080169677734
2007-04-23,48.28569793701172
2007-04-24,48.465850830078125
2007-04-25,48.296653747558594
2007-04-26,47.94733810424805
2007-04-27,47.9364128112793
2007-04-30,48.438575744628906
2007-05-01,48.47361373901367
2007-05-02,48.44621658325195
2007-05-03,48.336666107177734
2007-05-04,48.53386688232422
2007-05-07,48.66533660888672
2007-05-08,48.555789947509766
2007-05-09,48.36406326293945
2007-05-10,48.47908401489258
2007-05-11,48.30925369262695
2007-05-14,48.18330001831055
2007-05-15,48.16683578491211
2007-05-16,48.13394546508789
2007-05-17,47.93678665161133
2007-05-18,47.61909103393555
2007-05-21,47.76149368286133
2007-05-22,47.515010833740234
2007-05-23,47.378047943115234
2007-05-24,47.421878814697266
2007-05-25,47.31229019165039
2007-05-29,47.30681610107422
2007-05-30,47.40543746948242
2007-05-31,47.31779098510742
2007-06-01,47.069244384765625
2007-06-04,47.2837028503418
2007-06-05,46.98672866821289
2007-06-06,46.9647216796875
2007-06-07,46.1233024597168
2007-06-08,46.08482360839844
2007-06-11,45.952842712402344
2007-06-12,45.28740310668945
2007-06-13,45.82636642456055
2007-06-14,45.71085739135742
2007-06-15,46.02430725097656
2007-06-18,45.93085861206055
2007-06-19,46.35982131958008
2007-06-20,45.9858283996582
2007-06-21,45.76586151123047
2007-06-22,46.06283950805664
2007-06-25,46.31575012207031
2007-06-26,46.32680130004883
2007-06-27,46.370758056640625
2007-06-28,46.35982131958008
2007-06-29,46.8382568359375
2007-07-02,47.0844841003418
2007-07-03,46.79740905761719
2007-07-05,46.27295684814453
2007-07-06,46.08522033691406
2007-07-09,46.25087356567383
2007-07-10,47.03474426269531
2007-07-11,46.54891586303711
2007-07-12,46.38886260986328
2007-07-13,46.515865325927734
2007-07-16,46.96304702758789
2007-07-17,46.86365509033203
2007-07-18,47.040279388427734
2007-07-19,47.029258728027344
2007-07-20,47.45430374145508
2007-07-23,47.37704086303711
2007-07-24,47.55371856689453
2007-07-25,47.647560119628906
2007-07-26,48.04502487182617
2007-07-27,48.18302536010742
2007-07-30,48.04502487182617
2007-07-31,48.392791748046875
2007-08-01,48.288089752197266
2007-08-02,48.409996032714844
2007-08-03,48.73142623901367
2007-08-06,48.37677764892578
2007-08-07,48.337947845458984
2007-08-08,47.75045394897461
2007-08-09,47.81700134277344
2007-08-10,47.70613479614258
2007-08-13,47.84471130371094
2007-08-14,47.9721565246582
2007-08-15,47.80038070678711
2007-08-16,48.29360580444336
2007-08-17,48.09962463378906
2007-08-20,48.12734603881836
2007-08-21,48.36014938354492
2007-08-22,48.28257369995117
2007-08-23,48.44880294799805
2007-08-24,48.687095642089844
2007-08-27,48.942054748535156
2007-08-28,49.02517318725586
2007-08-29,48.89215850830078
2007-08-30,49.2191047668457
2007-08-31,49.257930755615234
2007-09-04,49.28131103515625
2007-09-05,49.6763916015625
2007-09-06,49.548423767089844
2007-09-07,50.249542236328125
2007-09-10,50.639060974121094
2007-09-11,50.60017395019531
2007-09-12,50.41096878051758
2007-09-13,49.960208892822266
2007-09-14,50.032562255859375
2007-09-17,50.271820068359375
2007-09-18,49.893455505371094
2007-09-19,49.431575775146484
2007-09-20,48.49665451049805
2007-09-21,48.908485412597656
2007-09-24,49.047603607177734
2007-09-25,48.87508773803711
2007-09-26,48.919559478759766
2007-09-27,49.25908660888672
2007-09-28,49.37031173706055
2007-10-01,49.652462005615234
2007-10-02,49.80886459350586
2007-10-03,49.66361999511719
2007-10-04,49.85358428955078
2007-10-05,49.317264556884766
2007-10-08,49.27815628051758
2007-10-09,49.21671676635742
2007-10-10,49.244667053222656
2007-10-11,49.194358825683594
2007-10-12,48.95418167114258
2007-10-15,48.96531677246094
2007-10-16,48.98207092285156
2007-10-17,49.518367767333984
2007-10-18,49.792091369628906
2007-10-19,50.53512191772461
2007-10-22,50.54068374633789
2007-10-23,50.473663330078125
2007-10-24,50.84797668457031
2007-10-25,50.6747932434082
2007-10-26,50.557430267333984
2007-10-29,50.75300216674805
2007-10-30,50.72505569458008
2007-10-31,50.266971588134766
2007-11-01,50.92008590698242
2007-11-02,51.08283615112305
2007-11-05,51.06036376953125
2007-11-06,50.81346130371094
2007-11-07,50.903236389160156
2007-11-08,50.81346130371094
2007-11-09,51.24554443359375
2007-11-12,51.43068313598633
2007-11-13,51.239933013916016
2007-11-14,51.29603576660156
2007-11-15,51.77857208251953
2007-11-16,51.85150909423828
2007-11-19,52.188201904296875
2007-11-20,52.13209915161133
2007-11-21,52.435062408447266
2007-11-23,52.592201232910156
2007-11-26,53.630210876464844
2007-11-27,53.119625091552734
2007-11-28,52.7604866027832
2007-11-29,53.215030670166016
2007-11-30,52.95685577392578
2007-12-03,53.377166748046875
2007-12-04,53.371517181396484
2007-12-05,52.73490524291992
2007-12-06,52.273014068603516
2007-12-07,51.68708801269531
2007-12-10,51.377262115478516
2007-12-11,52.385650634765625
2007-12-12,51.84486389160156
2007-12-13,51.28151321411133
2007-12-14,51.04489517211914
2007-12-17,51.50121307373047
2007-12-18,51.83362579345703
2007-12-19,52.5208854675293
2007-12-20,52.408260345458984
2007-12-21,51.642051696777344
2007-12-24,51.39979934692383
2007-12-26,50.94911575317383
2007-12-27,51.50455093383789
2007-12-28,52.307735443115234
2007-12-31,52.62446594238281
2008-01-02,53.38235092163086
2008-01-03,53.30887222290039
2008-01-04,53.320167541503906
2008-01-07,53.55207061767578
2008-01-08,53.48984146118164
2008-01-09,53.5916748046875
2008-01-10,52.86768341064453
2008-01-11,53.280574798583984
2008-01-14,53.47853088378906
2008-01-15,54.078102111816406
2008-01-16,53.68779754638672
2008-01-17,54.383514404296875
2008-01-18,54.01023864746094
2008-01-22,54.5871696472168
2008-01-23,54.46269989013672
2008-01-24,53.371097564697266
2008-01-25,54.270389556884766
2008-01-28,54.066768646240234
2008-01-29,53.69912338256836
2008-01-30,53.34843063354492
2008-01-31,53.72737503051758
2008-02-01,54.05037307739258
2008-02-04,53.494144439697266
2008-02-05,53.902748107910156
2008-02-06,53.73817825317383
2008-02-07,52.580322265625
2008-02-08,53.18196105957031
2008-02-11,53.40336227416992
2008-02-12,53.085453033447266
2008-02-13,52.52357864379883
2008-02-14,51.751670837402344
2008-02-15,52.148990631103516
2008-02-19,51.62111282348633
2008-02-20,51.978702545166016
2008-02-21,52.52922439575195
2008-02-22,52.22844696044922
2008-02-25,51.69490432739258
2008-02-26,51.711978912353516
2008-02-27,51.757328033447266
2008-02-28,52.67683410644531
2008-02-29,53.482810974121094
2008-03-03,53.344940185546875
2008-03-04,52.82652282714844
2008-03-05,52.194190979003906
2008-03-06,52.473323822021484
2008-03-07,52.54167938232422
2008-03-10,53.31645202636719
2008-03-11,52.860679626464844
2008-03-12,53.88041305541992
2008-03-13,53.458858489990234
2008-03-14,54.11965560913086
2008-03-17,54.53554153442383
2008-03-18,54.32476043701172
2008-03-19,55.224891662597656
2008-03-20,55.36159896850586
2008-03-24,54.29060363769531
2008-03-25,54.518463134765625
2008-03-26,54.29060363769531
2008-03-27,53.908912658691406
2008-03-28,54.43300247192383
2008-03-31,54.626686096191406
2008-04-01,53.737693786621094
2008-04-02,53.852054595947266
2008-04-03,53.97224044799805
2008-04-04,54.46421432495117
2008-04-07,54.17818832397461
2008-04-08,53.9893684387207
2008-04-09,54.550048828125
2008-04-10,54.3669319152832
2008-04-11,54.73310852050781
2008-04-14,54.41273498535156
2008-04-15,53.737693786621094
2008-04-16,53.21134567260742
2008-04-17,53.11977767944336
2008-04-18,53.07402420043945
2008-04-21,53.28570556640625
2008-04-22,53.4687385559082
2008-04-23,53.29140090942383
2008-04-24,52.83945846557617
2008-04-25,52.53054428100586
2008-04-28,52.690731048583984
2008-04-29,52.890892028808594
2008-04-30,53.26856231689453
2008-05-01,53.271976470947266
2008-05-02,52.60019302368164
2008-05-05,52.60019302368164
2008-05-06,52.22125244140625
2008-05-07,52.445167541503906
2008-05-08,52.9160041809082
2008-05-09,53.11119842529297
2008-05-12,53.03083801269531
2008-05-13,52.45088195800781
2008-05-14,52.47384262084961
2008-05-15,52.950462341308594
2008-05-16,52.7322998046875
2008-05-19,52.8011474609375
2008-05-20,53.07676315307617
2008-05-21,53.08823013305664
2008-05-22,52.4624137878418
2008-05-23,52.69206619262695
2008-05-27,52.336090087890625
2008-05-28,51.8709602355957
2008-05-29,51.49777603149414
2008-05-30,51.836517333984375
2008-06-02,52.036468505859375
2008-06-03,52.411075592041016
2008-06-04,51.94428253173828
2008-06-05,51.63315200805664
2008-06-06,52.30160140991211
2008-06-09,52.30160140991211
2008-06-10,51.96158218383789
2008-06-11,51.84056854248047
2008-06-12,51.32193374633789
2008-06-13,51.21244812011719
2008-06-16,51.223960876464844
2008-06-17,51.32767868041992
2008-06-18,51.75988006591797
2008-06-19,51.45445251464844
2008-06-20,51.75412368774414
2008-06-23,51.8636360168457
2008-06-24,52.209407806396484
2008-06-25,52.232398986816406
2008-06-26,52.58394241333008
2008-06-27,53.20054626464844
2008-06-30,53.21207046508789
2008-07-01,53.085968017578125
2008-07-02,53.363616943359375
2008-07-03,53.247901916503906
2008-07-07,53.490821838378906
2008-07-08,53.837852478027344
2008-07-09,54.07497787475586
2008-07-10,54.069175720214844
2008-07-11,53.29998779296875
2008-07-14,53.76847457885742
2008-07-15,53.75105667114258
2008-07-16,52.779476165771484
2008-07-17,52.507667541503906
2008-07-18,52.31100845336914
2008-07-21,52.51344680786133
2008-07-22,52.253177642822266
2008-07-23,52.149070739746094
2008-07-24,52.658042907714844
2008-07-25,52.13172149658203
2008-07-28,52.658042907714844
2008-07-29,52.44401931762695
2008-07-30,52.49607467651367
2008-07-31,53.0165901184082
2008-08-01,53.133827209472656
2008-08-04,53.011940002441406
2008-08-05,52.61719512939453
2008-08-06,52.4024543762207
2008-08-07,53.25576400756836
2008-08-08,53.400848388671875
2008-08-11,52.890079498291016
2008-08-12,53.38347244262695
2008-08-13,53.19767761230469
2008-08-14,53.5401496887207
2008-08-15,54.004493713378906
2008-08-18,54.21925354003906
2008-08-19,54.010337829589844
2008-08-20,54.16124725341797
2008-08-21,54.062530517578125
2008-08-22,54.027740478515625
2008-08-25,54.56755447387695
2008-08-26,54.61397171020508
2008-08-27,54.70684051513672
2008-08-28,54.71265411376953
2008-08-29,54.4688720703125
2008-09-02,54.97567367553711
2008-09-03,55.2087287902832
2008-09-04,55.65144729614258
2008-09-05,55.62237548828125
2008-09-08,55.85535430908203
2008-09-09,56.40872573852539
2008-09-10,56.05923080444336
2008-09-11,56.03010177612305
2008-09-12,55.307743072509766
2008-09-15,57.102027893066406
2008-09-16,57.09035110473633
2008-09-17,57.375850677490234
2008-09-18,56.53693389892578
2008-09-19,54.74268341064453
2008-09-22,54.736846923828125
2008-09-23,54.52711868286133
2008-09-24,54.76598358154297
2008-09-25,54.65528869628906
2008-09-26,55.051429748535156
2008-09-29,56.65346908569336
2008-09-30,55.27280044555664
2008-10-01,55.968116760253906
2008-10-02,56.418067932128906
2008-10-03,56.914798736572266
2008-10-06,57.94902420043945
2008-10-07,57.77378845214844
2008-10-08,56.944034576416016
2008-10-09,56.46487045288086
2008-10-10,56.067543029785156
2008-10-13,55.34874725341797
2008-10-14,54.99228286743164
2008-10-15,55.51823425292969
2008-10-16,55.23191452026367
2008-10-17,54.852088928222656
2008-10-20,55.29030227661133
2008-10-21,55.5825309753418
2008-10-22,56.710269927978516
2008-10-23,57.1309928894043
2008-10-24,56.523277282714844
2008-10-27,56.56416320800781
2008-10-28,55.74026870727539
2008-10-29,55.45977020263672
2008-10-30,54.957252502441406
2008-10-31,54.244361877441406
2008-11-03,54.3909912109375
2008-11-04,55.4118537902832
2008-11-05,56.06894302368164
2008-11-06,55.664119720458984
2008-11-07,55.300392150878906
2008-11-10,55.570213317871094
2008-11-11,55.734493255615234
2008-11-12,56.09241485595703
2008-11-13,54.748878479003906
2008-11-14,55.83425521850586
2008-11-17,56.0806770324707
2008-11-18,56.802268981933594
2008-11-19,58.257240295410156
2008-11-20,61.26691818237305
2008-11-21,60.3809928894043
2008-11-24,59.436458587646484
2008-11-25,61.18476104736328
2008-11-26,61.26691818237305
2008-11-28,62.02373123168945
2008-12-01,64.39893341064453
2008-12-02,64.64619445800781
2008-12-03,64.82864379882812
2008-12-04,66.10609436035156
2008-12-05,65.03468322753906
2008-12-08,64.8934326171875
2008-12-09,66.17669677734375
2008-12-10,66.01773834228516
2008-12-11,66.14725494384766
2008-12-12,66.14725494384766
2008-12-15,66.90074157714844
2008-12-16,68.55485534667969
2008-12-17,70.41503143310547
2008-12-18,71.89253997802734
2008-12-19,71.96903228759766
2008-12-22,71.41572570800781
2008-12-23,71.32154083251953
2008-12-24,71.1685562133789
2008-12-26,71.40393829345703
2008-12-29,71.31831359863281
2008-12-30,71.9975357055664
2008-12-31,70.49141693115234
2009-01-02,68.71956634521484
2009-01-05,66.94766998291016
2009-01-06,66.27432250976562
2009-01-07,66.5342788696289
2009-01-08,66.48104858398438
2009-01-09,66.58150482177734
2009-01-12,67.27255249023438
2009-01-13,67.34333801269531
2009-01-14,68.45377349853516
2009-01-15,68.56594848632812
2009-01-16,67.5087890625
2009-01-20,67.49691772460938
2009-01-21,65.36476135253906
2009-01-22,64.10675811767578
2009-01-23,63.604740142822266
2009-01-26,63.04952621459961
2009-01-27,64.53202056884766
2009-01-28,62.91960144042969
2009-01-29,61.47252655029297
2009-01-30,61.27763366699219
2009-02-02,62.417701721191406
2009-02-03,60.93117141723633
2009-02-04,60.71796417236328
2009-02-05,60.77127456665039
2009-02-06,60.58174514770508
2009-02-09,60.77718734741211
2009-02-10,62.09791564941406
2009-02-11,62.9033088684082
2009-02-12,62.31107711791992
2009-02-13,60.65281677246094
2009-02-17,62.54204559326172
2009-02-18,62.009063720703125
2009-02-19,60.9548454284668
2009-02-20,61.54709243774414
2009-02-23,62.115718841552734
2009-02-24,62.05048751831055
2009-02-25,61.33385467529297
2009-02-26,60.68834686279297
2009-02-27,60.33892059326172
2009-03-02,61.337825775146484
2009-03-03,60.92805862426758
2009-03-04,60.648887634277344
2009-03-05,62.33563232421875
2009-03-06,61.9199333190918
2009-03-09,61.5576057434082
2009-03-10,60.375736236572266
2009-03-11,61.029029846191406
2009-03-12,61.320045471191406
2009-03-13,61.01121520996094
2009-03-16,60.04907989501953
2009-03-17,59.72243118286133
2009-03-18,61.98518371582031
2009-03-19,62.06241226196289
2009-03-20,61.71794509887695
2009-03-23,61.18346405029297
2009-03-24,61.765472412109375
2009-03-25,60.93391799926758
2009-03-26,61.64073181152344
2009-03-27,62.098018646240234
2009-03-30,62.33563232421875
2009-03-31,62.781009674072266
2009-04-01,63.35398483276367
2009-04-02,62.5797233581543
2009-04-03,61.29914093017578
2009-04-06,61.03710174560547
2009-04-07,61.19194412231445
2009-04-08,61.73395919799805
2009-04-09,60.95970916748047
2009-04-13,61.51955032348633
2009-04-14,61.84114456176758
2009-04-15,61.73395919799805
2009-04-16,61.24559020996094
2009-04-17,60.57248306274414
2009-04-20,61.48975372314453
2009-04-21,60.88225173950195
2009-04-22,60.51299285888672
2009-04-23,60.50703811645508
2009-04-24,59.89950942993164
2009-04-27,60.155616760253906
2009-04-28,59.17290496826172
2009-04-29,58.648746490478516
2009-04-30,58.416465759277344
2009-05-01,58.0143928527832
2009-05-04,58.205589294433594
2009-05-05,58.13386154174805
2009-05-06,57.99649429321289
2009-05-07,56.58058547973633
2009-05-08,56.71806335449219
2009-05-11,57.52451705932617
2009-05-12,57.733619689941406
2009-05-13,58.36087417602539
2009-05-14,58.587955474853516
2009-05-15,58.570003509521484
2009-05-18,57.66194152832031
2009-05-19,57.357276916503906
2009-05-20,57.96062469482422
2009-05-21,56.502967834472656
2009-05-22,55.875694274902344
2009-05-26,55.03337097167969
2009-05-27,54.059547424316406
2009-05-28,54.8421745300293
2009-05-29,56.25801467895508
2009-06-01,54.594825744628906
2009-06-02,54.88853454589844
2009-06-03,55.403953552246094
2009-06-04,54.25920867919922
2009-06-05,53.84564208984375
2009-06-08,53.70780563354492
2009-06-09,53.701812744140625
2009-06-10,52.85670852661133
2009-06-11,53.44407653808594
2009-06-12,53.92356491088867
2009-06-15,54.40901184082031
2009-06-16,55.35600280761719
2009-06-17,55.044342041015625
2009-06-18,54.211238861083984
2009-06-19,54.9544563293457
2009-06-22,55.48786926269531
2009-06-23,56.141143798828125
2009-06-24,55.577754974365234
2009-06-25,56.596675872802734
2009-06-26,56.692562103271484
2009-06-29,56.77647018432617
2009-06-30,56.6805534362793
2009-07-01,56.5681266784668
2009-07-02,56.7004280090332
2009-07-06,56.59217071533203
2009-07-07,56.97098159790039
2009-07-08,58.023189544677734
2009-07-09,57.33171844482422
2009-07-10,57.86085510253906
2009-07-13,57.53618621826172
2009-07-14,56.58012771606445
2009-07-15,55.125057220458984
2009-07-16,55.72028350830078
2009-07-17,54.86051559448242
2009-07-20,55.14912414550781
2009-07-21,56.24947738647461
2009-07-22,55.744346618652344
2009-07-23,54.72221374511719
2009-07-24,54.98676300048828
2009-07-27,54.35544204711914
2009-07-28,54.83645248413086
2009-07-29,55.13712692260742
2009-07-30,55.91871643066406
2009-07-31,57.00705337524414
2009-08-03,56.14313507080078
2009-08-04,55.69667434692383
2009-08-05,54.86414337158203
2009-08-06,55.0511589050293
2009-08-07,54.592628479003906
2009-08-10,55.274391174316406
2009-08-11,55.913902282714844
2009-08-12,55.3166618347168
2009-08-13,56.10089874267578
2009-08-14,56.318077087402344
2009-08-17,57.15061950683594
2009-08-18,56.818843841552734
2009-08-19,57.28938674926758
2009-08-20,57.760005950927734
2009-08-21,56.571529388427734
2009-08-24,57.59706497192383
2009-08-25,57.92291259765625
2009-08-26,58.18830108642578
2009-08-27,57.959083557128906
2009-08-28,58.22455978393555
2009-08-31,58.27878952026367
2009-09-01,58.13778305053711
2009-09-02,58.98512268066406
2009-09-03,58.62199783325195
2009-09-04,57.62334060668945
2009-09-08,57.21784591674805
2009-09-09,57.15129089355469
2009-09-10,58.20435333251953
2009-09-11,58.52512741088867
2009-09-14,57.944156646728516
2009-09-15,57.64756393432617
2009-09-16,57.750465393066406
2009-09-17,58.47674560546875
2009-09-18,57.956233978271484
2009-09-21,58.08940505981445
2009-09-22,58.21044921875
2009-09-23,58.385955810546875
2009-09-24,58.55537796020508
2009-09-25,59.299842834472656
2009-09-28,59.820281982421875
2009-09-29,59.765865325927734
2009-09-30,59.71138381958008
2009-10-01,60.529197692871094
2009-10-02,60.11024475097656
2009-10-05,60.1163444519043
2009-10-06,59.5213737487793
2009-10-07,60.21952438354492
2009-10-08,59.58811569213867
2009-10-09,58.222137451171875
2009-10-12,58.31322479248047
2009-10-13,58.61674118041992
2009-10-14,57.74859619140625
2009-10-15,57.481475830078125
2009-10-16,57.94890594482422
2009-10-19,58.40423583984375
2009-10-20,58.719993591308594
2009-10-21,58.36783218383789
2009-10-22,58.0825080871582
2009-10-23,57.6453857421875
2009-10-26,56.898616790771484
2009-10-27,57.67572021484375
2009-10-28,57.94890594482422
2009-10-29,57.31755065917969
2009-10-30,58.14928436279297
2009-11-02,57.89225769042969
2009-11-03,57.31364059448242
2009-11-04,56.789852142333984
2009-11-05,56.789852142333984
2009-11-06,56.8446159362793
2009-11-09,56.91166305541992
2009-11-10,56.80813217163086
2009-11-11,57.0456657409668
2009-11-12,56.94213104248047
2009-11-13,57.2039794921875
2009-11-16,57.87397384643555
2009-11-17,58.18458557128906
2009-11-18,57.84351348876953
2009-11-19,57.94707107543945
2009-11-20,57.934913635253906
2009-11-23,57.861778259277344
2009-11-24,58.22719955444336
2009-11-25,58.49518585205078
2009-11-27,58.71451950073242
2009-11-30,58.85457229614258
2009-12-01,58.1989631652832
2009-12-02,58.24784469604492
2009-12-03,57.6429328918457
2009-12-04,57.03193664550781
2009-12-07,57.10530090332031
2009-12-08,57.19081115722656
2009-12-09,56.92802810668945
2009-12-10,56.274227142333984
2009-12-11,56.26817321777344
2009-12-14,56.3353385925293
2009-12-15,56.08481979370117
2009-12-16,56.01764678955078
2009-12-17,56.94025802612305
2009-12-18,56.69587707519531
2009-12-21,55.68772888183594
2009-12-22,55.37610626220703
2009-12-23,55.388309478759766
2009-12-24,54.81397247314453
2009-12-28,54.66117858886719
2009-12-29,55.0217399597168
2009-12-30,55.3835334777832
2009-12-31,55.119876861572266
2010-01-04,55.07079315185547
2010-01-05,55.426456451416016
2010-01-06,54.684505462646484
2010-01-07,54.77652359008789
2010-01-08,54.751949310302734
2010-01-11,54.45153045654297
2010-01-12,55.3835334777832
2010-01-13,54.73970413208008
2010-01-14,55.506168365478516
2010-01-15,55.849586486816406
2010-01-19,55.69009780883789
2010-01-20,56.254268646240234
2010-01-21,56.51181411743164
2010-01-22,56.41375732421875
2010-01-25,56.15616226196289
2010-01-26,56.17457580566406
2010-01-27,56.14390563964844
2010-01-28,56.113258361816406
2010-01-29,56.60382080078125
2010-02-01,56.089996337890625
2010-02-02,56.24998092651367
2010-02-03,55.597686767578125
2010-02-04,56.47760772705078
2010-02-05,56.60074234008789
2010-02-08,56.67453384399414
2010-02-09,56.108421325683594
2010-02-10,55.57308578491211
2010-02-11,55.27155303955078
2010-02-12,55.499271392822266
2010-02-16,55.60383224487305
2010-02-17,54.97004318237305
2010-02-18,54.748504638671875
2010-02-19,55.04386520385742
2010-02-22,54.81618118286133
2010-02-23,55.6715087890625
2010-02-24,55.80693054199219
2010-02-25,56.1207389831543
2010-02-26,56.409950256347656
2010-03-01,56.38524627685547
2010-03-02,56.31120300292969
2010-03-03,56.169212341308594
2010-03-04,56.46552276611328
2010-03-05,55.724735260009766
2010-03-08,55.43464660644531
2010-03-09,55.446990966796875
2010-03-10,55.30500030517578
2010-03-11,55.50867462158203
2010-03-12,55.85436248779297
2010-03-15,55.780303955078125
2010-03-16,56.22475814819336
2010-03-17,56.46552276611328
2010-03-18,56.28031539916992
2010-03-19,56.33586883544922
2010-03-22,56.39762496948242
2010-03-23,56.13214874267578
2010-03-24,55.10744857788086
2010-03-25,54.75559616088867
2010-03-26,54.909912109375
2010-03-29,54.700050354003906
2010-03-30,54.87288284301758
2010-03-31,55.24940872192383
2010-04-01,55.11435317993164
2010-04-05,54.197330474853516
2010-04-06,54.284080505371094
2010-04-07,54.9780387878418
2010-04-08,55.0027961730957
2010-04-09,55.13290023803711
2010-04-12,55.42411422729492
2010-04-13,55.603843688964844
2010-04-14,55.213470458984375
2010-04-15,55.275428771972656
2010-04-16,55.678218841552734
2010-04-19,55.541839599609375
2010-04-20,55.74012756347656
2010-04-21,56.198665618896484
2010-04-22,56.03135299682617
2010-04-23,55.83309555053711
2010-04-26,55.8950309753418
2010-04-27,56.68192672729492
2010-04-28,56.198665618896484
2010-04-29,56.434120178222656
2010-04-30,57.0847282409668
2010-05-03,57.01008987426758
2010-05-04,58.0359992980957
2010-05-05,58.37797546386719
2010-05-06,60.18110275268555
2010-05-07,59.42875671386719
2010-05-10,58.197689056396484
2010-05-11,58.04844284057617
2010-05-12,57.60698699951172
2010-05-13,57.986270904541016
2010-05-14,58.99350357055664
2010-05-17,58.77592086791992
2010-05-18,59.67750930786133
2010-05-19,59.87644577026367
2010-05-20,61.13863754272461
2010-05-21,61.20082473754883
2010-05-24,60.989410400390625
2010-05-25,61.28784942626953
2010-05-26,61.113792419433594
2010-05-27,59.72718811035156
2010-05-28,60.000770568847656
2010-06-01,60.42253875732422
2010-06-02,59.84856033325195
2010-06-03,59.411865234375
2010-06-04,61.00898361206055
2010-06-07,61.476871490478516
2010-06-08,61.17120361328125
2010-06-09,61.102561950683594
2010-06-10,60.01077651977539
2010-06-11,60.77192306518555
2010-06-14,60.4599609375
2010-06-15,60.21044921875
2010-06-16,60.553550720214844
2010-06-17,61.04643249511719
2010-06-18,60.94658660888672
2010-06-21,60.77192306518555
2010-06-22,61.49560546875
2010-06-23,61.91358184814453
2010-06-24,61.54551696777344
2010-06-25,61.79509353637695
2010-06-28,62.37528991699219
2010-06-29,63.05527114868164
2010-06-30,63.47952651977539
2010-07-01,63.57965087890625
2010-07-02,63.072818756103516
2010-07-06,63.59217071533203
2010-07-07,62.847503662109375
2010-07-08,62.44701385498047
2010-07-09,62.09028625488281
2010-07-12,62.06525802612305
2010-07-13,61.53336715698242
2010-07-14,62.15290069580078
2010-07-15,62.772422790527344
2010-07-16,63.07903289794922
2010-07-19,62.6910285949707
2010-07-20,62.78489303588867
2010-07-21,63.848777770996094
2010-07-22,63.11033248901367
2010-07-23,62.440738677978516
2010-07-26,62.3343391418457
2010-07-27,61.733543395996094
2010-07-28,61.93384552001953
2010-07-29,61.91510009765625
2010-07-30,62.87879180908203
2010-08-02,61.99607849121094
2010-08-03,62.35395812988281
2010-08-04,61.87678146362305
2010-08-05,62.16560363769531
2010-08-06,62.843624114990234
2010-08-09,62.61132049560547
2010-08-10,62.74319839477539
2010-08-11,63.58443832397461
2010-08-12,63.427467346191406
2010-08-13,64.21855163574219
2010-08-16,65.82573699951172
2010-08-17,65.44904327392578
2010-08-18,65.62484741210938
2010-08-19,66.648193359375
2010-08-20,66.57284545898438
2010-08-23,66.58537292480469
2010-08-24,67.65264892578125
2010-08-25,67.43293762207031
2010-08-26,68.0669937133789
2010-08-27,66.13963317871094
2010-08-30,67.40780639648438
2010-08-31,68.15484619140625
2010-09-01,66.74566650390625
2010-09-02,66.04039764404297
2010-09-03,65.22183990478516
2010-09-07,66.55683135986328
2010-09-08,66.02784729003906
2010-09-09,64.72439575195312
2010-09-10,64.42848205566406
2010-09-13,64.74330139160156
2010-09-14,65.36672973632812
2010-09-15,64.39698028564453
2010-09-16,63.7609977722168
2010-09-17,64.01923370361328
2010-09-20,64.39069366455078
2010-09-21,65.28488159179688
2010-09-22,65.87042999267578
2010-09-23,66.05935668945312
2010-09-24,65.17150115966797
2010-09-27,66.30489349365234
2010-09-28,66.75829315185547
2010-09-29,66.48118591308594
2010-09-30,66.43708801269531
2010-10-01,66.11607360839844
2010-10-04,66.2867202758789
2010-10-05,65.8885498046875
2010-10-06,66.71653747558594
2010-10-07,66.16032409667969
2010-10-08,65.8696060180664
2010-10-11,65.8822250366211
2010-10-12,65.23119354248047
2010-10-13,65.13008880615234
2010-10-14,64.15678405761719
2010-10-15,63.37309265136719
2010-10-18,63.885032653808594
2010-10-19,64.27054595947266
2010-10-20,64.40962982177734
2010-10-21,63.64485549926758
2010-10-22,64.07459259033203
2010-10-25,64.2579116821289
2010-10-26,63.26564025878906
2010-10-27,62.70943832397461
2010-10-28,62.88007354736328
2010-10-29,63.467891693115234
2010-11-01,63.19457244873047
2010-11-02,64.02519226074219
2010-11-03,62.71908187866211
2010-11-04,63.207275390625
2010-11-05,62.12306213378906
2010-11-08,62.402069091796875
2010-11-09,61.026206970214844
2010-11-10,61.10859298706055
2010-11-11,61.07688522338867
2010-11-12,60.7472038269043
2010-11-15,59.47915267944336
2010-11-16,60.95642852783203
2010-11-17,60.620445251464844
2010-11-18,60.86775588989258
2010-11-19,61.24177551269531
2010-11-22,61.501712799072266
2010-11-23,61.806068420410156
2010-11-24,60.70284652709961
2010-11-26,61.5461311340332
2010-11-29,62.07240676879883
2010-11-30,62.39569091796875
2010-12-01,61.008750915527344
2010-12-02,60.84967041015625
2010-12-03,60.372459411621094
2010-12-06,61.22502136230469
2010-12-07,59.914390563964844
2010-12-08,59.335411071777344
2010-12-09,59.62809753417969
2010-12-10,59.265403747558594
2010-12-13,59.48809814453125
2010-12-14,58.622867584228516
2010-12-15,57.859371185302734
2010-12-16,58.26017761230469
2010-12-17,59.32270431518555
2010-12-20,59.25910186767578
2010-12-21,59.67262268066406
2010-12-22,59.246341705322266
2010-12-23,59.12546157836914
2010-12-27,59.653568267822266
2010-12-28,58.485260009765625
2010-12-29,59.47475814819336
2010-12-30,59.43014907836914
2010-12-31,60.087650299072266
2011-01-03,59.63439178466797
2011-01-04,59.70460891723633
2011-01-05,58.38948440551758
2011-01-06,58.64482879638672
2011-01-07,58.957664489746094
2011-01-10,59.276859283447266
2011-01-11,58.94490432739258
2011-01-12,58.485260009765625
2011-01-13,59.00875473022461
2011-01-14,58.632076263427734
2011-01-18,58.3575439453125
2011-01-19,58.77890396118164
2011-01-20,57.96816635131836
2011-01-21,58.42778015136719
2011-01-24,58.45332336425781
2011-01-25,59.00875473022461
2011-01-26,58.1149787902832
2011-01-27,58.37667465209961
2011-01-28,58.683135986328125
2011-01-31,58.236270904541016
2011-02-01,57.947959899902344
2011-02-02,57.96075439453125
2011-02-03,57.480262756347656
2011-02-04,56.89726257324219
2011-02-07,57.191993713378906
2011-02-08,56.66661834716797
2011-02-09,57.15996551513672
2011-02-10,56.500057220458984
2011-02-11,57.3137092590332
2011-02-14,57.35216522216797
2011-02-15,57.608455657958984
2011-02-16,57.422603607177734
2011-02-17,57.51231384277344
2011-02-18,57.332908630371094
2011-02-22,58.19137954711914
2011-02-23,58.40281677246094
2011-02-24,58.77445983886719
2011-02-25,59.120391845703125
2011-02-28,59.197261810302734
2011-03-01,59.36885070800781
2011-03-02,58.4561653137207
2011-03-03,57.8841552734375
2011-03-04,58.36619567871094
2011-03-07,57.993412017822266
2011-03-08,57.63993835449219
2011-03-09,58.19908142089844
2011-03-10,59.17601776123047
2011-03-11,58.84184646606445
2011-03-14,58.816139221191406
2011-03-15,59.69666290283203
2011-03-16,60.37150573730469
2011-03-17,59.90874481201172
2011-03-18,60.069454193115234
2011-03-21,59.71593475341797
2011-03-22,59.91523361206055
2011-03-23,59.83804702758789
2011-03-24,59.388153076171875
2011-03-25,59.24030303955078
2011-03-28,59.32389831542969
2011-03-29,58.86753463745117
2011-03-30,59.33674621582031
2011-03-31,59.21465301513672
2011-04-01,59.50249481201172
2011-04-04,59.56696319580078
2011-04-05,59.32822799682617
2011-04-06,58.43750762939453
2011-04-07,58.32133102416992
2011-04-08,58.011531829833984
2011-04-11,58.06318283081055
2011-04-12,58.68928527832031
2011-04-13,59.05710220336914
2011-04-14,59.01195526123047
2011-04-15,59.812286376953125
2011-04-18,59.94782638549805
2011-04-19,60.20602798461914
2011-04-20,59.81871032714844
2011-04-21,59.7671012878418
2011-04-25,59.99300003051758
2011-04-26,60.5738525390625
2011-04-27,59.95431137084961
2011-04-28,60.412498474121094
2011-04-29,60.599700927734375
2011-05-02,60.696998596191406
2011-05-03,61.040470123291016
2011-05-04,61.312721252441406
2011-05-05,61.896114349365234
2011-05-06,61.62385177612305
2011-05-09,61.559017181396484
2011-05-10,61.1182861328125
2011-05-11,61.46833038330078
2011-05-12,61.07938003540039
2011-05-13,61.63032913208008
2011-05-16,61.973899841308594
2011-05-17,62.609100341796875
2011-05-18,61.77948760986328
2011-05-19,61.753482818603516
2011-05-20,61.78589630126953
2011-05-23,62.08406448364258
2011-05-24,62.31745529174805
2011-05-25,62.02569580078125
2011-05-26,62.55726623535156
2011-05-27,62.531333923339844
2011-05-31,62.67396545410156
2011-06-01,63.52094268798828
2011-06-02,62.31089782714844
2011-06-03,62.668739318847656
2011-06-06,62.19382095336914
2011-06-07,62.48006057739258
2011-06-08,62.967952728271484
2011-06-09,62.71426773071289
2011-06-10,63.195716857910156
2011-06-13,62.876895904541016
2011-06-14,61.927101135253906
2011-06-15,63.05254364013672
2011-06-16,63.33882522583008
2011-06-17,63.03955841064453
2011-06-20,63.11760711669922
2011-06-21,62.83782958984375
2011-06-22,62.876895904541016
2011-06-23,63.358306884765625
2011-06-24,63.09157943725586
2011-06-27,62.226375579833984
2011-06-28,61.72535705566406
2011-06-29,61.315547943115234
2011-06-30,61.21796417236328
2011-07-01,61.12004470825195
2011-07-05,61.25715637207031
2011-07-06,61.57049560546875
2011-07-07,61.3876953125
2011-07-08,62.255889892578125
2011-07-11,63.18934631347656
2011-07-12,63.40475082397461
2011-07-13,63.58108139038086
2011-07-14,62.673648834228516
2011-07-15,62.77812957763672
2011-07-18,62.171043395996094
2011-07-19,63.46356201171875
2011-07-20,62.7129020690918
2011-07-21,62.22977066040039
2011-07-22,62.69977951049805
2011-07-25,62.014339447021484
2011-07-26,62.43862533569336
2011-07-27,62.44521713256836
2011-07-28,62.68023681640625
2011-07-29,63.92043685913086
2011-08-01,64.56561279296875
2011-08-02,66.5042953491211
2011-08-03,66.63526153564453
2011-08-04,69.00625610351562
2011-08-05,67.01520538330078
2011-08-08,69.13069915771484
2011-08-09,69.34027099609375
2011-08-10,71.40335083007812
2011-08-11,67.80110931396484
2011-08-12,69.14376831054688
2011-08-15,68.44295501708984
2011-08-16,69.57608795166016
2011-08-17,70.79427337646484
2011-08-18,72.24829864501953
2011-08-19,72.83116912841797
2011-08-22,72.64783477783203
2011-08-23,71.6457290649414
2011-08-24,69.60880279541016
2011-08-25,70.36200714111328
2011-08-26,71.05619812011719
2011-08-29,70.07381439208984
2011-08-30,71.20034790039062
2011-08-31,70.10002136230469
2011-09-01,71.58600616455078
2011-09-02,73.91150665283203
2011-09-06,74.68016052246094
2011-09-07,73.25457763671875
2011-09-08,73.91150665283203
2011-09-09,74.69987487792969
2011-09-12,74.77870178222656
2011-09-13,73.71448516845703
2011-09-14,74.33859252929688
2011-09-15,73.2020034790039
2011-09-16,73.73416137695312
2011-09-19,75.14002227783203
2011-09-20,75.4553451538086
2011-09-21,77.95164489746094
2011-09-22,80.88159942626953
2011-09-23,79.37722778320312
2011-09-26,78.10275268554688
2011-09-27,76.90715026855469
2011-09-28,76.88089752197266
2011-09-29,77.41295623779297
2011-09-30,79.35749816894531
2011-10-03,81.5414047241211
2011-10-04,80.50738525390625
2011-10-05,79.92786407470703
2011-10-06,78.45256805419922
2011-10-07,77.873046875
2011-10-10,76.77313995361328
2011-10-11,76.51631927490234
2011-10-12,75.40322875976562
2011-10-13,76.15404510498047
2011-10-14,75.047607421875
2011-10-17,76.34508514404297
2011-10-18,75.87085723876953
2011-10-19,75.84453582763672
2011-10-20,75.30447387695312
2011-10-21,74.50755310058594
2011-10-24,74.63265991210938
2011-10-25,76.52943420410156
2011-10-26,75.19248962402344
2011-10-27,72.64375305175781
2011-10-28,73.40767669677734
2011-10-31,76.3187026977539
2011-11-01,78.87340545654297
2011-11-02,77.88957214355469
2011-11-03,76.81989288330078
2011-11-04,76.91230010986328
2011-11-07,77.40096282958984
2011-11-08,76.4104995727539
2011-11-09,77.99527740478516
2011-11-10,76.83311462402344
2011-11-11,76.36430358886719
2011-11-14,77.59245300292969
2011-11-15,77.48680877685547
2011-11-16,78.19329833984375
2011-11-17,78.82059478759766
2011-11-18,78.80081939697266
2011-11-21,79.2696304321289
2011-11-22,80.1544189453125
2011-11-23,80.94019317626953
2011-11-25,79.76485443115234
2011-11-28,79.72522735595703
2011-11-29,79.071533203125
2011-11-30,77.8367691040039
2011-12-01,77.44621276855469
2011-12-02,78.53174591064453
2011-12-05,78.3729476928711
2011-12-06,77.62492370605469
2011-12-07,77.90294647216797
2011-12-08,78.87602233886719
2011-12-09,77.25424194335938
2011-12-12,78.11478424072266
2011-12-13,78.84292602539062
2011-12-14,80.33222961425781
2011-12-15,80.03437805175781
2011-12-16,80.96765899658203
2011-12-19,81.99369812011719
2011-12-20,79.94833374023438
2011-12-21,78.8362808227539
2011-12-22,79.16720581054688
2011-12-23,78.28685760498047
2011-12-27,78.65875244140625
2011-12-28,80.11306762695312
2011-12-29,80.25914764404297
2011-12-30,80.51811981201172
2012-01-03,79.30957794189453
2012-01-04,78.36656951904297
2012-01-05,78.22712707519531
2012-01-06,78.84468078613281
2012-01-09,78.70528411865234
2012-01-10,78.57242584228516
2012-01-11,79.59507751464844
2012-01-12,79.48219299316406
2012-01-13,80.27245330810547
2012-01-17,80.6443099975586
2012-01-18,79.66812896728516
2012-01-19,78.57242584228516
2012-01-20,77.6825942993164
2012-01-23,77.191162109375
2012-01-24,77.33061218261719
2012-01-25,77.14466857910156
2012-01-26,78.1673583984375
2012-01-27,78.41307067871094
2012-01-30,79.33607482910156
2012-01-31,80.25255584716797
2012-02-01,79.333251953125
2012-02-02,79.2999267578125
2012-02-03,77.59590148925781
2012-02-06,78.36803436279297
2012-02-07,77.39616394042969
2012-02-08,77.4560775756836
2012-02-09,76.87698364257812
2012-02-10,77.87548828125
2012-02-13,77.97527313232422
2012-02-14,78.38796997070312
2012-02-15,78.24821472167969
2012-02-16,77.62252044677734
2012-02-17,77.60254669189453
2012-02-21,76.74388122558594
2012-02-22,77.70906066894531
2012-02-23,77.70906066894531
2012-02-24,78.21488952636719
2012-02-27,78.90721130371094
2012-02-28,78.64759063720703
2012-02-29,78.1683349609375
2012-03-01,77.43241882324219
2012-03-02,78.15966033935547
2012-03-05,77.5392074584961
2012-03-06,78.47989654541016
2012-03-07,77.99951934814453
2012-03-08,77.21893310546875
2012-03-09,77.37236785888672
2012-03-12,77.35906219482422
2012-03-13,75.99800872802734
2012-03-14,74.08319854736328
2012-03-15,74.19666290283203
2012-03-16,74.34342956542969
2012-03-19,73.4560317993164
2012-03-20,73.74964141845703
2012-03-21,74.58354187011719
2012-03-22,74.82379150390625
2012-03-23,75.53101348876953
2012-03-26,75.14401245117188
2012-03-27,75.6844253540039
2012-03-28,75.57768249511719
2012-03-29,76.14478302001953
2012-03-30,74.85710144042969
2012-04-02,75.27191162109375
2012-04-03,73.9675064086914
2012-04-04,74.98420715332031
2012-04-05,75.52603149414062
2012-04-09,77.29199981689453
2012-04-10,78.16820526123047
2012-04-11,77.23177337646484
2012-04-12,76.9106674194336
2012-04-13,78.15483093261719
2012-04-16,78.04113006591797
2012-04-17,77.99430847167969
2012-04-18,78.22174835205078
2012-04-19,78.29533386230469
2012-04-20,78.3086929321289
2012-04-23,78.87728118896484
2012-04-24,78.32207489013672
2012-04-25,77.92070770263672
2012-04-26,78.38899230957031
2012-04-27,78.45584106445312
2012-04-30,78.47591400146484
2012-05-01,78.06892395019531
2012-05-02,78.61873626708984
2012-05-03,78.5986099243164
2012-05-04,79.21549224853516
2012-05-07,79.2289047241211
2012-05-08,79.65132141113281
2012-05-09,79.70498657226562
2012-05-10,79.47025299072266
2012-05-11,80.12744140625
2012-05-14,81.24718475341797
2012-05-15,81.57574462890625
2012-05-16,81.81043243408203
2012-05-17,83.25872039794922
2012-05-18,83.27890014648438
2012-05-21,83.10450744628906
2012-05-22,82.17919158935547
2012-05-23,82.74915313720703
2012-05-24,82.43402862548828
2012-05-25,82.74242401123047
2012-05-29,82.48764038085938
2012-05-30,84.5797119140625
2012-05-31,85.55860137939453
2012-06-01,87.5898208618164
2012-06-04,86.89772033691406
2012-06-05,85.7353515625
2012-06-06,84.02204132080078
2012-06-07,84.14967346191406
2012-06-08,84.12950134277344
2012-06-11,84.51252746582031
2012-06-12,83.73981475830078
2012-06-13,84.56620788574219
2012-06-14,84.45870971679688
2012-06-15,84.92910766601562
2012-06-18,85.38594818115234
2012-06-19,84.27056121826172
2012-06-20,84.68719482421875
2012-06-21,85.13737487792969
2012-06-22,84.00182342529297
2012-06-25,85.22470092773438
2012-06-26,84.88877868652344
2012-06-27,85.02314758300781
2012-06-28,85.23141479492188
2012-06-29,84.12276458740234
2012-07-02,84.99073791503906
2012-07-03,84.33760833740234
2012-07-05,84.76856994628906
2012-07-06,85.5564193725586
2012-07-09,86.31047058105469
2012-07-10,86.48556518554688
2012-07-11,86.59330749511719
2012-07-12,87.20609283447266
2012-07-13,86.97714233398438
2012-07-16,87.3810806274414
2012-07-17,86.69435119628906
2012-07-18,86.74141693115234
2012-07-19,86.51924896240234
2012-07-20,87.576416015625
2012-07-23,88.06794738769531
2012-07-24,88.76151275634766
2012-07-25,88.99047088623047
2012-07-26,88.17567443847656
2012-07-27,86.51250457763672
2012-07-30,87.1589584350586
2012-07-31,87.333984375
2012-08-01,86.89739990234375
2012-08-02,87.39002227783203
2012-08-03,85.97976684570312
2012-08-06,86.01350402832031
2012-08-07,84.9068374633789
2012-08-08,84.45474243164062
2012-08-09,84.39405059814453
2012-08-10,84.81909942626953
2012-08-13,84.6773910522461
2012-08-14,83.53032684326172
2012-08-15,82.356201171875
2012-08-16,81.65442657470703
2012-08-17,82.05257415771484
2012-08-20,82.22122192382812
2012-08-21,82.58565521240234
2012-08-22,83.94866180419922
2012-08-23,84.29951477050781
2012-08-24,84.21855926513672
2012-08-27,84.711181640625
2012-08-28,84.91355895996094
2012-08-29,84.54248046875
2012-08-30,84.98110961914062
2012-08-31,86.18215942382812
2012-09-04,86.09562683105469
2012-09-05,85.6898422241211
2012-09-06,84.2630844116211
2012-09-07,83.8708724975586
2012-09-10,84.07373046875
2012-09-11,83.5462875366211
2012-09-12,82.50492858886719
2012-09-13,82.1803207397461
2012-09-14,79.99617004394531
2012-09-17,80.95638275146484
2012-09-18,81.36214447021484
2012-09-19,81.89631652832031
2012-09-20,82.09918212890625
2012-09-21,82.19385528564453
2012-09-24,82.83621978759766
2012-09-25,83.65448760986328
2012-09-26,84.55384826660156
2012-09-27,83.95198059082031
2012-09-28,83.99935150146484
2012-10-01,84.31105041503906
2012-10-02,84.19589233398438
2012-10-03,84.22299194335938
2012-10-04,83.17265319824219
2012-10-05,82.09520721435547
2012-10-08,82.786376953125
2012-10-09,82.63731384277344
2012-10-10,83.22006225585938
2012-10-11,83.79607391357422
2012-10-12,84.006103515625
2012-10-15,83.81636810302734
2012-10-16,82.65757751464844
2012-10-17,81.89189147949219
2012-10-18,81.3904800415039
2012-10-19,82.49500274658203
2012-10-22,81.96641540527344
2012-10-23,83.13875579833984
2012-10-24,82.3188247680664
2012-10-25,81.89872741699219
2012-10-26,83.1048583984375
2012-10-31,83.59278869628906
2012-11-01,82.90836334228516
2012-11-02,82.84740447998047
2012-11-05,83.3149642944336
2012-11-06,82.52890014648438
2012-11-07,84.02649688720703
2012-11-08,85.27326965332031
2012-11-09,85.36821746826172
2012-11-12,85.51046752929688
2012-11-13,85.79509735107422
2012-11-14,85.87638854980469
2012-11-15,85.70700073242188
2012-11-16,85.63245391845703
2012-11-19,85.15132141113281
2012-11-20,84.29751586914062
2012-11-21,84.25006103515625
2012-11-23,84.16876983642578
2012-11-26,84.56855010986328
2012-11-27,84.90059661865234
2012-11-28,84.77861022949219
2012-11-29,84.79217529296875
2012-11-30,84.56177520751953
2012-12-03,84.63983154296875
2012-12-04,85.12872314453125
2012-12-05,85.08798217773438
2012-12-06,85.27130889892578
2012-12-07,84.48370361328125
2012-12-10,84.85718536376953
2012-12-11,84.21212768554688
2012-12-12,83.23436737060547
2012-12-13,83.29548645019531
2012-12-14,83.9201889038086
2012-12-17,82.66412353515625
2012-12-18,81.82212829589844
2012-12-19,82.0937728881836
2012-12-20,82.1072998046875
2012-12-21,83.0035171508789
2012-12-24,82.85417938232422
2012-12-26,83.15220642089844
2012-12-27,83.43121337890625
2012-12-28,83.90753173828125
2012-12-31,82.45816040039062
2013-01-02,81.3558349609375
2013-01-03,80.2534408569336
2013-01-04,80.56653594970703
2013-01-07,80.60050964355469
2013-01-08,81.13127136230469
2013-01-09,81.05643463134766
2013-01-10,80.8318099975586
2013-01-11,81.55315399169922
2013-01-14,81.32864379882812
2013-01-15,81.702880859375
2013-01-16,81.87300109863281
2013-01-17,81.05643463134766
2013-01-18,81.68245697021484
2013-01-22,81.83895111083984
2013-01-23,81.7164535522461
2013-01-24,81.43071746826172
2013-01-25,80.31471252441406
2013-01-28,80.02214050292969
2013-01-29,79.57981872558594
2013-01-30,79.44371795654297
2013-01-31,79.83159637451172
2013-02-01,78.79498291015625
2013-02-04,79.8043212890625
2013-02-05,79.09505462646484
2013-02-06,79.74297332763672
2013-02-07,79.56565856933594
2013-02-08,79.87248992919922
2013-02-11,79.81112670898438
2013-02-12,79.61332702636719
2013-02-13,78.9654769897461
2013-02-14,79.68157958984375
2013-02-15,79.44967651367188
2013-02-19,79.05410766601562
2013-02-20,79.29283142089844
2013-02-21,79.75655364990234
2013-02-22,79.81112670898438
2013-02-25,81.379638671875
2013-02-26,80.90910339355469
2013-02-27,80.67041015625
2013-02-28,80.8204345703125
2013-03-01,81.26058197021484
2013-03-04,80.83003997802734
2013-03-05,80.59762573242188
2013-03-06,79.86638641357422
2013-03-07,79.25127410888672
2013-03-08,78.42427825927734
2013-03-11,78.49952697753906
2013-03-12,79.06672668457031
2013-03-13,78.98473358154297
2013-03-14,78.74549865722656
2013-03-15,79.11457824707031
2013-03-18,79.71601867675781
2013-03-19,80.25591278076172
2013-03-20,79.36061096191406
2013-03-21,80.1260757446289
2013-03-22,80.18760681152344
2013-03-25,80.11241912841797
2013-03-26,80.20811462402344
2013-03-27,80.89153289794922
2013-03-28,80.4814682006836
2013-04-01,81.08757019042969
2013-04-02,80.75883483886719
2013-04-03,81.4848861694336
2013-04-04,82.45748138427734
2013-04-05,84.121826171875
2013-04-08,83.47798919677734
2013-04-09,83.27254486083984
2013-04-10,82.12872314453125
2013-04-11,82.28623962402344
2013-04-12,83.51219940185547
2013-04-15,84.23825073242188
2013-04-16,83.54643249511719
2013-04-17,84.10123443603516
2013-04-18,84.30674743652344
2013-04-19,84.12870025634766
2013-04-22,84.19029998779297
2013-04-23,83.89580535888672
2013-04-24,84.10810852050781
2013-04-25,83.7451400756836
2013-04-26,84.51219177246094
2013-04-29,84.20404815673828
2013-04-30,84.25190734863281
2013-05-01,85.11751556396484
2013-05-02,85.00759887695312
2013-05-03,83.00340270996094
2013-05-06,82.79752349853516
2013-05-07,82.47491455078125
2013-05-08,82.60537719726562
2013-05-09,82.39257049560547
2013-05-10,81.50713348388672
2013-05-13,80.88256072998047
2013-05-14,80.00391387939453
2013-05-15,80.53931427001953
2013-05-16,81.37671661376953
2013-05-17,80.34710693359375
2013-05-20,80.25104522705078
2013-05-21,80.88256072998047
2013-05-22,79.681396484375
2013-05-23,80.05884552001953
2013-05-24,80.16871643066406
2013-05-28,78.13705444335938
2013-05-29,79.0155258178711
2013-05-30,78.82341766357422
2013-05-31,78.55570220947266
2013-06-03,78.97200012207031
2013-06-04,78.24266052246094
2013-06-05,79.32286071777344
2013-06-06,79.27468872070312
2013-06-07,77.8573989868164
2013-06-10,77.48580169677734
2013-06-11,78.40777587890625
2013-06-12,77.28629302978516
2013-06-13,78.49722290039062
2013-06-14,78.31148529052734
2013-06-17,77.89864349365234
2013-06-18,77.93994140625
2013-06-19,77.1349105834961
2013-06-20,75.86894989013672
2013-06-21,74.58231353759766
2013-06-24,74.89197540283203
2013-06-25,74.22455596923828
2013-06-26,74.70619201660156
2013-06-27,75.46990203857422
2013-06-28,75.9859619140625
2013-07-01,76.1390151977539
2013-07-02,76.09073638916016
2013-07-03,75.86315155029297
2013-07-05,73.27714538574219
2013-07-08,73.98744201660156
2013-07-09,74.06328582763672
2013-07-10,73.48403930664062
2013-07-11,74.3460464477539
2013-07-12,74.28398132324219
2013-07-15,74.6771011352539
2013-07-16,74.93217468261719
2013-07-17,75.07015991210938
2013-07-18,74.13224029541016
2013-07-19,75.30455017089844
2013-07-22,75.41490936279297
2013-07-23,75.09773254394531
2013-07-24,74.14604187011719
2013-07-25,74.11843872070312
2013-07-26,74.5736083984375
2013-07-29,74.0288314819336
2013-07-30,74.0012435913086
2013-07-31,74.27021789550781
2013-08-01,72.83909606933594
2013-08-02,73.64105224609375
2013-08-05,73.07417297363281
2013-08-06,73.28852844238281
2013-08-07,73.83464050292969
2013-08-08,74.03515625
2013-08-09,74.15266418457031
2013-08-12,73.64801025390625
2013-08-13,72.58330535888672
2013-08-14,72.69393920898438
2013-08-15,71.71223449707031
2013-08-16,71.46336364746094
2013-08-19,70.84119415283203
2013-08-20,71.38735961914062
2013-08-21,70.60613250732422
2013-08-22,71.32514190673828
2013-08-23,72.09942626953125
2013-08-26,72.45887756347656
2013-08-27,73.37144470214844
2013-08-28,72.77688598632812
2013-08-29,73.35761260986328
2013-08-30,73.2746353149414
2013-09-03,72.24116516113281
2013-09-04,72.08175659179688
2013-09-05,71.07665252685547
2013-09-06,71.43019104003906
2013-09-09,71.46485137939453
2013-09-10,70.96571350097656
2013-09-11,71.59651184082031
2013-09-12,71.4994888305664
2013-09-13,71.77671813964844
2013-09-16,71.29851531982422
2013-09-17,71.88766479492188
2013-09-18,72.77490234375
2013-09-19,72.34513854980469
2013-09-20,72.72637176513672
2013-09-23,73.26014709472656
2013-09-24,74.05028533935547
2013-09-25,74.2027816772461
2013-09-26,73.6829605102539
2013-09-27,73.86316680908203
2013-09-30,73.75224304199219
2013-10-01,73.52845764160156
2013-10-02,73.63966369628906
2013-10-03,73.52156066894531
2013-10-04,73.46592712402344
2013-10-07,73.76477813720703
2013-10-08,73.78560638427734
2013-10-09,73.19489288330078
2013-10-10,73.31304168701172
2013-10-11,73.29219055175781
2013-10-14,72.7014389038086
2013-10-15,72.6528091430664
2013-10-16,73.56324005126953
2013-10-17,74.23042297363281
2013-10-18,74.39025115966797
2013-10-21,74.1539535522461
2013-10-22,74.98096466064453
2013-10-23,75.27286529541016
2013-10-24,74.98096466064453
2013-10-25,75.25897216796875
2013-10-28,75.0018539428711
2013-10-29,75.09911346435547
2013-10-30,74.64735412597656
2013-10-31,74.80722045898438
2013-11-01,73.99749755859375
2013-11-04,74.06714630126953
2013-11-05,73.18218231201172
2013-11-06,73.217041015625
2013-11-07,73.83723449707031
2013-11-08,72.06031036376953
2013-11-11,71.78850555419922
2013-11-12,72.12297821044922
2013-11-13,72.38783264160156
2013-11-14,72.83377838134766
2013-11-15,72.98013305664062
2013-11-18,73.41909790039062
2013-11-19,72.86161804199219
2013-11-20,71.62124633789062
2013-11-21,71.73970031738281
2013-11-22,72.40872192382812
2013-11-25,72.6177978515625
2013-11-26,72.8895263671875
2013-11-27,72.76410675048828
2013-11-29,72.78502655029297
2013-12-02,72.2188491821289
2013-12-03,72.48450469970703
2013-12-04,71.79253387451172
2013-12-05,71.58987426757812
2013-12-06,71.93228149414062
2013-12-09,72.10005187988281
2013-12-10,72.61726379394531
2013-12-11,72.0581283569336
2013-12-12,71.78550720214844
2013-12-13,72.1349868774414
2013-12-16,71.86941528320312
2013-12-17,72.19088745117188
2013-12-18,71.8274917602539
2013-12-19,71.757568359375
2013-12-20,72.86188507080078
2013-12-23,72.44953918457031
2013-12-24,71.86941528320312
2013-12-26,71.59243774414062
2013-12-27,71.3890609741211
2013-12-30,71.87994384765625
2013-12-31,71.42414855957031
2014-01-02,71.64151000976562
2014-01-03,71.64151000976562
2014-01-06,71.943115234375
2014-01-07,72.12533569335938
2014-01-08,71.9290542602539
2014-01-09,72.3497543334961
2014-01-10,73.21224975585938
2014-01-13,73.57685089111328
2014-01-14,73.24024963378906
2014-01-15,73.16311645507812
2014-01-16,73.65399932861328
2014-01-17,73.9625244140625
2014-01-21,74.01858520507812
2014-01-22,73.83625030517578
2014-01-23,74.88105010986328
2014-01-24,75.36492156982422
2014-01-27,74.83900451660156
2014-01-28,75.0213623046875
2014-01-29,75.63833618164062
2014-01-30,75.42096710205078
2014-01-31,75.92581939697266
2014-02-03,76.85099792480469
2014-02-04,76.03550720214844
2014-02-05,75.33250427246094
2014-02-06,75.00917053222656
2014-02-07,75.07241821289062
2014-02-10,75.28331756591797
2014-02-11,74.84746551513672
2014-02-12,74.46080017089844
2014-02-13,74.8825912475586
2014-02-14,74.92481994628906
2014-02-18,75.09351348876953
2014-02-19,74.77717590332031
2014-02-20,74.59441375732422
2014-02-21,74.98810577392578
2014-02-24,74.79825592041016
2014-02-25,75.46612548828125
2014-02-26,75.86682891845703
2014-02-27,76.28157043457031
2014-02-28,76.32372283935547
2014-03-03,76.83322143554688
2014-03-04,75.67758178710938
2014-03-05,75.83959197998047
2014-03-06,75.0926742553711
2014-03-07,74.6204833984375
2014-03-10,74.7261962890625
2014-03-11,74.92350006103516
2014-03-12,75.44500732421875
2014-03-13,76.45977020263672
2014-03-14,76.47383880615234
2014-03-17,75.90303802490234
2014-03-18,76.17786407470703
2014-03-19,75.5859375
2014-03-20,75.45204162597656
2014-03-21,76.26949310302734
2014-03-24,76.8121109008789
2014-03-25,76.5232162475586
2014-03-26,77.1221694946289
2014-03-27,77.50975799560547
2014-03-28,77.07286071777344
2014-03-31,76.88257598876953
2014-04-01,76.22553253173828
2014-04-02,75.78746032714844
2014-04-03,76.11955261230469
2014-04-04,76.62823486328125
2014-04-07,77.0875244140625
2014-04-08,77.27112579345703
2014-04-09,76.8896484375
2014-04-10,77.60320281982422
2014-04-11,78.2320327758789
2014-04-14,78.0271224975586
2014-04-15,78.51463317871094
2014-04-16,78.61348724365234
2014-04-17,77.7516098022461
2014-04-21,77.68797302246094
2014-04-22,77.9494400024414
2014-04-23,78.39456176757812
2014-04-24,78.54290008544922
2014-04-25,78.65592193603516
2014-04-28,78.27439880371094
2014-04-29,78.16844177246094
2014-04-30,78.49346160888672
2014-05-01,79.33551025390625
2014-05-02,79.82415008544922
2014-05-05,79.34259796142578
2014-05-06,79.66130828857422
2014-05-07,79.37800598144531
2014-05-08,79.03804016113281
2014-05-09,78.7830810546875
2014-05-12,78.46438598632812
2014-05-13,79.14429473876953
2014-05-14,80.00122833251953
2014-05-15,80.63871765136719
2014-05-16,80.4120101928711
2014-05-19,79.81712341308594
2014-05-20,79.99414825439453
2014-05-21,79.5054702758789
2014-05-22,79.3921890258789
2014-05-23,79.81712341308594
2014-05-27,80.28447723388672
2014-05-28,81.27603912353516
2014-05-29,80.84400177001953
2014-05-30,80.80857849121094
2014-06-02,80.20791625976562
2014-06-03,79.22090148925781
2014-06-04,79.19966125488281
2014-06-05,79.235107421875
2014-06-06,79.235107421875
2014-06-09,79.12155151367188
2014-06-10,78.83033752441406
2014-06-11,78.97244262695312
2014-06-12,79.67536163330078
2014-06-13,79.63277435302734
2014-06-16,79.83152770996094
2014-06-17,79.19966125488281
2014-06-18,79.81024169921875
2014-06-19,78.78784942626953
2014-06-20,79.3842544555664
2014-06-23,79.13575744628906
2014-06-24,79.9380874633789
2014-06-25,80.1440200805664
2014-06-26,80.52745056152344
2014-06-27,80.40669250488281
2014-06-30,80.60553741455078
2014-07-01,79.93063354492188
2014-07-02,79.076416015625
2014-07-03,78.79167938232422
2014-07-07,79.36829376220703
2014-07-08,80.25813293457031
2014-07-09,80.32221984863281
2014-07-10,80.34355163574219
2014-07-11,80.85614776611328
2014-07-14,80.50730895996094
2014-07-15,80.34355163574219
2014-07-16,80.77069854736328
2014-07-17,81.78868103027344
2014-07-18,81.52530670166016
2014-07-21,81.93110656738281
2014-07-22,82.10192108154297
2014-07-23,81.9951400756836
2014-07-24,81.38291931152344
2014-07-25,82.34394836425781
2014-07-28,82.23007202148438
2014-07-29,82.52906799316406
2014-07-30,81.38291931152344
2014-07-31,81.14088439941406
2014-08-01,81.76901245117188
2014-08-04,81.55484008789062
2014-08-05,81.8189468383789
2014-08-06,81.86888122558594
2014-08-07,82.63267517089844
2014-08-08,82.45418548583984
2014-08-11,82.44705200195312
2014-08-12,81.9117431640625
2014-08-13,82.44705200195312
2014-08-14,83.11084747314453
2014-08-15,84.01737976074219
2014-08-18,83.18224334716797
2014-08-19,82.92533111572266
2014-08-20,82.7896957397461
2014-08-21,83.25360870361328
2014-08-22,83.7175521850586
2014-08-25,84.03162384033203
2014-08-26,83.7603759765625
2014-08-27,84.47413635253906
2014-08-28,84.91670227050781
2014-08-29,84.97379302978516
2014-09-02,83.50797271728516
2014-09-03,83.97298431396484
2014-09-04,82.94993591308594
2014-09-05,82.79258728027344
2014-09-08,82.82830810546875
2014-09-09,82.76394653320312
2014-09-10,82.24171447753906
2014-09-11,81.96987915039062
2014-09-12,81.11136627197266
2014-09-15,81.2330093383789
2014-09-16,80.9039077758789
2014-09-17,80.69652557373047
2014-09-18,80.95403289794922
2014-09-19,81.98416900634766
2014-09-22,82.0843505859375
2014-09-23,82.59225463867188
2014-09-24,82.13444519042969
2014-09-25,83.10736846923828
2014-09-26,82.98571014404297
2014-09-29,83.65105438232422
2014-09-30,83.17888641357422
2014-10-01,84.79183197021484
2014-10-02,84.05314636230469
2014-10-03,84.41167449951172
2014-10-06,84.46187591552734
2014-10-07,85.60224151611328
2014-10-08,85.62371826171875
2014-10-09,85.25078582763672
2014-10-10,86.09706115722656
2014-10-13,86.6205825805664
2014-10-14,87.18722534179688
2014-10-15,87.87572479248047
2014-10-16,87.31623077392578
2014-10-17,86.82855224609375
2014-10-20,87.14412689208984
2014-10-21,86.44844818115234
2014-10-22,86.54173278808594
2014-10-23,85.77433776855469
2014-10-24,85.86041259765625
2014-10-27,86.0181884765625
2014-10-28,85.48036193847656
2014-10-29,85.67390441894531
2014-10-30,85.74563598632812
2014-10-31,85.52330017089844
2014-11-03,85.5233383178711
2014-11-04,85.78933715820312
2014-11-05,85.66710662841797
2014-11-06,85.11353302001953
2014-11-07,86.09125518798828
2014-11-10,85.30044555664062
2014-11-11,85.35795593261719
2014-11-12,85.28608703613281
2014-11-13,85.48735809326172
2014-11-14,85.90435791015625
2014-11-17,85.68872833251953
2014-11-18,85.92589569091797
2014-11-19,85.37950134277344
2014-11-20,85.82526397705078
2014-11-21,86.34291076660156
2014-11-24,86.41481018066406
2014-11-25,87.1336898803711
2014-11-26,87.3709487915039
2014-11-28,88.06114959716797
2014-12-01,87.5473861694336
2014-12-02,86.69712829589844
2014-12-03,87.03578186035156
2014-12-04,87.7635269165039
2014-12-05,87.25196075439453
2014-12-08,88.31838989257812
2014-12-09,88.77230834960938
2014-12-10,89.42082977294922
2014-12-11,89.78832244873047
2014-12-12,91.00604248046875
2014-12-15,90.8187026977539
2014-12-16,91.94277954101562
2014-12-17,91.11412811279297
2014-12-18,89.49288177490234
2014-12-19,90.69618225097656
2014-12-22,90.8187026977539
2014-12-23,89.01729583740234
2014-12-24,89.50180053710938
2014-12-26,89.83401489257812
2014-12-29,90.50550842285156
2014-12-30,90.75100708007812
2014-12-31,90.92430114746094
2015-01-02,91.93524169921875
2015-01-05,93.3793716430664
2015-01-06,95.06182861328125
2015-01-07,94.87413787841797
2015-01-08,93.61768341064453
2015-01-09,94.64309692382812
2015-01-12,95.18463134765625
2015-01-13,95.18463134765625
2015-01-14,95.90666198730469
2015-01-15,97.41577911376953
2015-01-16,96.17381286621094
2015-01-20,97.45195007324219
2015-01-21,96.32545471191406
2015-01-22,95.9788589477539
2015-01-23,97.31475067138672
2015-01-26,97.01866912841797
2015-01-27,97.1703109741211
2015-01-28,98.75896453857422
2015-01-29,98.10899353027344
2015-01-30,99.84922790527344
2015-02-02,99.47230529785156
2015-02-03,97.3667984008789
2015-02-04,97.53313446044922
2015-02-05,96.46234893798828
2015-02-06,94.75481414794922
2015-02-09,94.6028823852539
2015-02-10,93.85037231445312
2015-02-11,94.02397155761719
2015-02-12,93.7128677368164
2015-02-13,92.75054931640625
2015-02-17,91.3541488647461
2015-02-18,91.89681243896484
2015-02-19,91.28902435302734
2015-02-20,91.5567626953125
2015-02-23,92.60590362548828
2015-02-24,93.82144165039062
2015-02-25,94.22660827636719
2015-02-26,92.93871307373047
2015-02-27,93.72013092041016
2015-03-02,91.97442626953125
2015-03-03,91.64097595214844
2015-03-04,91.66999053955078
2015-03-05,91.55396270751953
2015-03-06,89.5313491821289
2015-03-09,90.35777282714844
2015-03-10,91.54670715332031
2015-03-11,92.21363830566406
2015-03-12,92.14842224121094
2015-03-13,91.8656997680664
2015-03-16,92.75011444091797
2015-03-17,93.5185775756836
2015-03-18,95.32374572753906
2015-03-19,94.8379898071289
2015-03-20,95.33821105957031
2015-03-23,95.22219848632812
2015-03-24,96.14286804199219
2015-03-25,95.33094024658203
2015-03-26,93.84484100341797
2015-03-27,95.01197052001953
2015-03-30,94.540771484375
2015-03-31,94.74378204345703
2015-04-01,95.98816680908203
2015-04-02,94.97113800048828
2015-04-06,94.44086456298828
2015-04-07,95.23271179199219
2015-04-08,95.2616958618164
2015-04-09,94.02674102783203
2015-04-10,94.16473388671875
2015-04-13,94.29554748535156
2015-04-14,94.96391296386719
2015-04-15,94.88397216796875
2015-04-16,94.41175842285156
2015-04-17,95.49420928955078
2015-04-20,94.6514892578125
2015-04-21,94.2228775024414
2015-04-22,92.78447723388672
2015-04-23,93.18400573730469
2015-04-24,93.76518249511719
2015-04-27,93.76518249511719
2015-04-28,92.47210693359375
2015-04-29,91.33881378173828
2015-04-30,91.49860382080078
2015-05-01,90.26689910888672
2015-05-04,89.41516876220703
2015-05-05,89.29143524169922
2015-05-06,87.76270294189453
2015-05-07,88.9420394897461
2015-05-08,89.18223571777344
2015-05-11,87.0129165649414
2015-05-12,87.23857879638672
2015-05-13,86.53971862792969
2015-05-14,86.77267456054688
2015-05-15,88.51258850097656
2015-05-18,87.02745819091797
2015-05-19,86.25585174560547
2015-05-20,86.40145111083984
2015-05-21,87.60984802246094
2015-05-22,87.64623260498047
2015-05-26,89.1458969116211
2015-05-27,89.3497085571289
2015-05-28,89.13128662109375
2015-05-29,89.32786560058594
2015-06-01,88.36778259277344
2015-06-02,87.13488006591797
2015-06-03,85.73419189453125
2015-06-04,86.850341796875
2015-06-05,85.79255676269531
2015-06-08,85.69771575927734
2015-06-09,85.01925659179688
2015-06-10,84.27510833740234
2015-06-11,86.04786682128906
2015-06-12,86.04786682128906
2015-06-15,86.18651580810547
2015-06-16,86.86490631103516
2015-06-17,86.19380950927734
2015-06-18,85.77066802978516
2015-06-19,86.87227630615234
2015-06-22,85.09954833984375
2015-06-23,84.58885192871094
2015-06-24,85.31836700439453
2015-06-25,85.01925659179688
2015-06-26,84.06356811523438
2015-06-29,86.28862762451172
2015-06-30,85.69039916992188
2015-07-01,84.53374481201172
2015-07-02,84.81160736083984
2015-07-06,86.38349151611328
2015-07-07,87.19511413574219
2015-07-08,87.94815826416016
2015-07-09,86.21537017822266
2015-07-10,84.84819793701172
2015-07-13,84.58497619628906
2015-07-14,84.86273956298828
2015-07-15,85.76212310791016
2015-07-16,86.35435485839844
2015-07-17,86.80027770996094
2015-07-20,86.43470764160156
2015-07-21,86.90262603759766
2015-07-22,87.4437026977539
2015-07-23,88.53308868408203
2015-07-24,88.7524185180664
2015-07-27,89.22769927978516
2015-07-28,88.5769271850586
2015-07-29,88.2479476928711
2015-07-30,88.9278793334961
2015-07-31,89.5859375
2015-08-03,90.52893829345703
2015-08-04,89.81085968017578
2015-08-05,89.1367416381836
2015-08-06,89.9281005859375
2015-08-07,91.10778045654297
2015-08-10,89.9793930053711
2015-08-11,91.40819549560547
2015-08-12,90.90997314453125
2015-08-13,90.61683654785156
2015-08-14,90.82933807373047
2015-08-17,91.23967742919922
2015-08-18,90.52161407470703
2015-08-19,91.41548156738281
2015-08-20,92.33875274658203
2015-08-21,92.61722564697266
2015-08-24,92.58790588378906
2015-08-25,91.10044860839844
2015-08-26,89.34191131591797
2015-08-27,89.39320373535156
2015-08-28,89.65697479248047
2015-08-31,88.9682388305664
2015-09-01,89.60926055908203
2015-09-02,88.83818817138672
2015-09-03,89.27151489257812
2015-09-04,90.08657836914062
2015-09-08,88.7574462890625
2015-09-09,89.18333435058594
2015-09-10,88.58122253417969
2015-09-11,89.13929748535156
2015-09-14,89.27882385253906
2015-09-15,87.56786346435547
2015-09-16,87.23744201660156
2015-09-17,88.30210876464844
2015-09-18,89.66065979003906
2015-09-21,88.19934844970703
2015-09-22,89.42571258544922
2015-09-23,89.41832733154297
2015-09-24,90.02783966064453
2015-09-25,89.24946594238281
2015-09-28,90.77687072753906
2015-09-29,91.03386688232422
2015-09-30,90.71810150146484
2015-10-01,91.10514831542969
2015-10-02,91.65702819824219
2015-10-05,90.41345977783203
2015-10-06,90.80345153808594
2015-10-07,90.50178527832031
2015-10-08,89.74384307861328
2015-10-09,89.97930145263672
2015-10-12,90.66365814208984
2015-10-13,90.81819152832031
2015-10-14,91.61284637451172
2015-10-15,91.16404724121094
2015-10-16,91.19345092773438
2015-10-19,90.94329833984375
2015-10-20,90.3840560913086
2015-10-21,91.28176879882812
2015-10-22,91.43627166748047
2015-10-23,90.65628814697266
2015-10-26,91.25968170166016
2015-10-27,91.48780822753906
2015-10-28,91.1198501586914
2015-10-29,89.67028045654297
2015-10-30,90.34725189208984
2015-11-02,89.93207550048828
2015-11-03,89.1946029663086
2015-11-04,89.2978286743164
2015-11-05,89.06184387207031
2015-11-06,87.75659942626953
2015-11-09,87.26249694824219
2015-11-10,87.52059936523438
2015-11-11,87.33621978759766
2015-11-12,87.75659942626953
2015-11-13,88.25806427001953
2015-11-16,88.17689514160156
2015-11-17,88.32442474365234
2015-11-18,88.5087661743164
2015-11-19,89.0987548828125
2015-11-20,88.8258285522461
2015-11-23,89.0987548828125
2015-11-24,89.09135437011719
2015-11-25,89.2978286743164
2015-11-27,89.20936584472656
2015-11-30,89.56333923339844
2015-12-01,90.77310943603516
2015-12-02,90.80264282226562
2015-12-03,88.3343276977539
2015-12-04,89.11029052734375
2015-12-07,89.97492980957031
2015-12-08,90.019287109375
2015-12-09,89.9232406616211
2015-12-10,90.04145812988281
2015-12-11,91.46038818359375
2015-12-14,90.2779541015625
2015-12-15,89.74586486816406
2015-12-16,89.55370330810547
2015-12-17,90.56615447998047
2015-12-18,91.0687026977539
2015-12-21,91.04652404785156
2015-12-22,90.38880920410156
2015-12-23,89.7088851928711
2015-12-24,90.22286987304688
2015-12-28,90.48948669433594
2015-12-29,88.9861068725586
2015-12-30,88.897216796875
2015-12-31,89.29714965820312
2016-01-04,89.94145202636719
2016-01-05,89.57855224609375
2016-01-06,90.7856674194336
2016-01-07,90.94860076904297
2016-01-08,91.35588073730469
2016-01-11,90.35616302490234
2016-01-12,91.65956115722656
2016-01-13,92.56303405761719
2016-01-14,91.69656372070312
2016-01-15,93.12588500976562
2016-01-19,92.83704376220703
2016-01-20,93.81459045410156
2016-01-21,93.17771911621094
2016-01-22,92.82222747802734
2016-01-25,93.3258056640625
2016-01-26,93.37024688720703
2016-01-27,93.34805297851562
2016-01-28,93.48133087158203
2016-01-29,94.27372741699219
2016-02-01,93.9851303100586
2016-02-02,95.728759765625
2016-02-03,94.93480682373047
2016-02-04,95.39486694335938
2016-02-05,95.50614166259766
2016-02-08,97.56143188476562
2016-02-09,97.66525268554688
2016-02-10,98.52593994140625
2016-02-11,99.21598815917969
2016-02-12,97.56883239746094
2016-02-16,96.53752899169922
2016-02-17,95.94387817382812
2016-02-18,97.12359619140625
2016-02-19,97.20526123046875
2016-02-22,97.1533432006836
2016-02-23,97.54658508300781
2016-02-24,97.35364532470703
2016-02-25,97.7023696899414
2016-02-26,96.76007843017578
2016-02-29,97.18299865722656
2016-03-01,95.47175598144531
2016-03-02,95.86569213867188
2016-03-03,96.21510314941406
2016-03-04,95.59810638427734
2016-03-07,95.56845092773438
2016-03-08,96.62397003173828
2016-03-09,96.03673553466797
2016-03-10,95.64271545410156
2016-03-11,94.67631530761719
2016-03-14,94.97372436523438
2016-03-15,95.06283569335938
2016-03-16,95.34532928466797
2016-03-17,95.73932647705078
2016-03-18,95.94010162353516
2016-03-21,95.20413970947266
2016-03-22,95.18183135986328
2016-03-23,96.25971221923828
2016-03-24,96.29689025878906
2016-03-28,96.42328643798828
2016-03-29,97.43423461914062
2016-03-30,96.40837860107422
2016-03-31,97.09231567382812
2016-04-01,97.34556579589844
2016-04-04,97.40513610839844
2016-04-05,98.47039794921875
2016-04-06,97.75528717041016
2016-04-07,98.96202850341797
2016-04-08,98.33631896972656
2016-04-11,98.20964813232422
2016-04-12,97.53182220458984
2016-04-13,97.87446594238281
2016-04-14,97.40513610839844
2016-04-15,98.23946380615234
2016-04-18,97.81487274169922
2016-04-19,97.50943756103516
2016-04-20,96.4367904663086
2016-04-21,95.86320495605469
2016-04-22,95.61737060546875
2016-04-25,95.22257995605469
2016-04-26,94.7905502319336
2016-04-27,95.73658752441406
2016-04-28,96.13135528564453
2016-04-29,96.37725067138672
2016-05-02,95.40684509277344
2016-05-03,96.60857391357422
2016-05-04,97.1385498046875
2016-05-05,97.78792572021484
2016-05-06,97.36990356445312
2016-05-09,97.67594909667969
2016-05-10,97.68341827392578
2016-05-11,98.2357406616211
2016-05-12,97.78792572021484
2016-05-13,98.7358627319336
2016-05-16,97.88491821289062
2016-05-17,98.04917907714844
2016-05-18,96.65336608886719
2016-05-19,97.07134246826172
2016-05-20,97.14600372314453
2016-05-23,97.36245727539062
2016-05-24,96.92951202392578
2016-05-25,96.56376647949219
2016-05-26,97.06385803222656
2016-05-27,96.92207336425781
2016-05-31,97.15347290039062
2016-06-01,97.54763793945312
2016-06-02,98.25068664550781
2016-06-03,99.64939880371094
2016-06-06,98.90888977050781
2016-06-07,99.14818572998047
2016-06-08,99.67926025390625
2016-06-09,100.32247924804688
2016-06-10,100.80870056152344
2016-06-13,101.25746154785156
2016-06-14,101.18265533447266
2016-06-15,101.57157135009766
2016-06-16,102.06526184082031
2016-06-17,101.42950439453125
2016-06-20,100.344970703125
2016-06-21,99.88119506835938
2016-06-22,100.0457534790039
2016-06-23,98.90143585205078
2016-06-24,101.556640625
2016-06-27,104.09215545654297
2016-06-28,104.3091049194336
2016-06-29,103.50878143310547
2016-06-30,103.8902587890625
2016-07-01,105.33275604248047
2016-07-05,106.6514663696289
2016-07-06,106.82386016845703
2016-07-07,106.81635284423828
2016-07-08,107.60313415527344
2016-07-11,106.658935546875
2016-07-12,104.90550994873047
2016-07-13,106.14196014404297
2016-07-14,104.59831237792969
2016-07-15,103.69916534423828
2016-07-18,103.60174560546875
2016-07-19,104.1862564086914
2016-07-20,103.61670684814453
2016-07-21,103.82656860351562
2016-07-22,104.00643157958984
2016-07-25,103.93151092529297
2016-07-26,104.0963134765625
2016-07-27,105.39261627197266
2016-07-28,105.19784545898438
2016-07-29,106.07453155517578
2016-08-01,104.92449188232422
2016-08-02,103.84346771240234
2016-08-03,103.90348815917969
2016-08-04,104.68423461914062
2016-08-05,103.59576416015625
2016-08-08,103.79090881347656
2016-08-09,104.81185150146484
2016-08-10,105.2171630859375
2016-08-11,104.27886199951172
2016-08-12,105.15716552734375
2016-08-15,104.16625213623047
2016-08-16,103.88851165771484
2016-08-17,104.5115737915039
2016-08-18,104.67672729492188
2016-08-19,104.12873077392578
2016-08-22,105.00701141357422
2016-08-23,105.11963653564453
2016-08-24,104.87194061279297
2016-08-25,104.47400665283203
2016-08-26,103.86600494384766
2016-08-29,105.25479125976562
2016-08-30,104.84944152832031
2016-08-31,104.99955749511719
2016-09-01,105.11540985107422
2016-09-02,104.2579574584961
2016-09-06,105.0176010131836
2016-09-07,104.94241333007812
2016-09-08,103.62626647949219
2016-09-09,101.91912078857422
2016-09-12,101.97174835205078
2016-09-13,100.8135757446289
2016-09-14,100.96397399902344
2016-09-15,100.52775573730469
2016-09-16,101.34000396728516
2016-09-19,101.00914764404297
2016-09-20,101.3625717163086
2016-09-21,102.18232727050781
2016-09-22,102.99455261230469
2016-09-23,102.89675903320312
2016-09-26,103.5510482788086
2016-09-27,104.3106689453125
2016-09-28,104.08502197265625
2016-09-29,104.34823608398438
2016-09-30,103.41569519042969
2016-10-03,103.0743637084961
2016-10-04,101.8689193725586
2016-10-05,101.39431762695312
2016-10-06,100.82920837402344
2016-10-07,100.89700317382812
2016-10-10,100.30181884765625
2016-10-11,100.07581329345703
2016-10-12,100.17378234863281
2016-10-13,100.55046081542969
2016-10-14,99.14156341552734
2016-10-17,99.7744140625
2016-10-18,100.09839630126953
2016-10-19,100.18125915527344
2016-10-20,100.28682708740234
2016-10-21,100.43746948242188
2016-10-24,100.00043487548828
2016-10-25,100.26419067382812
2016-10-26,99.58612823486328
2016-10-27,98.501220703125
2016-10-28,98.28270721435547
2016-10-31,98.88543701171875
2016-11-01,98.89298248291016
2016-11-02,99.3232421875
2016-11-03,98.56086730957031
2016-11-04,99.44405364990234
2016-11-07,98.59860229492188
2016-11-08,98.19851684570312
2016-11-09,94.03174591064453
2016-11-10,92.64281463623047
2016-11-11,92.12198638916016
2016-11-14,91.5709228515625
2016-11-15,92.02388763427734
2016-11-16,92.85416412353516
2016-11-17,91.48790740966797
2016-11-18,91.22364044189453
2016-11-21,91.4501724243164
2016-11-22,91.41996765136719
2016-11-23,91.065185546875
2016-11-25,91.20103454589844
2016-11-28,91.87286376953125
2016-11-29,92.25785064697266
2016-11-30,90.76323699951172
2016-12-01,89.80489349365234
2016-12-02,90.46293640136719
2016-12-05,90.3646011352539
2016-12-06,90.2964859008789
2016-12-07,91.06806182861328
2016-12-08,89.99397277832031
2016-12-09,88.87454986572266
2016-12-12,89.04096984863281
2016-12-13,89.35860443115234
2016-12-14,88.36021423339844
2016-12-15,88.80645751953125
2016-12-16,88.60224151611328
2016-12-19,89.55526733398438
2016-12-20,89.10902404785156
2016-12-21,89.50232696533203
2016-12-22,89.34231567382812
2016-12-23,89.52435302734375
2016-12-27,89.23615264892578
2016-12-28,89.88837432861328
2016-12-29,90.20682525634766
2016-12-30,90.34337615966797
2017-01-03,90.73011779785156
2017-01-04,91.07899475097656
2017-01-05,92.50469207763672
2017-01-06,91.65531921386719
2017-01-09,92.39092254638672
2017-01-10,92.3302993774414
2017-01-11,92.64118957519531
2017-01-12,92.43646240234375
2017-01-13,91.99659729003906
2017-01-17,92.95968627929688
2017-01-18,91.76907348632812
2017-01-19,91.1396713256836
2017-01-20,90.95762634277344
2017-01-23,91.86768341064453
2017-01-24,91.23828887939453
2017-01-25,90.09309387207031
2017-01-26,90.3964614868164
2017-01-27,90.7225341796875
2017-01-30,90.4495620727539
2017-01-31,91.07899475097656
2017-02-01,90.51581573486328
2017-02-02,90.47782897949219
2017-02-03,90.4398193359375
2017-02-06,90.9870376586914
2017-02-07,91.6557846069336
2017-02-08,92.90221405029297
2017-02-09,91.83065795898438
2017-02-10,91.7774429321289
2017-02-13,91.48863220214844
2017-02-14,90.82742309570312
2017-02-15,90.4094009399414
2017-02-16,90.9034423828125
2017-02-17,91.44302368164062
2017-02-21,91.28343200683594
2017-02-22,91.4354476928711
2017-02-23,91.70899200439453
2017-02-24,92.72740936279297
2017-02-27,92.1802749633789
2017-02-28,92.52220916748047
2017-03-01,90.97188568115234
2017-03-02,90.6444320678711
2017-03-03,90.88050842285156
2017-03-06,90.44644927978516
2017-03-07,90.17235565185547
2017-03-08,89.68502044677734
2017-03-09,88.96923828125
2017-03-10,89.28144836425781
2017-03-13,88.71794891357422
2017-03-14,89.14435577392578
2017-03-15,90.23323822021484
2017-03-16,89.77637481689453
2017-03-17,90.33988952636719
2017-03-20,90.72821044921875
2017-03-21,91.48204803466797
2017-03-22,91.8475570678711
2017-03-23,91.71812438964844
2017-03-24,92.0455322265625
2017-03-27,92.46432495117188
2017-03-28,91.8475570678711
2017-03-29,92.39585876464844
2017-03-30,91.64959716796875
2017-03-31,91.91609954833984
2017-04-03,92.84321594238281
2017-04-04,92.3396224975586
2017-04-05,92.62191009521484
2017-04-06,92.48457336425781
2017-04-07,92.11067962646484
2017-04-10,92.53797912597656
2017-04-11,93.41554260253906
2017-04-12,93.92681121826172
2017-04-13,94.21676635742188
2017-04-17,93.92681121826172
2017-04-18,95.15538024902344
2017-04-19,94.63644409179688
2017-04-20,94.27021789550781
2017-04-21,94.27021789550781
2017-04-24,93.8046875
2017-04-25,92.67535400390625
2017-04-26,93.18666076660156
2017-04-27,93.15608215332031
2017-04-28,93.36214447021484
2017-05-01,92.58598327636719
2017-05-02,93.06006622314453
2017-05-03,93.1212387084961
2017-05-04,92.66242980957031
2017-05-05,92.74656677246094
2017-05-08,92.24185943603516
2017-05-09,92.23423767089844
2017-05-10,92.12720489501953
2017-05-11,92.12720489501953
2017-05-12,92.8230209350586
2017-05-15,92.57067108154297
2017-05-16,92.9147720336914
2017-05-17,94.26828002929688
2017-05-18,94.37533569335938
2017-05-19,94.5970458984375
2017-05-22,94.33709716796875
2017-05-23,93.70237731933594
2017-05-24,94.23001861572266
2017-05-25,94.26058959960938
2017-05-26,94.42118072509766
2017-05-30,94.88764190673828
2017-05-31,95.12464141845703
2017-06-01,95.13461303710938
2017-06-02,96.2610855102539
2017-06-05,95.66336822509766
2017-06-06,96.18448638916016
2017-06-07,95.72470092773438
2017-06-08,95.47183990478516
2017-06-09,95.32620239257812
2017-06-12,95.2955551147461
2017-06-13,95.31084442138672
2017-06-14,96.78218841552734
2017-06-15,96.62886810302734
2017-06-16,96.8204574584961
2017-06-19,96.68254089355469
2017-06-20,97.54847717285156
2017-06-21,97.74767303466797
2017-06-22,97.96224975585938
2017-06-23,97.9162826538086
2017-06-26,98.2840805053711
2017-06-27,97.23428344726562
2017-06-28,96.91244506835938
2017-06-29,96.10018920898438
2017-06-30,95.87796020507812
2017-07-03,95.56924438476562
2017-07-05,95.59232330322266
2017-07-06,94.8013916015625
2017-07-07,94.23316955566406
2017-07-10,94.3713607788086
2017-07-11,94.5326156616211
2017-07-12,95.185302734375
2017-07-13,94.58637237548828
2017-07-14,94.70156860351562
2017-07-17,94.96263122558594
2017-07-18,95.79193115234375
2017-07-19,95.8303451538086
2017-07-20,96.10677337646484
2017-07-21,96.51373291015625
2017-07-24,96.13745880126953
2017-07-25,94.88584899902344
2017-07-26,95.0394058227539
2017-07-27,94.5710220336914
2017-07-28,95.13159942626953
2017-07-31,95.24671173095703
2017-08-01,95.91549682617188
2017-08-02,95.9693603515625
2017-08-03,96.96207427978516
2017-08-04,96.13863372802734
2017-08-07,96.24636840820312
2017-08-08,95.90007019042969
2017-08-09,96.42340850830078
2017-08-10,97.24681091308594
2017-08-11,97.29293823242188
2017-08-14,96.79271697998047
2017-08-15,96.38489532470703
2017-08-16,96.73889923095703
2017-08-17,97.46224975585938
2017-08-18,97.439208984375
2017-08-21,97.6777572631836
2017-08-22,97.30067443847656
2017-08-23,97.96245574951172
2017-08-24,97.60077667236328
2017-08-25,97.97782897949219
2017-08-28,97.91629028320312
2017-08-29,98.23179626464844
2017-08-30,98.20101928710938
2017-08-31,98.49341583251953
2017-09-01,97.74008178710938
2017-09-05,99.28998565673828
2017-09-06,98.6807861328125
2017-09-07,99.6910400390625
2017-09-08,99.47510528564453
2017-09-11,98.28752136230469
2017-09-12,97.77090454101562
2017-09-13,97.38534545898438
2017-09-14,97.78632354736328
2017-09-15,97.82490539550781
2017-09-18,97.2619400024414
2017-09-19,97.02289581298828
2017-09-20,97.0922622680664
2017-09-21,97.038330078125
2017-09-22,97.31592559814453
2017-09-25,97.92510986328125
2017-09-26,97.74774932861328
2017-09-27,96.27488708496094
2017-09-28,95.9896011352539
2017-09-29,96.2055435180664
2017-10-02,96.02938842773438
2017-10-03,96.12205505371094
2017-10-04,96.12982940673828
2017-10-05,95.76666259765625
2017-10-06,95.49617004394531
2017-10-09,95.79757690429688
2017-10-10,95.95209503173828
2017-10-11,96.13748168945312
2017-10-12,96.54705047607422
2017-10-13,97.24246978759766
2017-10-16,97.1729507446289
2017-10-17,97.29656982421875
2017-10-18,96.65520477294922
2017-10-19,96.82518768310547
2017-10-20,95.79757690429688
2017-10-23,95.96752166748047
2017-10-24,95.37254333496094
2017-10-25,94.91668701171875
2017-10-26,94.59989166259766
2017-10-27,95.2257308959961
2017-10-30,96.13748168945312
2017-10-31,96.16841125488281
2017-11-01,96.59664916992188
2017-11-02,97.02251434326172
2017-11-03,97.28575897216797
2017-11-06,97.64968872070312
2017-11-07,98.06007385253906
2017-11-08,97.84329223632812
2017-11-09,97.56453704833984
2017-11-10,96.0932846069336
2017-11-13,96.294677734375
2017-11-14,96.94507598876953
2017-11-15,97.99816131591797
2017-11-16,97.14639282226562
2017-11-17,97.86650085449219
2017-11-20,97.82785034179688
2017-11-21,98.13752746582031
2017-11-22,98.45500183105469
2017-11-24,98.18396759033203
2017-11-27,98.0445556640625
2017-11-28,98.17625427246094
2017-11-29,97.20836639404297
2017-11-30,96.88313293457031
2017-12-01,98.1905288696289
2017-12-04,98.23709869384766
2017-12-05,98.72592163085938
2017-12-06,99.06729125976562
2017-12-07,98.29136657714844
2017-12-08,98.29917907714844
2017-12-11,98.097412109375
2017-12-12,98.05862426757812
2017-12-13,98.79573059082031
2017-12-14,99.21471405029297
2017-12-15,99.58715057373047
2017-12-18,98.67935180664062
2017-12-19,97.39912414550781
2017-12-20,96.32061004638672
2017-12-21,96.88199615478516
2017-12-22,97.01415252685547
2017-12-26,97.30187225341797
2017-12-27,98.5692367553711
2017-12-28,98.4837417602539
2017-12-29,98.63926696777344
2018-01-02,97.57398986816406
2018-01-03,98.04052734375
2018-01-04,98.02498626708984
2018-01-05,97.74503326416016
2018-01-08,97.68285369873047
2018-01-09,96.37660217285156
2018-01-10,96.25995635986328
2018-01-11,96.65652465820312
2018-01-12,96.81978607177734
2018-01-16,97.22411346435547
2018-01-17,97.0919418334961
2018-01-18,96.18995666503906
2018-01-19,95.68455505371094
2018-01-22,95.77788543701172
2018-01-23,96.18995666503906
2018-01-24,95.66902923583984
2018-01-25,96.45431518554688
2018-01-26,96.09664916992188
2018-01-29,95.42797088623047
2018-01-30,94.86814880371094
2018-01-31,95.42797088623047
2018-02-01,94.04495239257812
2018-02-02,93.17234802246094
2018-02-05,94.05277252197266
2018-02-06,93.4683837890625
2018-02-07,92.58013916015625
2018-02-08,92.47886657714844
2018-02-09,91.89447021484375
2018-02-12,92.29964447021484
2018-02-13,92.71258544921875
2018-02-14,91.68412780761719
2018-02-15,91.99575805664062
2018-02-16,92.49445343017578
2018-02-20,92.08926391601562
2018-02-21,90.95952606201172
2018-02-22,91.23220825195312
2018-02-23,92.04249572753906
2018-02-26,92.07368469238281
2018-02-27,91.94125366210938
2018-02-28,92.52558898925781
2018-03-01,93.15724182128906
2018-03-02,92.39990234375
2018-03-05,92.15005493164062
2018-03-06,92.23595428466797
2018-03-07,92.13445281982422
2018-03-08,92.66533660888672
2018-03-09,92.056396484375
2018-03-12,92.5872802734375
2018-03-13,93.05573272705078
2018-03-14,93.87548828125
2018-03-15,93.87548828125
2018-03-16,93.53974151611328
2018-03-19,93.24308013916016
2018-03-20,92.86833953857422
2018-03-21,92.9698486328125
2018-03-22,93.8910903930664
2018-03-23,93.82085418701172
2018-03-26,93.4616928100586
2018-03-27,94.46104431152344
2018-03-28,94.71086120605469
2018-03-29,95.17152404785156
2018-04-02,95.35926055908203
2018-04-03,94.62384796142578
2018-04-04,94.42820739746094
2018-04-05,93.72409057617188
2018-04-06,94.7490234375
2018-04-09,94.90550994873047
2018-04-10,94.73332214355469
2018-04-11,95.06980895996094
2018-04-12,94.37344360351562
2018-04-13,94.5925064086914
2018-04-16,94.62384796142578
2018-04-17,94.8819580078125
2018-04-18,94.12307739257812
2018-04-19,93.35631561279297
2018-04-20,92.6834716796875
2018-04-23,92.70693969726562
2018-04-24,92.28446197509766
2018-04-25,91.66634368896484
2018-04-26,92.30791473388672
2018-04-27,93.0198974609375
2018-04-30,93.1841812133789
2018-05-01,92.84858703613281
2018-05-02,92.74664306640625
2018-05-03,93.16224670410156
2018-05-04,93.30335235595703
2018-05-07,93.1543960571289
2018-05-08,93.068115234375
2018-05-09,92.51142120361328
2018-05-10,93.25634002685547
2018-05-11,93.49161529541016
2018-05-14,92.99756622314453
2018-05-15,91.93899536132812
2018-05-16,91.58613586425781
2018-05-17,91.12351989746094
2018-05-18,91.90760803222656
2018-05-21,91.9546890258789
2018-05-22,91.81354522705078
2018-05-23,92.48004913330078
2018-05-24,93.21714782714844
2018-05-25,93.79740905761719
2018-05-29,95.85182189941406
2018-05-30,95.20882415771484
2018-05-31,95.05200958251953
2018-06-01,94.54975891113281
2018-06-04,93.86599731445312
2018-06-05,94.0860824584961
2018-06-06,93.3237075805664
2018-06-07,94.22750091552734
2018-06-08,93.944580078125
2018-06-11,93.77169799804688
2018-06-12,93.7952880859375
2018-06-13,93.74808502197266
2018-06-14,94.52618408203125
2018-06-15,94.6126708984375
2018-06-18,94.52618408203125
2018-06-19,95.07637786865234
2018-06-20,94.24327850341797
2018-06-21,94.7383804321289
2018-06-22,94.73053741455078
2018-06-25,94.9427719116211
2018-06-26,95.07637786865234
2018-06-27,95.97236633300781
2018-06-28,95.99590301513672
2018-06-29,95.66580200195312
2018-07-02,95.59098815917969
2018-07-03,96.10304260253906
2018-07-05,96.37879180908203
2018-07-06,96.6938247680664
2018-07-09,96.07149505615234
2018-07-10,96.06364440917969
2018-07-11,96.43382263183594
2018-07-12,96.4260025024414
2018-07-13,96.67015075683594
2018-07-16,96.26841735839844
2018-07-17,96.08724975585938
2018-07-18,95.7012710571289
2018-07-19,96.30778503417969
2018-07-20,95.12622833251953
2018-07-23,93.9525146484375
2018-07-24,94.27545928955078
2018-07-25,94.12577819824219
2018-07-26,93.94464874267578
2018-07-27,94.10211944580078
2018-07-30,93.77921295166016
2018-07-31,94.29122161865234
2018-08-01,93.52305603027344
2018-08-02,93.65727233886719
2018-08-03,94.1230697631836
2018-08-06,94.17832946777344
2018-08-07,93.6888427734375
2018-08-08,93.78366088867188
2018-08-09,94.57306671142578
2018-08-10,95.25997161865234
2018-08-13,95.06258392333984
2018-08-14,94.84940338134766
2018-08-15,95.40203094482422
2018-08-16,95.3941421508789
2018-08-17,95.51260375976562
2018-08-20,96.15206909179688
2018-08-21,95.82837677001953
2018-08-22,96.20734405517578
2018-08-23,96.35733795166016
2018-08-24,96.54680633544922
2018-08-27,95.99419403076172
2018-08-28,95.4178466796875
2018-08-29,95.54415130615234
2018-08-30,95.7494125366211
2018-08-31,95.52838897705078
2018-09-04,94.9760513305664
2018-09-05,94.72283935546875
2018-09-06,95.07100677490234
2018-09-07,94.26390075683594
2018-09-10,94.61207580566406
2018-09-11,93.89202880859375
2018-09-12,94.11357879638672
2018-09-13,94.2560043334961
2018-09-14,93.80494689941406
2018-09-17,93.80494689941406
2018-09-18,92.82382202148438
2018-09-19,92.26990509033203
2018-09-20,92.69717407226562
2018-09-21,92.65765380859375
2018-09-24,92.4202880859375
2018-09-25,92.32527923583984
2018-09-26,92.97413635253906
2018-09-27,93.0374526977539
2018-09-28,92.79215240478516
2018-10-01,92.11093139648438
2018-10-02,92.6739730834961
2018-10-03,91.06412506103516
2018-10-04,90.42178344726562
2018-10-05,89.64459228515625
2018-10-08,89.34327697753906
2018-10-09,90.24730682373047
2018-10-10,90.00147247314453
2018-10-11,91.09587097167969
2018-10-12,90.77860260009766
2018-10-15,90.73896789550781
2018-10-16,90.94517517089844
2018-10-17,90.4058837890625
2018-10-18,90.37422943115234
2018-10-19,90.17591094970703
2018-10-22,90.0569839477539
2018-10-23,90.34249114990234
2018-10-24,91.02449798583984
2018-10-25,90.64384460449219
2018-10-26,91.19100189208984
2018-10-29,90.98479461669922
2018-10-30,90.53278350830078
2018-10-31,90.07281494140625
2018-11-01,90.15629577636719
2018-11-02,89.03543090820312
2018-11-05,89.38519287109375
2018-11-06,89.32955169677734
2018-11-07,89.44878387451172
2018-11-08,89.44083404541016
2018-11-09,90.10858917236328
2018-11-12,90.69689178466797
2018-11-13,90.64124298095703
2018-11-14,90.69689178466797
2018-11-15,90.6571273803711
2018-11-16,91.18180084228516
2018-11-19,91.43616485595703
2018-11-20,91.46796417236328
2018-11-21,91.43616485595703
2018-11-23,91.53157806396484
2018-11-26,91.32487487792969
2018-11-27,91.42823028564453
2018-11-28,90.9830551147461
2018-11-29,91.34077453613281
2018-11-30,91.68264770507812
2018-12-03,92.33363342285156
2018-12-04,93.87943267822266
2018-12-06,94.17420959472656
2018-12-07,94.34950256347656
2018-12-10,94.73995208740234
2018-12-11,94.72400665283203
2018-12-12,94.30168914794922
2018-12-13,94.07865905761719
2018-12-14,94.40530395507812
2018-12-17,94.95510864257812
2018-12-18,95.52379608154297
2018-12-19,96.78571319580078
2018-12-20,96.43428039550781
2018-12-21,96.41834259033203
2018-12-24,96.89749908447266
2018-12-26,95.85920715332031
2018-12-27,95.87520599365234
2018-12-28,96.68186950683594
2018-12-31,97.04927825927734
2019-01-02,97.5604476928711
2019-01-03,98.67066192626953
2019-01-04,97.52851104736328
2019-01-07,97.24097442626953
2019-01-08,96.98536682128906
2019-01-09,96.8335952758789
2019-01-10,96.21065521240234
2019-01-11,96.58604431152344
2019-01-14,96.22662353515625
2019-01-15,95.87520599365234
2019-01-16,95.97108459472656
2019-01-17,95.9950180053711
2019-01-18,95.49185943603516
2019-01-22,96.13877868652344
2019-01-23,96.09883880615234
2019-01-24,96.72980499267578
2019-01-25,96.26655578613281
2019-01-28,96.17070770263672
2019-01-29,96.65791320800781
2019-01-30,96.58604431152344
2019-01-31,97.41666412353516
2019-02-01,96.82833862304688
2019-02-04,96.39601135253906
2019-02-05,96.83634185791016
2019-02-06,96.88435363769531
2019-02-07,97.52472686767578
2019-02-08,97.94103240966797
2019-02-11,97.55674743652344
2019-02-12,97.30863952636719
2019-02-13,96.94039154052734
2019-02-14,97.49275970458984
2019-02-15,97.64482116699219
2019-02-19,97.89299774169922
2019-02-20,97.61282348632812
2019-02-21,96.74021911621094
2019-02-22,97.3166275024414
2019-02-25,97.02843475341797
2019-02-26,97.50875091552734
2019-02-27,96.40403747558594
2019-02-28,96.07583618164062
2019-03-01,95.18782806396484
2019-03-04,95.933837890625
2019-03-05,96.13441467285156
2019-03-06,96.48738861083984
2019-03-07,97.1130599975586
2019-03-08,97.5222396850586
2019-03-11,97.2333984375
2019-03-12,97.91524505615234
2019-03-13,97.73075103759766
2019-03-14,97.02483367919922
2019-03-15,97.66659545898438
2019-03-18,97.61042022705078
2019-03-19,97.39383697509766
2019-03-20,98.41264343261719
2019-03-21,98.62921905517578
2019-03-22,100.16136932373047
2019-03-25,100.32181549072266
2019-03-26,100.24964141845703
2019-03-27,101.17216491699219
2019-03-28,101.52510833740234
2019-03-29,101.42887115478516
2019-04-01,99.9881820678711
2019-04-02,100.17308044433594
2019-04-03,99.3048095703125
2019-04-04,99.58619689941406
2019-04-05,99.71484375
2019-04-08,99.36104583740234
2019-04-09,99.67460632324219
2019-04-10,99.91582489013672
2019-04-11,99.32891845703125
2019-04-12,98.62142944335938
2019-04-15,98.87068939208984
2019-04-16,98.25163269042969
2019-04-17,98.2918472290039
2019-04-18,98.80635070800781
2019-04-22,98.33203887939453
2019-04-23,98.54104614257812
2019-04-24,99.34497833251953
2019-04-25,99.20027160644531
2019-04-26,99.53795623779297
2019-04-29,98.90283966064453
2019-04-30,99.40931701660156
2019-05-01,99.81939697265625
2019-05-02,99.34406280517578
2019-05-03,99.62606811523438
2019-05-06,99.89996337890625
2019-05-07,100.66533660888672
2019-05-08,100.23025512695312
2019-05-09,100.64115905761719
2019-05-10,100.5041732788086
2019-05-13,101.29373931884766
2019-05-14,100.99559020996094
2019-05-15,101.61601257324219
2019-05-16,101.2776107788086
2019-05-17,101.50320434570312
2019-05-20,101.29373931884766
2019-05-21,101.1325912475586
2019-05-22,101.71266174316406
2019-05-23,102.85669708251953
2019-05-24,102.94526672363281
2019-05-28,103.68648529052734
2019-05-29,104.00067138671875
2019-05-30,104.89495086669922
2019-05-31,106.20818328857422
2019-06-03,106.91853332519531
2019-06-04,105.69955444335938
2019-06-05,105.10216522216797
2019-06-06,105.44121551513672
2019-06-07,106.35348510742188
2019-06-10,105.3524169921875
2019-06-11,105.4170150756836
2019-06-12,105.49771118164062
2019-06-13,105.86102294921875
2019-06-14,106.1274185180664
2019-06-17,106.31307983398438
2019-06-18,106.84591674804688
2019-06-19,106.99927520751953
2019-06-20,107.2818603515625
2019-06-21,106.10320281982422
2019-06-24,106.89437103271484
2019-06-25,107.225341796875
2019-06-26,106.53916931152344
2019-06-27,107.2899169921875
2019-06-28,107.21728515625
2019-07-01,106.96650695800781
2019-07-02,107.79157257080078
2019-07-03,108.56005096435547
2019-07-05,107.1202163696289
2019-07-08,107.26581573486328
2019-07-09,107.225341796875
2019-07-10,106.63490295410156
2019-07-11,105.2112808227539
2019-07-12,105.33257293701172
2019-07-15,105.93920135498047
2019-07-16,105.62378692626953
2019-07-17,106.76431274414062
2019-07-18,106.77240753173828
2019-07-19,106.52163696289062
2019-07-22,106.72386932373047
2019-07-23,106.14144134521484
2019-07-24,106.60254669189453
2019-07-25,106.09293365478516
2019-07-26,106.34369659423828
2019-07-29,106.37602233886719
2019-07-30,106.63490295410156
2019-07-31,107.49227905273438
2019-08-01,109.62714385986328
2019-08-02,110.6402587890625
2019-08-05,112.55301666259766
2019-08-06,113.45267486572266
2019-08-07,113.49317932128906
2019-08-08,113.73637390136719
2019-08-09,113.50941467285156
2019-08-12,115.87602233886719
2019-08-13,115.4788818359375
2019-08-14,118.08058166503906
2019-08-15,119.39359283447266
2019-08-16,118.43717956542969
2019-08-19,116.74324035644531
2019-08-20,117.95091247558594
2019-08-21,117.16468811035156
2019-08-22,116.38662719726562
2019-08-23,118.29938507080078
2019-08-26,117.82118225097656
2019-08-27,119.63671875
2019-08-28,119.79073333740234
2019-08-29,119.33682250976562
2019-08-30,119.36925506591797
2019-09-03,119.52347564697266
2019-09-04,119.7021255493164
2019-09-05,117.5343246459961
2019-09-06,118.37057495117188
2019-09-09,116.2676773071289
2019-09-10,114.22976684570312
2019-09-11,114.02677154541016
2019-09-12,113.27986145019531
2019-09-13,110.86030578613281
2019-09-16,112.2730484008789
2019-09-17,112.88196563720703
2019-09-18,113.36090850830078
2019-09-19,113.70201110839844
2019-09-20,115.20398712158203
2019-09-23,115.17974090576172
2019-09-24,116.568115234375
2019-09-25,114.8630142211914
2019-09-26,115.60188293457031
2019-09-27,115.88607788085938
2019-09-30,116.17028045654297
2019-10-01,116.52002716064453
2019-10-02,116.80465698242188
2019-10-03,117.87015533447266
2019-10-04,118.74046325683594
2019-10-07,117.75628662109375
2019-10-08,118.07347106933594
2019-10-09,117.40652465820312
2019-10-10,115.65782928466797
2019-10-11,114.2263412475586
2019-10-14,115.0560073852539
2019-10-15,113.66513061523438
2019-10-16,113.80337524414062
2019-10-17,113.52684783935547
2019-10-18,113.52684783935547
2019-10-21,112.67286682128906
2019-10-22,113.3316879272461
2019-10-23,113.44554901123047
2019-10-24,113.2177963256836
2019-10-25,112.66474151611328
2019-10-28,111.63994598388672
2019-10-29,111.7131118774414
2019-10-30,113.34798431396484
2019-10-31,114.87699890136719
2019-11-01,114.52345275878906
2019-11-04,113.01612091064453
2019-11-05,111.74507141113281
2019-11-06,112.42130279541016
2019-11-07,110.38441467285156
2019-11-08,109.91997528076172
2019-11-11,109.99332427978516
2019-11-12,110.49848937988281
2019-11-13,111.21549224853516
2019-11-14,112.36429595947266
2019-11-15,112.24212646484375
2019-11-18,112.44576263427734
2019-11-19,113.38275146484375
2019-11-20,114.55606079101562
2019-11-21,113.83899688720703
2019-11-22,113.98572540283203
2019-11-25,114.31970977783203
2019-11-26,114.98787689208984
2019-11-27,114.6537857055664
2019-11-29,114.40936279296875
2019-12-02,112.88394927978516
2019-12-03,115.2508316040039
2019-12-04,114.10005950927734
2019-12-05,113.54499816894531
2019-12-06,112.91661834716797
2019-12-09,113.1614761352539
2019-12-10,113.1695785522461
2019-12-11,114.05921936035156
2019-12-12,112.18199157714844
2019-12-13,113.47972869873047
2019-12-16,112.45954132080078
2019-12-17,112.30451965332031
2019-12-18,111.38223266601562
2019-12-19,111.5604476928711
2019-12-20,111.70756530761719
2019-12-23,111.54405975341797
2019-12-24,111.86286926269531
2019-12-26,112.13261413574219
2019-12-27,112.25528717041016
2019-12-30,111.84654998779297
2019-12-31,110.7510986328125
2020-01-02,112.00182342529297
2020-01-03,113.72666931152344
2020-01-06,113.08090209960938
2020-01-07,112.52503204345703
2020-01-08,111.78109741210938
2020-01-09,112.17347717285156
2020-01-10,113.17086029052734
2020-01-13,112.82747650146484
2020-01-14,113.40788269042969
2020-01-15,114.15994262695312
2020-01-16,113.80027770996094
2020-01-17,112.82747650146484
2020-01-21,114.01282501220703
2020-01-22,114.41344451904297
2020-01-23,115.21448516845703
2020-01-24,116.14641571044922
2020-01-27,117.9530029296875
2020-01-28,117.02932739257812
2020-01-29,118.17372131347656
2020-01-30,118.19011688232422
2020-01-31,119.2691879272461
2020-02-03,119.17255401611328
2020-02-04,117.56764221191406
2020-02-05,116.28205871582031
2020-02-06,116.80610656738281
2020-02-07,118.26362609863281
2020-02-10,118.5911636352539
2020-02-11,117.99346160888672
2020-02-12,117.39570617675781
2020-02-13,117.84603881835938
2020-02-14,118.36199188232422
2020-02-18,119.17255401611328
2020-02-19,119.16438293457031
2020-02-20,120.09783935546875
2020-02-21,121.21961975097656
2020-02-24,123.0292739868164
2020-02-25,123.6843032836914
2020-02-26,123.0292739868164
2020-02-27,124.36392974853516
2020-02-28,127.17241668701172
2020-03-02,126.23686981201172
2020-03-03,128.19676208496094
2020-03-04,126.83546447753906
2020-03-05,129.9926300048828
2020-03-06,136.7579803466797
2020-03-09,140.464599609375
2020-03-10,133.26461791992188
2020-03-11,128.3607635498047
2020-03-12,129.1562042236328
2020-03-13,126.23686981201172
2020-03-16,134.4126434326172
2020-03-17,125.44963073730469
2020-03-18,118.3726577758789
2020-03-19,121.5954360961914
2020-03-20,130.7388458251953
2020-03-23,136.12660217285156
2020-03-24,133.59263610839844
2020-03-25,133.28916931152344
2020-03-26,133.94522094726562
2020-03-27,137.52056884765625
2020-03-30,136.38893127441406
2020-03-31,135.2819366455078
2020-04-01,137.1772003173828
2020-04-02,138.04774475097656
2020-04-03,138.37625122070312
2020-04-06,138.01492309570312
2020-04-07,136.569580078125
2020-04-08,135.57583618164062
2020-04-09,135.822265625
2020-04-13,134.58218383789062
2020-04-14,134.54940795898438
2020-04-15,138.1134490966797
2020-04-16,139.68203735351562
2020-04-17,137.80963134765625
2020-04-20,138.91827392578125
2020-04-21,140.66751098632812
2020-04-22,139.23033142089844
2020-04-23,139.9694061279297
2020-04-24,140.29788208007812
2020-04-27,137.68638610839844
2020-04-28,139.2713623046875
2020-04-29,138.54873657226562
2020-04-30,136.93089294433594
2020-05-01,138.1034698486328
2020-05-04,137.4539031982422
2020-05-05,136.57406616210938
2020-05-06,134.37037658691406
2020-05-07,136.61517333984375
2020-05-08,134.83901977539062
2020-05-11,133.78652954101562
2020-05-12,135.1597137451172
2020-05-13,136.1053009033203
2020-05-14,137.4374237060547
2020-05-15,137.08380126953125
2020-05-18,134.0742950439453
2020-05-19,134.57591247558594
2020-05-20,134.97885131835938
2020-05-21,135.31597900390625
2020-05-22,136.1300048828125
2020-05-26,134.30453491210938
2020-05-27,134.05784606933594
2020-05-28,133.56446838378906
2020-05-29,134.51829528808594
2020-06-01,133.61260986328125
2020-06-02,133.12684631347656
2020-06-03,131.35662841796875
2020-06-04,129.4547576904297
2020-06-05,128.5325927734375
2020-06-08,129.02655029296875
2020-06-09,130.49217224121094
2020-06-10,132.42698669433594
2020-06-11,134.92999267578125
2020-06-12,133.62908935546875
2020-06-15,133.70321655273438
2020-06-16,131.6530303955078
2020-06-17,132.1964111328125
2020-06-18,133.59622192382812
2020-06-19,133.70321655273438
2020-06-22,133.71969604492188
2020-06-23,132.8057403564453
2020-06-24,134.2301483154297
2020-06-25,134.61712646484375
2020-06-26,136.05796813964844
2020-06-29,135.62979125976562
2020-06-30,134.97116088867188
2020-07-01,134.70904541015625
2020-07-02,134.84913635253906
2020-07-06,134.2968292236328
2020-07-07,136.18458557128906
2020-07-08,135.64044189453125
2020-07-09,137.80015563964844
2020-07-10,137.10780334472656
2020-07-13,137.56118774414062
2020-07-14,137.75894165039062
2020-07-15,137.11602783203125
2020-07-16,137.76719665527344
2020-07-17,137.47869873046875
2020-07-20,137.81671142578125
2020-07-21,137.8991241455078
2020-07-22,138.31130981445312
2020-07-23,139.92689514160156
2020-07-24,139.91864013671875
2020-07-27,139.3993682861328
2020-07-28,140.36380004882812
2020-07-29,140.12474060058594
2020-07-30,141.04795837402344
2020-07-31,140.95729064941406
2020-08-03,140.24754333496094
2020-08-04,141.58444213867188
2020-08-05,140.34661865234375
2020-08-06,141.1306610107422
2020-08-07,140.18988037109375
2020-08-10,139.56268310546875
2020-08-11,137.9039306640625
2020-08-12,136.64964294433594
2020-08-13,135.1889190673828
2020-08-14,134.6608123779297
2020-08-17,134.99911499023438
2020-08-18,135.9646759033203
2020-08-19,135.1146697998047
2020-08-20,136.33602905273438
2020-08-21,137.1529541015625
2020-08-24,136.9301300048828
2020-08-25,135.8822021484375
2020-08-26,135.3622589111328
2020-08-27,133.05982971191406
2020-08-28,132.9608612060547
2020-08-31,133.84384155273438
2020-09-01,135.3746795654297
2020-09-02,136.66354370117188
2020-09-03,137.05181884765625
2020-09-04,134.4493865966797
2020-09-08,135.27557373046875
2020-09-09,134.9120330810547
2020-09-10,135.59776306152344
2020-09-11,135.886962890625
2020-09-14,135.878662109375
2020-09-15,135.54820251464844
2020-09-16,135.14341735839844
2020-09-17,135.55645751953125
2020-09-18,135.13511657714844
2020-09-21,135.82086181640625
2020-09-22,135.71339416503906
2020-09-23,135.8951416015625
2020-09-24,136.41561889648438
2020-09-25,136.41561889648438
2020-09-28,136.02735900878906
2020-09-29,136.184326171875
2020-09-30,134.8789520263672
2020-10-01,135.10145568847656
2020-10-02,134.59707641601562
2020-10-05,131.96710205078125
2020-10-06,132.67825317382812
2020-10-07,131.71067810058594
2020-10-08,132.4219512939453
2020-10-09,132.3970947265625
2020-10-12,132.81887817382812
2020-10-13,133.7699432373047
2020-10-14,134.0759735107422
2020-10-15,133.84439086914062
2020-10-16,133.47222900390625
2020-10-19,132.96771240234375
2020-10-20,131.70237731933594
2020-10-21,131.24754333496094
2020-10-22,129.88299560546875
2020-10-23,130.6769256591797
2020-10-26,131.89266967773438
2020-10-27,132.7775115966797
2020-10-28,132.901611328125
2020-10-29,131.6114501953125
2020-10-30,130.3130645751953
2020-11-02,131.28912353515625
2020-11-03,130.52752685546875
2020-11-04,133.3589324951172
2020-11-05,133.5908203125
2020-11-06,131.97634887695312
2020-11-09,129.20285034179688
2020-11-10,128.45762634277344
2020-11-11,128.92135620117188
2020-11-12,131.11526489257812
2020-11-13,130.9414825439453
2020-11-16,130.62681579589844
2020-11-17,131.4796142578125
2020-11-18,131.8603973388672
2020-11-19,132.53921508789062
2020-11-20,133.71493530273438
2020-11-23,133.10227966308594
2020-11-24,131.7776336669922
2020-11-25,131.37193298339844
2020-11-27,132.6469268798828
2020-11-30,132.48138427734375
2020-12-01,130.5279998779297
2020-12-02,129.4920196533203
2020-12-03,130.53623962402344
2020-12-04,128.62179565429688
2020-12-07,129.78207397460938
2020-12-08,130.39537048339844
2020-12-09,129.9644317626953
2020-12-10,131.11636352539062
2020-12-11,131.58045959472656
2020-12-14,131.2157745361328
2020-12-15,130.77664184570312
2020-12-16,130.42855834960938
2020-12-17,130.0833740234375
2020-12-18,129.69346618652344
2020-12-21,130.2078094482422
2020-12-22,130.8798370361328
2020-12-23,129.97555541992188
2020-12-24,130.4899139404297
2020-12-28,130.54806518554688
2020-12-29,130.382080078125
2020-12-30,130.6641387939453
2020-12-31,130.85498046875
2021-01-04,130.697265625
2021-01-05,129.7266845703125
2021-01-06,127.0635986328125
2021-01-07,125.943603515625
2021-01-08,125.53710174560547
2021-01-11,125.32975769042969
2021-01-12,125.23015594482422
2021-01-13,126.6404800415039
2021-01-14,125.45419311523438
2021-01-15,125.95191192626953
2021-01-19,126.35839080810547
2021-01-20,126.48284149169922
2021-01-21,125.5951919555664
2021-01-22,126.00176239013672
2021-01-25,127.48670959472656
2021-01-26,127.24613952636719
2021-01-27,127.56968688964844
2021-01-28,126.86450958251953
2021-01-29,126.10126495361328
2021-02-01,126.24745178222656
2021-02-02,125.43343353271484
2021-02-03,124.32048034667969
2021-02-04,123.98827362060547
2021-02-05,122.95002746582031
2021-02-08,123.48992919921875
2021-02-09,123.58125305175781
2021-02-10,124.4035415649414
2021-02-11,123.72250366210938
2021-02-12,122.1858901977539
2021-02-16,120.3254165649414
2021-02-17,121.08954620361328
2021-02-18,120.59951782226562
2021-02-19,118.99649810791016
2021-02-22,118.09114074707031
2021-02-23,117.75068664550781
2021-02-24,116.97820281982422
2021-02-25,115.06790161132812
2021-02-26,118.87195587158203
2021-03-01,117.30191802978516
2021-03-02,117.31027221679688
2021-03-03,116.03791046142578
2021-03-04,115.28952026367188
2021-03-05,115.51405334472656
2021-03-08,114.61595153808594
2021-03-09,116.20423126220703
2021-03-10,116.43707275390625
2021-03-11,115.59719848632812
2021-03-12,113.14401245117188
2021-03-15,113.80931854248047
2021-03-16,113.35192108154297
2021-03-17,112.50370788574219
2021-03-18,111.36448669433594
2021-03-19,112.05464935302734
2021-03-22,113.31035614013672
2021-03-23,114.33317565917969
2021-03-24,114.94854736328125
2021-03-25,114.04215240478516
2021-03-26,113.6429672241211
2021-03-29,112.6783676147461
2021-03-30,113.268798828125
2021-03-31,112.63672637939453
2021-04-01,114.50621795654297
2021-04-05,114.006591796875
2021-04-06,114.78104400634766
2021-04-07,113.98162078857422
2021-04-08,114.92253875732422
2021-04-09,114.50621795654297
2021-04-12,114.45624542236328
2021-04-13,115.31395721435547
2021-04-14,114.9475326538086
2021-04-15,116.87113952636719
2021-04-16,115.96347045898438
2021-04-19,115.63038635253906
2021-04-20,116.16329956054688
2021-04-21,116.396484375
2021-04-22,116.9044418334961
2021-04-23,116.62966918945312
2021-04-26,116.4631118774414
2021-04-27,115.44723510742188
2021-04-28,115.52217864990234
2021-04-29,115.18071746826172
2021-04-30,115.44723510742188
2021-05-03,115.51638793945312
2021-05-04,116.30034637451172
2021-05-05,116.49211120605469
2021-05-06,116.68388366699219
2021-05-07,116.10847473144531
2021-05-10,114.93267059326172
2021-05-11,114.28216552734375
2021-05-12,113.08133697509766
2021-05-13,113.25645446777344
2021-05-14,114.31549835205078
2021-05-17,114.07366180419922
2021-05-18,113.78182983398438
2021-05-19,113.50663757324219
2021-05-20,114.44062042236328
2021-05-21,114.80754852294922
2021-05-24,115.23284912109375
2021-05-25,116.30034637451172
2021-05-26,116.10015869140625
2021-05-27,115.63312530517578
2021-05-28,115.44973754882812
2021-06-01,115.4238052368164
2021-06-02,115.6910400390625
2021-06-03,115.25676727294922
2021-06-04,116.8351821899414
2021-06-07,116.4760971069336
2021-06-08,117.2945327758789
2021-06-09,118.330078125
2021-06-10,119.03995513916016
2021-06-11,118.84788513183594
2021-06-14,117.93756103515625
2021-06-15,117.79557037353516
2021-06-16,117.69539642333984
2021-06-17,119.45746612548828
2021-06-18,121.70401763916016
2021-06-21,119.66631317138672
2021-06-22,119.95858764648438
2021-06-23,119.64961242675781
2021-06-24,119.84168243408203
2021-06-25,118.5973129272461
2021-06-28,119.81663513183594
2021-06-29,120.01705169677734
2021-06-30,120.55155181884766
2021-07-01,120.55821228027344
2021-07-02,121.28571319580078
2021-07-06,122.70722961425781
2021-07-07,123.79438018798828
2021-07-08,124.2794418334961
2021-07-09,122.53166961669922
2021-07-12,122.37281036376953
2021-07-13,121.43624877929688
2021-07-14,122.81600952148438
2021-07-15,124.17074584960938
2021-07-16,123.93659973144531
2021-07-19,126.65432739257812
2021-07-20,125.43340301513672
2021-07-21,123.84457397460938
2021-07-22,125.01522827148438
2021-07-23,124.17908477783203
2021-07-26,123.81114959716797
2021-07-27,125.13237762451172
2021-07-28,125.1406478881836
2021-07-29,124.4466552734375
2021-07-30,125.03201293945312
2021-08-02,126.14725494384766
2021-08-03,126.21422576904297
2021-08-04,126.4737319946289
2021-08-05,125.82904052734375
2021-08-06,123.72755432128906
2021-08-09,123.2838134765625
2021-08-10,122.71456146240234
2021-08-11,122.63912200927734
2021-08-12,122.43822479248047
2021-08-13,124.37222290039062
2021-08-16,124.67372131347656
2021-08-17,124.62340545654297
2021-08-18,125.04205322265625
2021-08-19,125.9630126953125
2021-08-20,126.04670715332031
2021-08-23,125.9630126953125
2021-08-24,124.9834976196289
2021-08-25,123.94523620605469
2021-08-26,124.28852844238281
2021-08-27,125.13414001464844
2021-08-30,125.46070861816406
2021-08-31,124.60665893554688
2021-09-01,124.81541442871094
2021-09-02,125.36036682128906
2021-09-03,124.22022247314453
2021-09-07,123.17237854003906
2021-09-08,124.01063537597656
2021-09-09,125.51119232177734
2021-09-10,124.40459442138672
2021-09-13,125.15914154052734
2021-09-14,126.67649841308594
2021-09-15,126.23208618164062
2021-09-16,125.65371704101562
2021-09-17,125.05015563964844
2021-09-20,126.60099792480469
2021-09-21,126.49205780029297
2021-09-22,127.24649047851562
2021-09-23,124.37116241455078
2021-09-24,123.15560150146484
2021-09-27,122.70289611816406
2021-09-28,120.79156494140625
2021-09-29,121.00111389160156
2021-09-30,120.98442077636719
2021-10-01,122.00248718261719
2021-10-04,121.69192504882812
2021-10-05,120.516845703125
2021-10-06,121.19676971435547
2021-10-07,119.92928314208984
2021-10-08,119.08989715576172
2021-10-11,118.78773498535156
2021-10-12,120.81902313232422
2021-10-13,121.99410247802734
2021-10-14,122.44739532470703
2021-10-15,121.73389434814453
2021-10-18,122.30473327636719
2021-10-19,120.61752319335938
2021-10-20,119.80337524414062
2021-10-21,119.66069030761719
2021-10-22,120.97850036621094
2021-10-25,120.79380798339844
2021-10-26,121.79273223876953
2021-10-27,124.0085678100586
2021-10-28,123.58893585205078
2021-10-29,123.9666748046875
2021-11-01,123.07412719726562
2021-11-02,123.620361328125
2021-11-03,122.34288024902344
2021-11-04,123.62875366210938
2021-11-05,125.47777557373047
2021-11-08,125.24247741699219
2021-11-09,126.87285614013672
2021-11-10,124.55329132080078
2021-11-11,124.3684310913086
2021-11-12,123.82202911376953
2021-11-15,122.2672348022461
2021-11-16,121.95628356933594
2021-11-17,122.92279052734375
2021-11-18,123.38507080078125
2021-11-19,124.68775177001953
2021-11-22,123.22541046142578
2021-11-23,121.44361877441406
2021-11-24,123.39348602294922
2021-11-26,126.5114974975586
2021-11-29,125.49456787109375
2021-11-30,127.40238189697266
2021-12-01,128.18829345703125
2021-12-02,128.3481903076172
2021-12-03,129.8795928955078
2021-12-06,128.095703125
2021-12-07,127.0607681274414
2021-12-08,124.86451721191406
2021-12-09,125.56287384033203
2021-12-10,125.25999450683594
2021-12-13,127.11122131347656
2021-12-14,126.80830383300781
2021-12-15,125.58818054199219
2021-12-16,125.63702392578125
2021-12-17,127.06075286865234
2021-12-20,126.10873413085938
2021-12-21,125.6286392211914
2021-12-22,126.20984649658203
2021-12-23,125.11476135253906
2021-12-27,125.41802215576172
2021-12-28,124.9209976196289
2021-12-29,123.5562744140625
2021-12-30,124.59245300292969
2021-12-31,124.8367691040039
2022-01-03,121.55970764160156
2022-01-04,121.05426025390625
2022-01-05,120.39728546142578
2022-01-06,120.70893096923828
2022-01-07,119.84123229980469
2022-01-10,120.13609313964844
2022-01-11,120.93638610839844
2022-01-12,120.47306823730469
2022-01-13,121.54290008544922
2022-01-14,119.70650482177734
2022-01-18,118.02165985107422
2022-01-19,118.83880615234375
2022-01-20,119.57168579101562
2022-01-21,120.99535369873047
2022-01-24,120.00127410888672
2022-01-25,119.80754089355469
2022-01-26,118.3585433959961
2022-01-27,120.53199768066406
2022-01-28,120.57410430908203
2022-01-31,119.9507064819336
2022-02-01,119.5525894165039
2022-02-02,119.95751953125
2022-02-03,119.02108764648438
2022-02-04,117.26646423339844
2022-02-07,117.3423843383789
2022-02-08,116.55787658691406
2022-02-09,116.77715301513672
2022-02-10,114.92134094238281
2022-02-11,116.62535095214844
2022-02-14,115.17440795898438
2022-02-15,113.8668212890625
2022-02-16,114.54173278808594
2022-02-17,115.3936996459961
2022-02-18,116.60847473144531
2022-02-22,116.9122543334961
2022-02-23,115.30094909667969
2022-02-24,115.37686920166016
2022-02-25,115.46119689941406
2022-02-28,117.99197387695312
2022-03-01,119.35614776611328
2022-03-02,115.27623748779297
2022-03-03,116.45040130615234
2022-03-04,118.4607925415039
2022-03-07,117.55696105957031
2022-03-08,116.37438201904297
2022-03-09,115.23402404785156
2022-03-10,113.57842254638672
2022-03-11,113.95850372314453
2022-03-14,111.29767608642578
2022-03-15,111.10343170166016
2022-03-16,112.19306945800781
2022-03-17,111.35682678222656
2022-03-18,112.71681213378906
2022-03-21,110.10668182373047
2022-03-22,108.69605255126953
2022-03-23,111.07807922363281
2022-03-24,110.20806121826172
2022-03-25,108.67916870117188
2022-03-28,109.6082992553711
2022-03-29,110.43611907958984
2022-03-30,111.29767608642578
2022-03-31,111.56803131103516
2022-04-01,111.99273681640625
2022-04-04,111.21441650390625
2022-04-05,108.7017822265625
2022-04-06,107.82195281982422
2022-04-07,107.00979614257812
2022-04-08,105.85079193115234
2022-04-11,104.17571258544922
2022-04-12,104.03190612792969
2022-04-13,104.243408203125
2022-04-14,102.15379333496094
2022-04-18,101.64617919921875
2022-04-19,100.88479614257812
2022-04-20,102.9151840209961
2022-04-21,102.15379333496094
2022-04-22,101.51081085205078
2022-04-25,102.52603149414062
2022-04-26,103.55812072753906
2022-04-27,102.2299575805664
2022-04-28,102.38220977783203
2022-04-29,101.05400085449219
2022-05-02,99.30238342285156
2022-05-03,99.97184753417969
2022-05-04,100.52268981933594
2022-05-05,97.76851654052734
2022-05-06,96.32784271240234
2022-05-09,97.17530822753906
2022-05-10,98.05662536621094
2022-05-11,99.94641876220703
2022-05-12,99.7599868774414
2022-05-13,98.28544616699219
2022-05-16,98.18372344970703
2022-05-17,96.99734497070312
2022-05-18,99.0650863647461
2022-05-19,99.30238342285156
2022-05-20,100.42945098876953
2022-05-23,98.77694702148438
2022-05-24,100.72604370117188
2022-05-25,101.12435150146484
2022-05-26,100.6667251586914
2022-05-27,100.91248321533203
2022-05-31,98.77694702148438
2022-06-01,98.66402435302734
2022-06-02,98.71495056152344
2022-06-03,98.50275421142578
2022-06-06,96.68600463867188
2022-06-07,97.7302017211914
2022-06-08,96.86429595947266
2022-06-09,97.18687438964844
2022-06-10,96.58415222167969
2022-06-13,93.55341339111328
2022-06-14,92.37336730957031
2022-06-15,94.09669494628906
2022-06-16,94.84378814697266
2022-06-17,95.14942169189453
2022-06-21,93.53642272949219
2022-06-22,96.10872650146484
2022-06-23,96.89823913574219
2022-06-24,95.55690002441406
2022-06-27,94.741943359375
2022-06-28,95.18338012695312
2022-06-29,96.66903686523438
2022-06-30,97.51795959472656
2022-07-01,98.51913452148438
2022-07-05,99.293212890625
2022-07-06,97.62598419189453
2022-07-07,96.76687622070312
2022-07-08,95.6950912475586
2022-07-11,97.34527587890625
2022-07-12,97.9237289428711
2022-07-13,99.04653930664062
2022-07-14,98.2384262084961
2022-07-15,98.79136657714844
2022-07-18,97.76210021972656
2022-07-19,97.23468780517578
2022-07-20,97.4898910522461
2022-07-21,99.17411041259766
2022-07-22,100.84136199951172
2022-07-25,99.85464477539062
2022-07-26,99.93113708496094
2022-07-27,99.3697738647461
2022-07-28,100.16085052490234
2022-07-29,99.888671875
2022-08-01,102.29432678222656
2022-08-02,100.12984466552734
2022-08-03,101.70631408691406
2022-08-04,101.6722412109375
2022-08-05,99.25205993652344
2022-08-08,100.85414123535156
2022-08-09,100.46215057373047
2022-08-10,99.80599212646484
2022-08-11,97.47957611083984
2022-08-12,98.46806335449219
2022-08-15,98.3828353881836
2022-08-16,98.79190826416016
2022-08-17,97.76074981689453
2022-08-18,97.90567016601562
2022-08-19,96.32913208007812
2022-08-22,96.00534057617188
2022-08-23,95.47696685791016
2022-08-24,94.7781982421875
2022-08-25,96.09906768798828
2022-08-26,96.82341766357422
2022-08-29,96.02236938476562
2022-08-30,96.2609634399414
2022-08-31,95.34063720703125
2022-09-01,93.59512329101562
2022-09-02,94.12458038330078
2022-09-06,91.793212890625
2022-09-07,93.24498748779297
2022-09-08,92.28854370117188
2022-09-09,92.49345397949219
2022-09-12,91.73343658447266
2022-09-13,91.9469985961914
2022-09-14,92.2629165649414
2022-09-15,92.20314025878906
2022-09-16,91.43456268310547
2022-09-19,91.64806365966797
2022-09-20,90.73431396484375
2022-09-21,92.25439453125
2022-09-22,89.89739990234375
2022-09-23,90.26461029052734
2022-09-26,88.53958129882812
2022-09-27,86.20826721191406
2022-09-28,89.09469604492188
2022-09-29,88.63353729248047
2022-09-30,87.48920440673828
2022-10-03,88.87940216064453
2022-10-04,88.63111877441406
2022-10-05,87.78369140625
2022-10-06,87.2957534790039
2022-10-07,86.44830322265625
2022-10-10,85.10437774658203
2022-10-11,85.48101806640625
2022-10-12,85.90048217773438
2022-10-13,85.0787124633789
2022-10-14,84.37675476074219
2022-10-17,83.96586608886719
2022-10-18,84.16276550292969
2022-10-19,82.63053894042969
2022-10-20,81.21810913085938
2022-10-21,79.75433349609375
2022-10-24,79.09519958496094
2022-10-25,81.39786529541016
2022-10-26,82.57060241699219
2022-10-27,83.43514251708984
2022-10-28,82.86164093017578
2022-10-31,82.27098846435547
2022-11-01,83.03987884521484
2022-11-02,82.6794662475586
2022-11-03,82.23326110839844
2022-11-04,80.8516845703125
2022-11-07,80.04505157470703
2022-11-08,80.9203109741211
2022-11-09,81.18633270263672
2022-11-10,84.30989074707031
2022-11-11,84.00094604492188
2022-11-14,83.79503631591797
2022-11-15,85.1508560180664
2022-11-16,87.012939453125
2022-11-17,86.0947494506836
2022-11-18,85.50265502929688
2022-11-21,85.8630599975586
2022-11-22,87.08159637451172
2022-11-23,88.60047149658203
2022-11-25,88.30011749267578
2022-11-28,88.5489730834961
2022-11-29,87.5106430053711
2022-11-30,88.15423583984375
2022-12-01,90.97040557861328
2022-12-02,92.1144027709961
2022-12-05,90.82418060302734
2022-12-06,91.9940185546875
2022-12-07,94.1615982055664
2022-12-08,93.90352630615234
2022-12-09,91.46065521240234
2022-12-12,91.75313568115234
2022-12-13,92.63912200927734
2022-12-14,93.03478240966797
2022-12-15,93.39779663085938
2022-12-16,92.35447692871094
2022-12-19,90.80244445800781
2022-12-20,89.19003295898438
2022-12-21,89.41423797607422
2022-12-22,89.39698791503906
2022-12-23,88.08641052246094
2022-12-27,86.34465789794922
2022-12-28,85.83595275878906
2022-12-29,86.81027221679688
2022-12-30,85.84456634521484
2023-01-03,87.48282623291016
2023-01-04,88.68133544921875
2023-01-05,89.0521011352539
2023-01-06,90.69036102294922
2023-01-09,91.17322540283203
2023-01-10,89.66425323486328
2023-01-11,91.12147521972656
2023-01-12,92.91494750976562
2023-01-13,92.04407501220703
2023-01-17,91.44910430908203
2023-01-18,93.66508483886719
2023-01-19,93.0787582397461
2023-01-20,91.5698471069336
2023-01-23,91.13872528076172
2023-01-24,92.44932556152344
2023-01-25,92.67353820800781
2023-01-26,92.24238586425781
2023-01-27,92.00957489013672
2023-01-30,91.67328643798828
2023-01-31,92.40621185302734
2023-02-01,93.51702880859375
2023-02-02,93.6380386352539
2023-02-03,92.23761749267578
2023-02-06,91.55472564697266
2023-02-07,90.81991577148438
2023-02-08,91.25214385986328
2023-02-09,90.38770294189453
2023-02-10,89.37628173828125
2023-02-13,90.12836456298828
2023-02-14,89.9208755493164
2023-02-15,89.08238220214844
2023-02-16,87.82028198242188
2023-02-17,88.5031967163086
2023-02-21,86.78289794921875
2023-02-22,87.5782241821289
2023-02-23,88.43402099609375
2023-02-24,87.28431701660156
2023-02-27,87.52635192871094
2023-02-28,87.92401123046875
2023-03-01,86.97942352294922
2023-03-02,86.2081527709961
2023-03-03,88.29662322998047
2023-03-06,87.61205291748047
2023-03-07,88.1492919921875
2023-03-08,88.23594665527344
2023-03-09,88.45262145996094
2023-03-10,91.50297546386719
2023-03-13,91.71102142333984
2023-03-14,90.20311737060547
2023-03-15,91.94496154785156
2023-03-16,91.22566986083984
2023-03-17,92.59491729736328
2023-03-20,91.78031921386719
2023-03-21,90.99171447753906
2023-03-22,92.20494842529297
2023-03-23,92.20494842529297
2023-03-24,92.59491729736328
2023-03-27,90.41976928710938
2023-03-28,90.58444213867188
2023-03-29,90.40245819091797
2023-03-30,90.81840515136719
2023-03-31,92.178955078125
2023-04-03,92.61245727539062
2023-04-04,93.07292938232422
2023-04-05,94.04595947265625
2023-04-06,94.28923797607422
2023-04-10,92.76887512207031
2023-04-11,92.95999145507812
2023-04-12,92.86439514160156
2023-04-13,92.13462829589844
2023-04-14,91.29190826416016
2023-04-17,90.2059326171875
2023-04-18,90.52737426757812
2023-04-19,90.44050598144531
2023-04-20,91.2137451171875
2023-04-21,90.70114135742188
2023-04-24,91.57862091064453
2023-04-25,92.92525482177734
2023-04-26,91.93480682373047
2023-04-27,91.02259826660156
2023-04-28,92.4908218383789
2023-05-01,89.82392120361328
2023-05-02,92.06230926513672
2023-05-03,92.57617950439453
2023-05-04,91.66166687011719
2023-05-05,91.35681915283203
2023-05-08,90.07649230957031
2023-05-09,89.75422668457031
2023-05-10,90.62522888183594
2023-05-11,91.58328247070312
2023-05-12,90.81681060791016
2023-05-15,89.87615966796875
2023-05-16,89.60616302490234
2023-05-17,89.3448715209961
2023-05-18,88.68291473388672
2023-05-19,88.05584716796875
2023-05-22,87.7422866821289
2023-05-23,87.99484252929688
2023-05-24,87.55937194824219
2023-05-25,87.34162139892578
2023-05-26,88.047119140625
2023-05-30,88.92680358886719
2023-05-31,89.70194244384766
2023-06-01,90.05392456054688
2023-06-02,89.06709289550781
2023-06-05,88.90116882324219
2023-06-06,89.4251480102539
2023-06-07,88.09774780273438
2023-06-08,89.12821960449219
2023-06-09,89.00593566894531
2023-06-12,89.26793670654297
2023-06-13,88.38589477539062
2023-06-14,89.0932846069336
2023-06-15,89.94911193847656
2023-06-16,89.59977722167969
2023-06-20,90.21984100341797
2023-06-21,90.43816375732422
2023-06-22,89.3465576171875
2023-06-23,90.2373046875
2023-06-26,90.33338165283203
2023-06-27,90.0975341796875
2023-06-28,90.4818344116211
2023-06-29,88.8487548828125
2023-06-30,89.89673614501953
2023-07-03,89.38707733154297
2023-07-05,88.5376968383789
2023-07-06,87.28551483154297
2023-07-07,86.76013946533203
2023-07-10,86.87393951416016
2023-07-11,87.32054901123047
2023-07-12,88.29252624511719
2023-07-13,89.22071075439453
2023-07-14,88.6953125
2023-07-17,88.73909759521484
2023-07-18,89.14191436767578
2023-07-19,90.14888763427734
2023-07-20,89.0543212890625
2023-07-21,89.08059692382812
2023-07-24,88.75660705566406
2023-07-25,88.5902099609375
2023-07-26,88.67781066894531
2023-07-27,86.95276641845703
2023-07-28,87.39933776855469
2023-07-31,87.60946655273438
2023-08-01,86.1738510131836
2023-08-02,85.25187683105469
2023-08-03,83.28498077392578
2023-08-04,84.76017761230469
2023-08-07,83.9260025024414
2023-08-08,84.90067291259766
2023-08-09,85.33967590332031
2023-08-10,83.93477630615234
2023-08-11,83.74158477783203
2023-08-14,83.55721282958984
2023-08-15,83.04792785644531
2023-08-16,82.39813995361328
2023-08-17,82.04691314697266
2023-08-18,82.33668518066406
2023-08-21,81.23908233642578
2023-08-22,81.8625259399414
2023-08-23,83.890869140625
2023-08-24,83.33769226074219
2023-08-25,83.6098861694336
2023-08-28,83.69769287109375
2023-08-29,84.56697845458984
2023-08-30,84.47918701171875
2023-08-31,84.85675048828125
2023-09-01,83.5347900390625
2023-09-05,82.36346435546875
2023-09-06,82.56602478027344
2023-09-07,82.7950210571289
2023-09-08,83.11207580566406
2023-09-11,82.51319885253906
2023-09-12,82.98876190185547
2023-09-13,82.97115325927734
2023-09-14,82.37226867675781
2023-09-15,81.87027740478516
2023-09-18,82.33705139160156
2023-09-19,81.72937774658203
2023-09-20,81.98478698730469
2023-09-21,79.87989044189453
2023-09-22,80.52281188964844
2023-09-25,78.54121398925781
2023-09-26,78.26819610595703
2023-09-27,77.86309051513672
2023-09-28,78.10086822509766
2023-09-29,78.10968780517578
2023-10-02,76.8021011352539
2023-10-03,75.14995574951172
2023-10-04,76.21015930175781
2023-10-05,75.83025360107422
2023-10-06,74.91140747070312
2023-10-09,76.66956329345703
2023-10-10,76.56356048583984
2023-10-11,78.16267395019531
2023-10-12,76.04229736328125
2023-10-13,77.40287017822266
2023-10-16,76.15713500976562
2023-10-17,75.31781768798828
2023-10-18,74.65521240234375
2023-10-19,73.12677764892578
2023-10-20,73.5419921875
2023-10-23,74.42550659179688
2023-10-24,75.40618896484375
2023-10-25,73.72755432128906
2023-10-26,74.85843658447266
2023-10-27,74.54035186767578
2023-10-30,74.20462036132812
2023-10-31,73.84239196777344
2023-11-01,75.44345092773438
2023-11-02,77.16332244873047
2023-11-03,77.68637084960938
2023-11-06,76.932861328125
2023-11-07,78.06758880615234
2023-11-08,79.39737701416016
2023-11-09,77.57112884521484
2023-11-10,78.00553131103516
2023-11-13,77.82821655273438
2023-11-14,79.5924072265625
2023-11-15,78.47537231445312
2023-11-16,79.45057678222656
2023-11-17,79.82293701171875
2023-11-20,80.31050109863281
2023-11-21,80.27499389648438
2023-11-22,80.5587387084961
2023-11-24,79.61017608642578
2023-11-27,80.93992614746094
2023-11-28,81.09951782226562
2023-11-29,82.1190185546875
2023-11-30,81.17044067382812
2023-12-01,82.69920349121094
2023-12-04,82.3701400756836
2023-12-05,84.13990020751953
2023-12-06,85.26049041748047
2023-12-07,84.77133178710938
2023-12-08,84.07763671875
2023-12-11,83.89979553222656
2023-12-12,84.1488265991211
2023-12-13,86.12313079833984
2023-12-14,88.36347198486328
2023-12-15,88.46159362792969
2023-12-18,87.75674438476562
2023-12-19,88.2296142578125
2023-12-20,88.82740020751953
2023-12-21,88.26530456542969
2023-12-22,87.86382293701172
2023-12-26,88.1136474609375
2023-12-27,89.67499542236328
2023-12-28,89.02366638183594
2023-12-29,88.22071838378906
2024-01-02,87.71214294433594
2024-01-03,88.07796478271484
2024-01-04,86.73966979980469
2024-01-05,85.90990447998047
2024-01-08,86.75750732421875
2024-01-09,86.20433044433594
2024-01-10,85.80284881591797
2024-01-11,86.28463745117188
2024-01-12,86.11510467529297
2024-01-16,84.59837341308594
2024-01-17,84.46454620361328
2024-01-18,83.67938232421875
2024-01-19,83.94705200195312
2024-01-22,84.44670104980469
2024-01-23,83.77754211425781
2024-01-24,83.28680419921875
2024-01-25,83.8310775756836
2024-01-26,83.67046356201172
2024-01-29,84.63406372070312
2024-01-30,85.40133666992188
2024-01-31,86.2400131225586
2024-02-01,87.93171691894531
2024-02-02,85.98941040039062
2024-02-05,84.25296020507812
2024-02-06,85.07643127441406
2024-02-07,84.66468811035156
2024-02-08,84.17241668701172
2024-02-09,84.0023422241211
2024-02-12,84.1008071899414
2024-02-13,82.65974426269531
2024-02-14,83.08042907714844
2024-02-15,83.51006317138672
2024-02-16,83.02674102783203
2024-02-20,83.09831237792969
2024-02-21,82.50758361816406
2024-02-22,82.91033935546875
2024-02-23,84.02024841308594
2024-02-26,83.76958465576172
2024-02-27,83.17888641357422
2024-02-28,83.70696258544922
2024-02-29,84.29772186279297
2024-03-01,84.82298278808594
2024-03-04,84.48178100585938
2024-03-05,85.6849136352539
2024-03-06,86.1877670288086
2024-03-07,86.1069564819336
2024-03-08,85.95431518554688
2024-03-11,85.9094009399414
2024-03-12,85.19109344482422
2024-03-13,84.77806091308594
2024-03-14,83.47615051269531
2024-03-15,83.4491958618164
2024-03-18,83.19783782958984
2024-03-19,83.43124389648438
2024-03-20,83.404296875
2024-03-21,83.58390808105469
2024-03-22,84.38300323486328
2024-03-25,83.96101379394531
2024-03-26,84.1944351196289
2024-03-27,85.02947998046875
2024-03-28,84.95764923095703
2024-04-01,83.37394714355469
2024-04-02,82.9145278930664
2024-04-03,82.89649200439453
2024-04-04,83.49108123779297
2024-04-05,82.3289566040039
2024-04-08,82.31996154785156
2024-04-09,83.0856704711914
2024-04-10,81.27497863769531
2024-04-11,80.90563201904297
2024-04-12,81.33800506591797
2024-04-15,80.07682800292969
2024-04-16,79.54531860351562
2024-04-17,80.42814636230469
2024-04-18,80.02279663085938
2024-04-19,80.31108093261719
2024-04-22,80.1759262084961
2024-04-23,80.20294952392578
2024-04-24,79.63544464111328
2024-04-25,79.07686614990234
2024-04-26,79.49127197265625
2024-04-29,80.15790557861328
2024-04-30,79.47325897216797
2024-05-01,80.0590591430664
2024-05-02,80.40258026123047
2024-05-03,81.2161865234375
2024-05-06,81.53258514404297
2024-05-07,82.02978515625
2024-05-08,81.53258514404297
2024-05-09,81.93035888671875
2024-05-10,81.46930694580078
2024-05-13,81.6772232055664
2024-05-14,82.13827514648438
2024-05-15,83.25923919677734
2024-05-16,83.17790222167969
2024-05-17,82.61739349365234
2024-05-20,82.37332916259766
2024-05-21,82.79821014404297
2024-05-22,82.89763641357422
2024-05-23,82.36427307128906
2024-05-24,82.60836791992188
2024-05-28,81.42410278320312
2024-05-29,80.43873596191406
2024-05-30,81.2161865234375
2024-05-31,81.76763916015625
2024-06-03,83.09019470214844
2024-06-04,84.06077575683594
2024-06-05,84.67760467529297
2024-06-06,84.55062103271484
2024-06-07,82.99949645996094
2024-06-10,82.44615173339844
2024-06-11,83.2988052368164
2024-06-12,83.92472076416016
2024-06-13,85.15838623046875
2024-06-14,85.87495422363281
2024-06-17,85.02232360839844
2024-06-18,85.8023910522461
2024-06-20,85.2309341430664
2024-06-21,85.2309341430664
2024-06-24,85.57564544677734
2024-06-25,85.72077178955078
2024-06-26,84.4961929321289
2024-06-27,84.8318099975586
2024-06-28,83.25347137451172
2024-07-01,81.81659698486328
2024-07-02,82.45359802246094
2024-07-03,83.5364761352539
2024-07-05,84.22805786132812
2024-07-08,84.4100570678711
2024-07-09,84.03697204589844
2024-07-10,84.30084228515625
2024-07-11,85.11983489990234
2024-07-12,85.48381805419922
2024-07-15,84.50105285644531
2024-07-16,85.6931381225586
2024-07-17,85.71133422851562
2024-07-18,85.05614471435547
2024-07-19,84.5556411743164
2024-07-22,84.30995178222656
2024-07-23,84.19165802001953
2024-07-24,83.28168487548828
2024-07-25,83.96415710449219
2024-07-26,84.61935424804688
2024-07-29,85.07433319091797
2024-07-30,85.40193176269531
2024-07-31,86.27550506591797
2024-08-01,87.01962280273438
2024-08-02,89.73128509521484
2024-08-05,90.20606994628906
2024-08-06,88.18830108642578
2024-08-07,87.56744384765625
2024-08-08,87.02877044677734
2024-08-09,87.88700103759766
2024-08-12,88.20655059814453
2024-08-13,88.81825256347656
2024-08-14,89.37520599365234
2024-08-15,88.6539306640625
2024-08-16,88.96436309814453
2024-08-19,89.37520599365234
2024-08-20,90.08734893798828
2024-08-21,90.14215087890625
2024-08-22,89.24738311767578
2024-08-23,89.83170318603516
2024-08-26,89.60345458984375
2024-08-27,89.44825744628906
2024-08-28,89.33867645263672
2024-08-29,89.04653930664062
2024-08-30,88.09695434570312
2024-09-03,89.5378189086914
2024-09-04,90.69197082519531
2024-09-05,91.2049560546875
2024-09-06,91.1957778930664
2024-09-09,91.58965301513672
2024-09-10,92.23084259033203
2024-09-11,92.1575698852539
2024-09-12,91.72704315185547
2024-09-13,91.97438049316406
2024-09-16,92.81709289550781
2024-09-17,92.3682632446289
2024-09-18,91.22325134277344
2024-09-19,90.92098236083984
2024-09-20,90.57290649414062
2024-09-23,90.38055419921875
2024-09-24,90.36222839355469
2024-09-25,89.61112213134766
2024-09-26,89.82179260253906
2024-09-27,90.28895568847656
2024-09-30,89.85844421386719
2024-10-01,90.50721740722656
2024-10-02,89.74446868896484
2024-10-03,88.8990478515625
2024-10-04,87.80549621582031
2024-10-07,87.14386749267578
2024-10-08,87.2908706665039
2024-10-09,86.79466247558594
2024-10-10,86.45465087890625
2024-10-11,86.10546112060547
2024-10-14,86.16975402832031
2024-10-15,87.21736907958984
2024-10-16,87.58494567871094
2024-10-17,86.19733428955078
2024-10-18,86.26167297363281
2024-10-21,84.75458526611328
2024-10-22,84.8373031616211
2024-10-23,84.60755920410156
2024-10-24,85.14977264404297
2024-10-25,84.67188262939453
2024-10-28,84.4421615600586
2024-10-29,84.57080078125
2024-10-30,84.81892395019531
2024-10-31,84.95675659179688
2024-11-01,83.759033203125
2024-11-04,85.05909729003906
2024-11-05,85.51089477539062
2024-11-06,83.16890716552734
2024-11-07,84.21083068847656
2024-11-08,85.28040313720703
2024-11-11,84.865478515625
2024-11-12,83.59306335449219
2024-11-13,82.80010223388672
2024-11-14,83.2795639038086
2024-11-15,83.05825805664062
2024-11-18,83.20576477050781
2024-11-19,83.62993621826172
2024-11-20,83.36253356933594
2024-11-21,83.29801177978516
2024-11-22,83.3440933227539
2024-11-25,85.50170135498047
2024-11-26,85.16976165771484
2024-11-27,85.7598876953125
2024-11-29,86.64502716064453
2024-12-02,86.85321044921875
2024-12-03,86.103759765625
2024-12-04,87.02901458740234
2024-12-05,87.20481872558594
2024-12-06,87.33436584472656
2024-12-09,86.52937316894531
2024-12-10,86.12226104736328
2024-12-11,85.30805206298828
2024-12-12,84.27176666259766
2024-12-13,83.41130065917969
2024-12-16,83.66109466552734
2024-12-17,83.86463165283203
2024-12-18,82.81597900390625
2024-12-19,81.56204223632812
2024-12-20,82.0264663696289
2024-12-23,81.27408599853516
2024-12-24,81.61779022216797
2024-12-26,81.57132720947266
2024-12-27,80.90257263183594
2024-12-30,81.55274963378906
2024-12-31,81.11619567871094
2025-01-02,81.33911895751953
2025-01-03,81.07904815673828
2025-01-06,80.71681213378906
2025-01-07,79.80653381347656
2025-01-08,79.90869140625
2025-01-10,79.37925720214844
2025-01-13,79.35139465332031
2025-01-14,79.22135925292969
2025-01-15,80.5867691040039
2025-01-16,80.8468246459961
2025-01-17,80.98617553710938
2025-01-21,81.7106704711914
2025-01-22,81.28338623046875
2025-01-23,80.65176391601562
2025-01-24,81.01403045654297
2025-01-27,81.97074127197266
2025-01-28,81.9150161743164
2025-01-29,81.74783325195312
2025-01-30,82.0543441772461
2025-01-31,81.5156021118164
2025-02-03,82.17930603027344
2025-02-04,82.43099212646484
2025-02-05,83.79194641113281
2025-02-06,83.75467681884766
2025-02-07,83.21399688720703
2025-02-10,82.96231079101562
2025-02-11,82.43099212646484
2025-02-12,81.31240844726562
2025-02-13,82.66403198242188
2025-02-14,83.10214233398438
2025-02-18,82.12337493896484
2025-02-19,82.22593688964844
2025-02-20,82.53352355957031
2025-02-21,83.53096008300781
2025-02-24,83.7733154296875
2025-02-25,85.21814727783203
2025-02-26,85.72151947021484
2025-02-27,85.1156005859375
2025-02-28,86.15962982177734
2025-03-03,86.56172943115234
2025-03-04,85.49571990966797
2025-03-05,84.81309509277344
2025-03-06,84.53255462646484
2025-03-07,84.26139831542969
2025-03-10,85.14039611816406
2025-03-11,84.53255462646484
2025-03-12,84.02761840820312
2025-03-13,84.766357421875
2025-03-14,84.31748962402344
2025-03-17,84.73828125
2025-03-18,84.82245635986328
2025-03-19,85.26194763183594
2025-03-20,85.31805419921875
2025-03-21,84.81309509277344
2025-03-24,83.94346618652344
2025-03-25,83.93412780761719
2025-03-26,83.38239288330078
2025-03-27,83.13927459716797
2025-03-28,84.28943634033203
2025-03-31,85.12166595458984
2025-04-01,85.85929870605469
2025-04-02,85.80299377441406
2025-04-03,86.19712829589844
2025-04-04,87.13560485839844
2025-04-07,84.5079345703125
2025-04-08,82.91254425048828
2025-04-09,83.40055084228516
2025-04-10,81.1013412475586
2025-04-11,81.54238891601562
2025-04-14,82.1242446899414
2025-04-15,82.41517639160156
2025-04-16,82.87500762939453
2025-04-17,82.14302825927734
2025-04-21,80.70719146728516
2025-04-22,81.15765380859375
2025-04-23,81.94595336914062
2025-04-24,82.80931854248047
2025-04-25,83.41932678222656
2025-04-28,83.9448471069336
2025-04-29,84.648681640625
2025-04-30,83.963623046875
2025-05-01,83.53787994384766
2025-05-02,82.63365173339844
2025-05-05,82.17211151123047
2025-05-06,82.44525909423828
2025-05-07,82.79377746582031
2025-05-08,81.87071228027344
2025-05-09,81.9931640625
2025-05-12,81.230224609375
2025-05-13,80.90054321289062
2025-05-14,80.36363983154297
2025-05-15,81.07006072998047
2025-05-16,81.2867202758789
2025-05-19,81.05125427246094
2025-05-20,80.46726989746094
2025-05-21,79.09207916259766
2025-05-22,79.50650787353516
2025-05-23,79.63838195800781
2025-05-27,80.74984741210938
2025-05-28,80.40133666992188
2025-05-29,81.14543914794922
2025-05-30,81.26788330078125
2025-06-02,80.51154327392578
2025-06-03,80.36973571777344
2025-06-04,81.67440795898438
2025-06-05,81.73112487792969
2025-06-06,80.69117736816406
2025-06-09,80.77626037597656
2025-06-10,81.19224548339844
2025-06-11,81.43804168701172
2025-06-12,82.4118423461914
2025-06-13,81.61769104003906
2025-06-16,80.7951889038086
2025-06-17,81.77839660644531
2025-06-18,81.92021179199219
2025-06-20,81.76895904541016
2025-06-23,82.0336685180664
2025-06-24,82.62925720214844
2025-06-25,82.73328399658203
2025-06-26,83.14924621582031
2025-06-27,82.61983489990234
2025-06-30,83.43289947509766
2025-07-01,83.6397476196289
2025-07-02,83.10834503173828
2025-07-03,82.52947998046875
2025-07-07,81.74185943603516
2025-07-08,81.63748168945312
2025-07-09,82.49153137207031
2025-07-10,82.54845428466797
2025-07-11,81.40974426269531
2025-07-14,81.23892974853516
2025-07-15,80.66957092285156
2025-07-16,80.78343200683594
2025-07-17,80.76444244384766
2025-07-18,80.8878173828125
2025-07-21,81.6090087890625
2025-07-22,82.10247039794922
2025-07-23,81.64697265625
2025-07-24,81.50463104248047
2025-07-25,82.01705932617188
2025-07-28,81.48564910888672
2025-07-29,82.86162567138672
2025-07-30,82.43460845947266
2025-07-31,82.4820556640625
2025-08-01,83.65465545654297
2025-08-04,83.8832778930664
2025-08-05,84.14046478271484
2025-08-06,83.65465545654297
2025-08-07,83.51175689697266
2025-08-08,83.14979553222656
2025-08-11,83.24504852294922
2025-08-12,82.8259048461914
2025-08-13,83.51175689697266
2025-08-14,82.8926010131836
2025-08-15,82.302001953125
2025-08-18,82.06387329101562
2025-08-19,82.54014587402344
2025-08-20,82.72112274169922
2025-08-21,82.31153869628906
2025-08-22,82.92118072509766
2025-08-25,82.68302917480469
2025-08-26,82.63540649414062
2025-08-27,82.54014587402344
2025-08-28,83.08311462402344
2025-08-29,82.4925308227539
2025-09-02,81.8786392211914
2025-09-03,82.7774658203125
2025-09-04,83.40853118896484
2025-09-05,84.6802749633789
2025-09-08,85.80857849121094
2025-09-09,85.32093048095703
2025-09-10,85.80857849121094
2025-09-11,86.3823013305664
2025-09-12,86.0093765258789
2025-09-15,86.21018981933594
2025-09-16,86.39187622070312
2025-09-17,86.17194366455078
2025-09-18,85.28269958496094
2025-09-19,85.12012481689453
2025-09-22,84.81415557861328
2025-09-23,85.40699005126953
2025-09-24,85.08189392089844
2025-09-25,85.08189392089844
2025-09-26,85.00538635253906
2025-09-29,85.70340728759766
2025-09-30,85.4548110961914
2025-10-01,85.67549133300781
2025-10-02,85.92496490478516
2025-10-03,85.76185607910156
2025-10-06,85.08057403564453
2025-10-07,85.5699462890625
2025-10-08,85.6371078491211
2025-10-09,85.5699462890625
2025-10-10,86.95165252685547
2025-10-13,86.90367889404297
2025-10-14,87.18193817138672
2025-10-15,86.99002075195312
2025-10-16,87.64250183105469
2025-10-17,87.50816345214844
2025-10-20,87.843994140625
2025-10-21,88.27579498291016
2025-10-22,88.3333511352539
2025-10-23,87.72886657714844
2025-10-24,87.76724243164062
2025-10-27,88.0646743774414
2025-10-28,88.29499053955078
2025-10-29,87.40262603759766
2025-10-30,86.89408111572266
2025-10-31,86.63500213623047
2025-11-03,86.4183349609375
2025-11-04,86.61094665527344
2025-11-05,85.6672134399414
2025-11-06,86.4375991821289
2025-11-07,86.25463104248047
2025-11-10,86.23536682128906
2025-11-11,86.63018798828125
2025-11-12,86.7842788696289
2025-11-13,86.07166290283203
2025-11-14,85.58055877685547
2025-11-17,85.79238891601562
2025-11-18,85.76350402832031
2025-11-19,85.59017181396484
2025-11-20,85.92721557617188
2025-11-21,86.18721771240234
2025-11-24,86.67833709716797
2025-11-25,86.89983367919922
2025-11-26,87.28502655029297
2025-11-28,86.8709487915039
2025-12-01,85.78950500488281
2025-12-02,85.82816314697266
2025-12-03,86.06977081298828
2025-12-04,85.60588073730469
2025-12-05,85.20965576171875
2025-12-08,84.92937469482422
2025-12-09,85.0163803100586
2025-12-10,85.34495544433594
2025-12-11,85.2289810180664
2025-12-12,84.40752410888672
2025-12-15,84.46550750732422
2025-12-16,84.92937469482422
2025-12-17,84.85208129882812
2025-12-18,85.25798797607422
2025-12-19,84.93976593017578
2025-12-22,84.75541687011719
2025-12-23,84.8912353515625
2025-12-24,85.40544891357422
2025-12-26,85.12409210205078
2025-12-29,85.44425964355469
2025-12-30,85.24050903320312
2025-12-31,84.56138610839844
2026-01-02,84.43525695800781
2026-01-05,84.85243225097656
2026-01-06,84.67781829833984
2026-01-07,85.172607421875
2026-01-08,84.74571228027344
2026-01-09,85.30842590332031
2026-01-12,85.05618286132812
2026-01-13,85.20170593261719
2026-01-14,85.6965103149414
2026-01-15,85.67709350585938
2026-01-16,85.18229675292969
2026-01-20,84.06658935546875
2026-01-21,84.7069091796875
2026-01-22,85.0755844116211
2026-01-23,85.30842590332031
2026-01-26,85.71590423583984
2026-01-27,85.18229675292969
2026-01-28,84.98825073242188
2026-01-29,85.0076675415039
2026-01-30,84.53227233886719
2026-02-02,84.2907485961914
2026-02-03,84.49527740478516
2026-02-04,84.281005859375
2026-02-05,85.19648742675781
2026-02-06,85.2549057006836
2026-02-09,85.23544311523438
2026-02-10,86.21907043457031
2026-02-11,85.76133728027344
2026-02-12,86.90079498291016
2026-02-13,87.37800598144531
2026-02-17,87.52410125732422
2026-02-18,87.1929702758789
2026-02-19,87.28062438964844
2026-02-20,87.07610321044922
2026-02-23,87.39747619628906
2026-02-24,87.55330657958984
2026-02-25,87.56305694580078
2026-02-26,87.91365051269531
2026-02-27,88.44928741455078
2026-03-02,87.56108093261719
2026-03-03,87.38518524169922
2026-03-04,87.1115951538086
2026-03-05,86.75982666015625
2026-03-06,86.43737030029297
2026-03-09,87.18976593017578
2026-03-10,86.26148223876953
2026-03-11,85.14755249023438
2026-03-12,84.9814453125
2026-03-13,84.56126403808594
2026-03-16,85.21595001220703
2026-03-17,85.45047760009766
2026-03-18,84.97166442871094
2026-03-19,85.48955535888672
2026-03-20,83.86750793457031
2026-03-23,84.41470336914062
2026-03-24,84.04339599609375
2026-03-25,84.85440063476562
2026-03-26,84.14110565185547
2026-03-27,83.68183898925781
2026-03-30,84.79579162597656
2026-03-31,84.70783996582031
2026-04-01,84.62445068359375
2026-04-02,85.1444091796875
2026-04-06,85.0070571899414
2026-04-07,84.99725341796875
2026-04-08,85.27194213867188
2026-04-09,85.05610656738281
2026-04-10,84.85008239746094
2026-04-13,85.10516357421875
2026-04-14,85.55643463134766
2026-04-15,85.18364715576172
2026-04-16,84.6440658569336
2026-04-17,85.4190902709961
2026-04-20,85.39947509765625
2026-04-21,84.9285659790039
2026-04-22,85.09535217285156
2026-04-23,84.90895080566406
2026-04-24,85.06592559814453
2026-04-27,84.6440658569336
2026-04-28,84.73237609863281
2026-04-29,84.07506561279297
2026-04-30,83.99658966064453
2026-05-01,84.29690551757812
2026-05-04,83.65687561035156
2026-05-05,84.11967468261719
2026-05-06,84.75970458984375
2026-05-07,84.33629608154297
2026-05-08,84.75970458984375
2026-05-11,84.24767303466797
2026-05-12,83.68641662597656
2026-05-13,83.49933624267578
2026-05-14,83.61749267578125
2026-05-15,82.3768310546875
2026-05-18,82.27835083007812
2026-05-19,81.74663543701172
2026-05-20,82.62297821044922
2026-05-21,82.92823028564453
2026-05-22,83.38117218017578
2026-05-26,83.79472351074219
2026-05-27,83.99166870117188
2026-05-28,84.42491149902344
2026-05-29,84.44461059570312
2026-06-01,84.4900894165039
2026-06-02,84.66801452636719
2026-06-03,84.33191680908203
2026-06-04,84.51973724365234
2026-06-05,84.08477783203125
2026-06-08,83.64982604980469
2026-06-09,84.14409637451172
2026-06-10,83.90684509277344
2026-06-11,84.9942398071289
2026-06-12,84.78663635253906
2026-06-15,84.73721313476562
2026-06-16,85.20182800292969
2026-06-17,85.34022521972656
2026-06-18,85.75540924072266
2026-06-22,85.10297393798828
2026-06-23,85.21170806884766
2026-06-24,86.37818145751953
2026-06-25,86.34852600097656
2026-06-26,86.35841369628906
2026-06-29,86.44738006591797
2026-06-30,85.42918395996094
2026-07-01,84.85173797607422
2026-07-02,84.8418197631836
2026-07-06,84.78227996826172
2026-07-07,83.88932037353516
2026-07-08,83.7008056640625
2026-07-09,83.82978057861328
2026-07-10,83.80994415283203
2026-07-13,83.31385040283203
2026-07-14,83.4229965209961
2026-07-15,83.58174133300781
2026-07-16,83.55197143554688
2026-07-17,83.85954284667969
2026-07-20,83.2344741821289
2026-07-21,83.00627899169922
2026-07-22,82.7879867553711
2026-07-23,82.52009582519531
2026-07-24,82.59947204589844
2026-07-27,83.09556579589844
2026-07-28,83.58174133300781
2026-07-29,82.20259857177734
2026-07-30,82.15299224853516
2026-07-31,81.60728454589844
2026-08-03,81.87625885009766
2026-08-04,82.50385284423828
2026-08-05,82.68316650390625
2026-08-06,82.20499420166016
2026-08-07,82.44408416748047
2026-08-10,81.74674987792969
2026-08-11,81.87625885009766
2026-08-12,81.79656219482422
2026-08-13,82.27472686767578
2026-08-14,81.7268295288086
2026-08-17,81.03946685791016
2026-08-18,81.3482894897461
2026-08-19,82.70308685302734
2026-08-20,82.02568054199219
2026-08-21,81.7367935180664
2026-08-24,82.24484252929688
2026-08-25,83.15137481689453
2026-08-26,82.98202514648438
2026-08-27,82.81266784667969
2026-08-28,82.5636215209961
2026-08-31,82.20499420166016
2026-09-01,81.87000274658203
2026-09-02,81.94999694824219
2026-09-03,82.06999969482422
2026-09-04,82.20999908447266
2026-09-08,82.19999694824219
2026-09-09,81.7300033569336
2026-09-10,80.77999877929688
2026-09-11,80.87000274658203
2026-09-14,80.93000030517578
2026-09-15,80.70999908447266
2026-09-16,80.87999725341797
2026-09-17,81.77999877929688
2026-09-18,81.21499633789062
